filename,actual_class,calibrated_prediction,rejected_as_background,background_group,background_score,best_hazard,best_hazard_score,background_minus_hazard_margin
siren__esc50__fold_4__102871__0000__r0.wav,siren,siren,0,nan,0.1341145783662796,siren,0.6276041865348816,-0.493489608168602
siren__esc50__fold_4__111671__0001__r0.wav,siren,siren,0,nan,0.0045572915114462,siren,0.8196614384651184,-0.8151041469536722
siren__esc50__fold_4__111671__0002__r0.wav,siren,siren,0,nan,0.001953125,siren,0.9856770634651184,-0.9837239384651184
siren__esc50__fold_4__121532__0003__r0.wav,siren,siren,0,nan,0.1614583283662796,siren,0.7265625,-0.5651041716337204
siren__esc50__fold_4__67358__0004__r0.wav,siren,siren,0,nan,0.0007812500116415,siren,0.62109375,-0.6203124999883585
siren__esc50__fold_4__80761__0005__r0.wav,siren,siren,0,nan,0.1041666641831398,siren,0.6627604365348816,-0.5585937723517418
siren__esc50__fold_4__90014__0006__r0.wav,siren,siren,0,nan,0.142578125,siren,0.8072916865348816,-0.6647135615348816
siren__esc50__fold_4__90014__0007__r0.wav,siren,siren,0,nan,0.2037760466337204,siren,0.6783854365348816,-0.4746093899011612
siren__fsd50k__dev__181601__0008__r0.wav,siren,siren,0,nan,0.0198317300528287,siren,0.9128605723381042,-0.8930288422852756
siren__fsd50k__dev__268221__0009__r0.wav,siren,siren,0,nan,0.0,siren,0.99609375,-0.99609375
siren__fsd50k__dev__320767__0010__r0.wav,siren,siren,0,nan,0.109375,siren,0.8070913553237915,-0.6977163553237915
siren__fsd50k__dev__324275__0011__r0.wav,siren,background_other,1,nan,0.388671875,siren,0.2102864533662796,0.1783854216337204
siren__fsd50k__dev__34733__0012__r0.wav,siren,siren,0,nan,0.1484375,siren,0.6286057829856873,-0.48016828298568726
siren__fsd50k__dev__34952__0013__r0.wav,siren,siren,0,nan,0.1673677861690521,siren,0.3768028914928436,-0.20943510532379148
siren__fsd50k__dev__353265__0014__r0.wav,siren,siren,0,nan,0.1018629819154739,siren,0.766526460647583,-0.6646634787321091
siren__fsd50k__dev__353956__0015__r0.wav,siren,siren,0,nan,0.2049278914928436,siren,0.5853365659713745,-0.3804086744785309
siren__fsd50k__dev__382620__0016__r0.wav,siren,siren,0,nan,0.0182291660457849,siren,0.7005208134651184,-0.6822916474193335
siren__fsd50k__dev__388972__0017__r0.wav,siren,siren,0,nan,0.0889423042535781,siren,0.8840144276618958,-0.7950721234083177
siren__fsd50k__dev__421017__0018__r0.wav,siren,siren,0,nan,0.0970552861690521,siren,0.76953125,-0.6724759638309479
siren__fsd50k__dev__62878__0019__r0.wav,siren,siren,0,nan,0.0013020833721384,siren,0.9137369990348816,-0.9124349156627432
chainsaw__esc50__fold_4__149294__0000__r0.wav,chainsaw,chainsaw,0,nan,0.0501302070915699,chainsaw,0.8665364384651184,-0.8164062313735485
chainsaw__esc50__fold_4__149294__0001__r0.wav,chainsaw,chainsaw,0,nan,0.0345052070915699,chainsaw,0.8268229365348816,-0.7923177294433117
chainsaw__esc50__fold_4__157611__0002__r0.wav,chainsaw,chainsaw,0,nan,0.052734375,chainsaw,0.91796875,-0.865234375
chainsaw__esc50__fold_4__157611__0003__r0.wav,chainsaw,chainsaw,0,nan,0.078125,chainsaw,0.8684895634651184,-0.7903645634651184
chainsaw__esc50__fold_4__165823__0004__r0.wav,chainsaw,chainsaw,0,nan,0.046875,chainsaw,0.900390625,-0.853515625
chainsaw__esc50__fold_4__165823__0005__r0.wav,chainsaw,chainsaw,0,nan,0.1080729141831398,chainsaw,0.7903645634651184,-0.6822916492819786
chainsaw__esc50__fold_4__169127__0006__r0.wav,chainsaw,background_other,1,nan,0.419921875,chainsaw,0.392578125,0.02734375
chainsaw__esc50__fold_4__169127__0007__r0.wav,chainsaw,chainsaw,0,nan,0.016927083954215,chainsaw,0.9622395634651184,-0.9453124795109034
gunshot_gunfire__fsd50k__dev__100465__0000__r0.wav,gunshot_gunfire,gunshot_gunfire,0,nan,0.0859375,gunshot_gunfire,0.8828125,-0.796875
gunshot_gunfire__fsd50k__dev__115295__0001__r0.wav,gunshot_gunfire,gunshot_gunfire,0,nan,0.01171875,gunshot_gunfire,0.98828125,-0.9765625
gunshot_gunfire__fsd50k__dev__128979__0002__r0.wav,gunshot_gunfire,gunshot_gunfire,0,nan,0.416015625,gunshot_gunfire,0.517578125,-0.1015625
gunshot_gunfire__fsd50k__dev__128981__0003__r0.wav,gunshot_gunfire,gunshot_gunfire,0,nan,0.1853966414928436,gunshot_gunfire,0.676682710647583,-0.4912860691547394
gunshot_gunfire__fsd50k__dev__137034__0004__r0.wav,gunshot_gunfire,gunshot_gunfire,0,nan,0.11328125,gunshot_gunfire,0.84765625,-0.734375
gunshot_gunfire__fsd50k__dev__138679__0005__r0.wav,gunshot_gunfire,gunshot_gunfire,0,nan,0.45703125,gunshot_gunfire,0.51953125,-0.0625
gunshot_gunfire__fsd50k__dev__146323__0006__r0.wav,gunshot_gunfire,gunshot_gunfire,0,nan,0.18359375,gunshot_gunfire,0.80859375,-0.625
gunshot_gunfire__fsd50k__dev__147317__0007__r0.wav,gunshot_gunfire,gunshot_gunfire,0,nan,0.05859375,gunshot_gunfire,0.9140625,-0.85546875
gunshot_gunfire__fsd50k__dev__147901__0008__r0.wav,gunshot_gunfire,gunshot_gunfire,0,nan,0.140625,gunshot_gunfire,0.8515625,-0.7109375
gunshot_gunfire__fsd50k__dev__148166__0009__r0.wav,gunshot_gunfire,background_other,1,nan,0.73828125,thunderstorm,0.10546875,0.6328125
gunshot_gunfire__fsd50k__dev__149177__0010__r0.wav,gunshot_gunfire,gunshot_gunfire,0,nan,0.17578125,gunshot_gunfire,0.73046875,-0.5546875
gunshot_gunfire__fsd50k__dev__150139__0011__r0.wav,gunshot_gunfire,gunshot_gunfire,0,nan,0.02734375,gunshot_gunfire,0.958984375,-0.931640625
gunshot_gunfire__fsd50k__dev__155654__0012__r0.wav,gunshot_gunfire,background_other,1,nan,0.3625000119209289,gunshot_gunfire,0.344531238079071,0.01796877384185791
gunshot_gunfire__fsd50k__dev__155790__0013__r0.wav,gunshot_gunfire,gunshot_gunfire,0,nan,0.05078125,gunshot_gunfire,0.740234375,-0.689453125
gunshot_gunfire__fsd50k__dev__156904__0014__r0.wav,gunshot_gunfire,gunshot_gunfire,0,nan,0.109375,gunshot_gunfire,0.859375,-0.75
gunshot_gunfire__fsd50k__dev__160590__0015__r0.wav,gunshot_gunfire,gunshot_gunfire,0,nan,0.08984375,gunshot_gunfire,0.91015625,-0.8203125
gunshot_gunfire__fsd50k__dev__161195__0016__r0.wav,gunshot_gunfire,gunshot_gunfire,0,nan,0.00390625,gunshot_gunfire,0.99609375,-0.9921875
gunshot_gunfire__fsd50k__dev__161475__0017__r0.wav,gunshot_gunfire,gunshot_gunfire,0,nan,0.01953125,gunshot_gunfire,0.96484375,-0.9453125
gunshot_gunfire__fsd50k__dev__162455__0018__r0.wav,gunshot_gunfire,gunshot_gunfire,0,nan,0.03125,gunshot_gunfire,0.83203125,-0.80078125
gunshot_gunfire__fsd50k__dev__164020__0019__r0.wav,gunshot_gunfire,gunshot_gunfire,0,nan,0.169921875,gunshot_gunfire,0.8046875,-0.634765625
gunshot_gunfire__fsd50k__dev__165795__0020__r0.wav,gunshot_gunfire,gunshot_gunfire,0,nan,0.34375,gunshot_gunfire,0.57421875,-0.23046875
gunshot_gunfire__fsd50k__dev__180961__0021__r0.wav,gunshot_gunfire,gunshot_gunfire,0,nan,0.109375,gunshot_gunfire,0.5885416865348816,-0.4791666865348816
gunshot_gunfire__fsd50k__dev__184651__0022__r0.wav,gunshot_gunfire,gunshot_gunfire,0,nan,0.109375,gunshot_gunfire,0.87109375,-0.76171875
gunshot_gunfire__fsd50k__dev__187534__0023__r0.wav,gunshot_gunfire,gunshot_gunfire,0,nan,0.06640625,gunshot_gunfire,0.931640625,-0.865234375
gunshot_gunfire__fsd50k__dev__197322__0024__r0.wav,gunshot_gunfire,gunshot_gunfire,0,nan,0.2286658585071563,gunshot_gunfire,0.44921875,-0.2205528914928437
gunshot_gunfire__fsd50k__dev__198952__0025__r0.wav,gunshot_gunfire,gunshot_gunfire,0,nan,0.3296273946762085,gunshot_gunfire,0.5366586446762085,-0.20703125
gunshot_gunfire__fsd50k__dev__201667__0026__r0.wav,gunshot_gunfire,gunshot_gunfire,0,nan,0.140625,gunshot_gunfire,0.6770833134651184,-0.5364583134651184
gunshot_gunfire__fsd50k__dev__212600__0027__r0.wav,gunshot_gunfire,gunshot_gunfire,0,nan,0.00390625,gunshot_gunfire,0.9921875,-0.98828125
gunshot_gunfire__fsd50k__dev__212602__0028__r0.wav,gunshot_gunfire,gunshot_gunfire,0,nan,0.0234375,gunshot_gunfire,0.8359375,-0.8125
gunshot_gunfire__fsd50k__dev__217805__0029__r0.wav,gunshot_gunfire,gunshot_gunfire,0,nan,0.0390625,gunshot_gunfire,0.95703125,-0.91796875
gunshot_gunfire__fsd50k__dev__220612__0030__r0.wav,gunshot_gunfire,gunshot_gunfire,0,nan,0.0546875,gunshot_gunfire,0.9375,-0.8828125
gunshot_gunfire__fsd50k__dev__220613__0031__r0.wav,gunshot_gunfire,gunshot_gunfire,0,nan,0.20703125,gunshot_gunfire,0.75390625,-0.546875
gunshot_gunfire__fsd50k__dev__221640__0032__r0.wav,gunshot_gunfire,gunshot_gunfire,0,nan,0.1927083283662796,gunshot_gunfire,0.53515625,-0.3424479216337204
gunshot_gunfire__fsd50k__dev__238159__0033__r0.wav,gunshot_gunfire,gunshot_gunfire,0,nan,0.26171875,gunshot_gunfire,0.5703125,-0.30859375
gunshot_gunfire__fsd50k__dev__255216__0034__r0.wav,gunshot_gunfire,gunshot_gunfire,0,nan,0.0182291660457849,gunshot_gunfire,0.9778645634651184,-0.9596353974193335
gunshot_gunfire__fsd50k__dev__257963__0035__r0.wav,gunshot_gunfire,gunshot_gunfire,0,nan,0.02734375,gunshot_gunfire,0.900390625,-0.873046875
gunshot_gunfire__fsd50k__dev__260939__0036__r0.wav,gunshot_gunfire,gunshot_gunfire,0,nan,0.0390625,gunshot_gunfire,0.60546875,-0.56640625
gunshot_gunfire__fsd50k__dev__266105__0037__r0.wav,gunshot_gunfire,gunshot_gunfire,0,nan,0.03515625,gunshot_gunfire,0.96484375,-0.9296875
gunshot_gunfire__fsd50k__dev__273303__0038__r0.wav,gunshot_gunfire,gunshot_gunfire,0,nan,0.1341145783662796,gunshot_gunfire,0.4375,-0.3033854216337204
gunshot_gunfire__fsd50k__dev__329716__0039__r0.wav,gunshot_gunfire,gunshot_gunfire,0,nan,0.25390625,gunshot_gunfire,0.71484375,-0.4609375
gunshot_gunfire__fsd50k__dev__345844__0040__r0.wav,gunshot_gunfire,thunderstorm,0,nan,0.1166294664144516,thunderstorm,0.6216517686843872,-0.5050223022699356
gunshot_gunfire__fsd50k__dev__350264__0041__r0.wav,gunshot_gunfire,gunshot_gunfire,0,nan,0.015625,gunshot_gunfire,0.984375,-0.96875
gunshot_gunfire__fsd50k__dev__353093__0042__r0.wav,gunshot_gunfire,gunshot_gunfire,0,nan,0.0400390625,gunshot_gunfire,0.923828125,-0.8837890625
gunshot_gunfire__fsd50k__dev__35799__0043__r0.wav,gunshot_gunfire,gunshot_gunfire,0,nan,0.14453125,gunshot_gunfire,0.78515625,-0.640625
gunshot_gunfire__fsd50k__dev__35800__0044__r0.wav,gunshot_gunfire,gunshot_gunfire,0,nan,0.142578125,gunshot_gunfire,0.7389323115348816,-0.5963541865348816
gunshot_gunfire__fsd50k__dev__36815__0045__r0.wav,gunshot_gunfire,gunshot_gunfire,0,nan,0.2524857819080353,gunshot_gunfire,0.7269176244735718,-0.4744318425655365
gunshot_gunfire__fsd50k__dev__368736__0046__r0.wav,gunshot_gunfire,gunshot_gunfire,0,nan,0.0078125,gunshot_gunfire,0.9921875,-0.984375
gunshot_gunfire__fsd50k__dev__368805__0047__r0.wav,gunshot_gunfire,gunshot_gunfire,0,nan,0.0732421875,gunshot_gunfire,0.8291015625,-0.755859375
gunshot_gunfire__fsd50k__dev__369124__0048__r0.wav,gunshot_gunfire,gunshot_gunfire,0,nan,0.01953125,gunshot_gunfire,0.9765625,-0.95703125
gunshot_gunfire__fsd50k__dev__369126__0049__r0.wav,gunshot_gunfire,gunshot_gunfire,0,nan,0.0078125,gunshot_gunfire,0.9921875,-0.984375
gunshot_gunfire__fsd50k__dev__369395__0050__r0.wav,gunshot_gunfire,gunshot_gunfire,0,nan,0.3958333432674408,gunshot_gunfire,0.4153645932674408,-0.01953125
gunshot_gunfire__fsd50k__dev__371158__0051__r0.wav,gunshot_gunfire,gunshot_gunfire,0,nan,0.09765625,gunshot_gunfire,0.8828125,-0.78515625
gunshot_gunfire__fsd50k__dev__52593__0052__r0.wav,gunshot_gunfire,gunshot_gunfire,0,nan,0.09375,gunshot_gunfire,0.865234375,-0.771484375
gunshot_gunfire__fsd50k__dev__89147__0053__r0.wav,gunshot_gunfire,gunshot_gunfire,0,nan,0.08203125,gunshot_gunfire,0.818359375,-0.736328125
screaming__fsd50k__dev__132738__0000__r0.wav,screaming,screaming,0,nan,0.1988281309604644,screaming,0.3507812619209289,-0.1519531309604645
screaming__fsd50k__dev__139086__0001__r0.wav,screaming,screaming,0,nan,0.078125,screaming,0.6419270634651184,-0.5638020634651184
screaming__fsd50k__dev__139087__0002__r0.wav,screaming,screaming,0,nan,0.103515625,screaming,0.7353515625,-0.6318359375
screaming__fsd50k__dev__144435__0003__r0.wav,screaming,screaming,0,nan,0.0859375,screaming,0.6142578125,-0.5283203125
screaming__fsd50k__dev__145801__0004__r0.wav,screaming,screaming,0,nan,0.265625,screaming,0.5693359375,-0.3037109375
screaming__fsd50k__dev__149825__0005__r0.wav,screaming,screaming,0,nan,0.1318359375,screaming,0.6240234375,-0.4921875
screaming__fsd50k__dev__169628__0006__r0.wav,screaming,screaming,0,nan,0.0810546875,screaming,0.72607421875,-0.64501953125
screaming__fsd50k__dev__169810__0007__r0.wav,screaming,screaming,0,nan,0.07421875,screaming,0.5993923544883728,-0.5251736044883728
screaming__fsd50k__dev__169811__0008__r0.wav,screaming,screaming,0,nan,0.025390625,screaming,0.533203125,-0.5078125
screaming__fsd50k__dev__175385__0009__r0.wav,screaming,siren,0,nan,0.0377604179084301,siren,0.7994791865348816,-0.7617187686264515
screaming__fsd50k__dev__175389__0010__r0.wav,screaming,siren,0,nan,0.25390625,siren,0.3916015625,-0.1376953125
screaming__fsd50k__dev__178105__0011__r0.wav,screaming,siren,0,nan,0.2082031220197677,siren,0.44140625,-0.2332031279802323
screaming__fsd50k__dev__219858__0012__r0.wav,screaming,screaming,0,nan,0.06640625,screaming,0.8984375,-0.83203125
screaming__fsd50k__dev__219868__0013__r0.wav,screaming,siren,0,nan,0.01953125,siren,0.671875,-0.65234375
screaming__fsd50k__dev__219871__0014__r0.wav,screaming,screaming,0,nan,0.123046875,screaming,0.56640625,-0.443359375
screaming__fsd50k__dev__219882__0015__r0.wav,screaming,screaming,0,nan,0.046875,screaming,0.7890625,-0.7421875
screaming__fsd50k__dev__219883__0016__r0.wav,screaming,screaming,0,nan,0.01171875,screaming,0.75390625,-0.7421875
screaming__fsd50k__dev__220365__0017__r0.wav,screaming,screaming,0,nan,0.0546875,screaming,0.51171875,-0.45703125
screaming__fsd50k__dev__220368__0018__r0.wav,screaming,screaming,0,nan,0.0625,screaming,0.83984375,-0.77734375
screaming__fsd50k__dev__220617__0019__r0.wav,screaming,screaming,0,nan,0.0812499970197677,screaming,0.5640624761581421,-0.4828124791383744
screaming__fsd50k__dev__220619__0020__r0.wav,screaming,screaming,0,nan,0.171875,screaming,0.625,-0.453125
screaming__fsd50k__dev__239902__0021__r0.wav,screaming,screaming,0,nan,0.1468749940395355,screaming,0.690625011920929,-0.5437500178813934
screaming__fsd50k__dev__256494__0022__r0.wav,screaming,screaming,0,nan,0.0496651791036129,screaming,0.51953125,-0.4698660708963871
screaming__fsd50k__dev__27225__0023__r0.wav,screaming,screaming,0,nan,0.15576171875,screaming,0.45703125,-0.30126953125
screaming__fsd50k__dev__350605__0024__r0.wav,screaming,background_other,1,nan,0.408203125,screaming,0.376953125,0.03125
screaming__fsd50k__dev__384213__0025__r0.wav,screaming,screaming,0,nan,0.1234975978732109,screaming,0.6769831776618958,-0.5534855797886848
screaming__fsd50k__dev__391358__0026__r0.wav,screaming,screaming,0,nan,0.07421875,screaming,0.845703125,-0.771484375
screaming__fsd50k__dev__391362__0027__r0.wav,screaming,screaming,0,nan,0.1781249940395355,screaming,0.749218761920929,-0.5710937678813934
screaming__fsd50k__dev__394282__0028__r0.wav,screaming,screaming,0,nan,0.3046875,screaming,0.5494791865348816,-0.2447916865348816
screaming__fsd50k__dev__395736__0029__r0.wav,screaming,screaming,0,nan,0.177734375,screaming,0.77734375,-0.599609375
screaming__fsd50k__dev__396799__0030__r0.wav,screaming,screaming,0,nan,0.294921875,screaming,0.595703125,-0.30078125
screaming__fsd50k__dev__399675__0031__r0.wav,screaming,screaming,0,nan,0.2161458283662796,screaming,0.62109375,-0.4049479216337204
screaming__fsd50k__dev__403057__0032__r0.wav,screaming,screaming,0,nan,0.3179687559604645,screaming,0.2890625,0.028906255960464478
screaming__fsd50k__dev__416732__0033__r0.wav,screaming,siren,0,nan,0.44140625,siren,0.4468148946762085,-0.005408644676208496
screaming__fsd50k__dev__63632__0034__r0.wav,screaming,screaming,0,nan,0.15234375,screaming,0.8125,-0.66015625
screaming__fsd50k__dev__63637__0035__r0.wav,screaming,screaming,0,nan,0.12890625,screaming,0.78125,-0.65234375
screaming__fsd50k__dev__63641__0036__r0.wav,screaming,screaming,0,nan,0.39453125,screaming,0.578125,-0.18359375
screaming__fsd50k__dev__89362__0037__r0.wav,screaming,screaming,0,nan,0.15234375,screaming,0.63671875,-0.484375
screaming__fsd50k__dev__9704__0038__r0.wav,screaming,screaming,0,nan,0.3046875,screaming,0.66015625,-0.35546875
screaming__fsd50k__dev__9706__0039__r0.wav,screaming,siren,0,nan,0.0,siren,0.82421875,-0.82421875
thunderstorm__esc50__fold_4__125070__0000__r0.wav,thunderstorm,thunderstorm,0,nan,0.0553385429084301,thunderstorm,0.8255208134651184,-0.7701822705566883
thunderstorm__esc50__fold_4__125071__0001__r0.wav,thunderstorm,thunderstorm,0,nan,0.0260416660457849,thunderstorm,0.9244791865348816,-0.8984375204890966
thunderstorm__esc50__fold_4__125072__0002__r0.wav,thunderstorm,thunderstorm,0,nan,0.1100260391831398,thunderstorm,0.8046875,-0.6946614608168602
thunderstorm__esc50__fold_4__125072__0003__r0.wav,thunderstorm,thunderstorm,0,nan,0.0455729179084301,thunderstorm,0.8404948115348816,-0.7949218936264515
thunderstorm__esc50__fold_4__156993__0004__r0.wav,thunderstorm,thunderstorm,0,nan,0.0572916679084301,thunderstorm,0.740234375,-0.6829427070915699
thunderstorm__esc50__fold_4__161519__0005__r0.wav,thunderstorm,thunderstorm,0,nan,0.0123697919771075,thunderstorm,0.953125,-0.9407552080228925
thunderstorm__esc50__fold_4__165813__0006__r0.wav,thunderstorm,thunderstorm,0,nan,0.025390625,thunderstorm,0.9518229365348816,-0.9264323115348816
thunderstorm__esc50__fold_4__165813__0007__r0.wav,thunderstorm,thunderstorm,0,nan,0.028645833954215,thunderstorm,0.8802083134651184,-0.8515624795109034
thunderstorm__fsd50k__dev__124587__0008__r0.wav,thunderstorm,thunderstorm,0,nan,0.0480769239366054,thunderstorm,0.8987379670143127,-0.8506610430777073
thunderstorm__fsd50k__dev__125634__0009__r0.wav,thunderstorm,thunderstorm,0,nan,0.050480768084526,thunderstorm,0.891526460647583,-0.8410456925630571
thunderstorm__fsd50k__dev__128343__0010__r0.wav,thunderstorm,thunderstorm,0,nan,0.0267427880316972,thunderstorm,0.7418870329856873,-0.7151442449539901
thunderstorm__fsd50k__dev__135104__0011__r0.wav,thunderstorm,thunderstorm,0,nan,0.0171274039894342,thunderstorm,0.9332932829856871,-0.9161658789962529
thunderstorm__fsd50k__dev__155833__0012__r0.wav,thunderstorm,thunderstorm,0,nan,0.0189302880316972,thunderstorm,0.9152644276618958,-0.8963341396301986
thunderstorm__fsd50k__dev__163287__0013__r0.wav,thunderstorm,thunderstorm,0,nan,0.0192307699471712,thunderstorm,0.940504789352417,-0.9212740194052458
thunderstorm__fsd50k__dev__165299__0014__r0.wav,thunderstorm,thunderstorm,0,nan,0.1688701957464218,thunderstorm,0.6484375,-0.4795673042535782
thunderstorm__fsd50k__dev__165874__0015__r0.wav,thunderstorm,thunderstorm,0,nan,0.0222355760633945,thunderstorm,0.9086538553237916,-0.8864182792603971
thunderstorm__fsd50k__dev__186907__0016__r0.wav,thunderstorm,thunderstorm,0,nan,0.095552884042263,thunderstorm,0.7364783883094788,-0.6409255042672157
thunderstorm__fsd50k__dev__189794__0017__r0.wav,thunderstorm,thunderstorm,0,nan,0.0246394239366054,thunderstorm,0.9221754670143129,-0.8975360430777074
thunderstorm__fsd50k__dev__191992__0018__r0.wav,thunderstorm,thunderstorm,0,nan,0.0120192309841513,thunderstorm,0.893629789352417,-0.8816105583682657
thunderstorm__fsd50k__dev__193170__0019__r0.wav,thunderstorm,thunderstorm,0,nan,0.0267857145518064,thunderstorm,0.9369419813156128,-0.9101562667638063
thunderstorm__fsd50k__dev__194849__0020__r0.wav,thunderstorm,thunderstorm,0,nan,0.0435697101056575,thunderstorm,0.8771033883094788,-0.8335336782038213
thunderstorm__fsd50k__dev__195344__0021__r0.wav,thunderstorm,thunderstorm,0,nan,0.0402644239366054,thunderstorm,0.848557710647583,-0.8082932867109776
thunderstorm__fsd50k__dev__195738__0022__r0.wav,thunderstorm,thunderstorm,0,nan,0.1337139457464218,thunderstorm,0.4924879670143127,-0.35877402126789093
thunderstorm__fsd50k__dev__198496__0023__r0.wav,thunderstorm,thunderstorm,0,nan,0.071814902126789,thunderstorm,0.7710336446762085,-0.6992187425494195
thunderstorm__fsd50k__dev__203721__0024__r0.wav,thunderstorm,thunderstorm,0,nan,0.1490885466337204,thunderstorm,0.7259114384651184,-0.576822891831398
thunderstorm__fsd50k__dev__203830__0025__r0.wav,thunderstorm,thunderstorm,0,nan,0.1700721085071563,thunderstorm,0.6772836446762085,-0.5072115361690522
thunderstorm__fsd50k__dev__205832__0026__r0.wav,thunderstorm,thunderstorm,0,nan,0.0231370199471712,thunderstorm,0.9417067170143129,-0.9185696970671416
thunderstorm__fsd50k__dev__210044__0027__r0.wav,thunderstorm,thunderstorm,0,nan,0.01171875,thunderstorm,0.83203125,-0.8203125
thunderstorm__fsd50k__dev__21847__0028__r0.wav,thunderstorm,thunderstorm,0,nan,0.2355769276618957,thunderstorm,0.4311898946762085,-0.1956129670143128
thunderstorm__fsd50k__dev__22033__0029__r0.wav,thunderstorm,thunderstorm,0,nan,0.0261418260633945,thunderstorm,0.8191105723381042,-0.7929687462747097
thunderstorm__fsd50k__dev__222601__0030__r0.wav,thunderstorm,thunderstorm,0,nan,0.0342548079788684,thunderstorm,0.8786057829856873,-0.8443509750068189
thunderstorm__fsd50k__dev__22874__0031__r0.wav,thunderstorm,thunderstorm,0,nan,0.0378605760633945,thunderstorm,0.8918269276618958,-0.8539663515985012
thunderstorm__fsd50k__dev__237519__0032__r0.wav,thunderstorm,thunderstorm,0,nan,0.0207331739366054,thunderstorm,0.932692289352417,-0.9119591154158115
thunderstorm__fsd50k__dev__242048__0033__r0.wav,thunderstorm,background_other,1,nan,0.5856370329856873,thunderstorm,0.1697716414928436,0.41586539149284363
thunderstorm__fsd50k__dev__242981__0034__r0.wav,thunderstorm,thunderstorm,0,nan,0.042668268084526,thunderstorm,0.8677884340286255,-0.8251201659440995
thunderstorm__fsd50k__dev__243757__0035__r0.wav,thunderstorm,thunderstorm,0,nan,0.0814302861690521,thunderstorm,0.821213960647583,-0.7397836744785309
thunderstorm__fsd50k__dev__243965__0036__r0.wav,thunderstorm,thunderstorm,0,nan,0.3388671875,thunderstorm,0.4501953125,-0.111328125
thunderstorm__fsd50k__dev__243968__0037__r0.wav,thunderstorm,background_other,1,nan,0.390625,thunderstorm,0.287109375,0.103515625
thunderstorm__fsd50k__dev__244693__0038__r0.wav,thunderstorm,thunderstorm,0,nan,0.0241477265954017,thunderstorm,0.8810369372367859,-0.8568892106413842
thunderstorm__fsd50k__dev__248110__0039__r0.wav,thunderstorm,thunderstorm,0,nan,0.0459735579788684,thunderstorm,0.832932710647583,-0.7869591526687146
thunderstorm__fsd50k__dev__253763__0040__r0.wav,thunderstorm,thunderstorm,0,nan,0.0165264420211315,thunderstorm,0.94140625,-0.9248798079788685
thunderstorm__fsd50k__dev__259316__0041__r0.wav,thunderstorm,thunderstorm,0,nan,0.0558894239366054,thunderstorm,0.8734976053237915,-0.817608181387186
thunderstorm__fsd50k__dev__29675__0042__r0.wav,thunderstorm,thunderstorm,0,nan,0.0450721159577369,thunderstorm,0.7611178159713745,-0.7160457000136377
thunderstorm__fsd50k__dev__31452__0043__r0.wav,thunderstorm,thunderstorm,0,nan,0.05078125,thunderstorm,0.8383413553237915,-0.7875601053237915
thunderstorm__fsd50k__dev__328391__0044__r0.wav,thunderstorm,thunderstorm,0,nan,0.0189302880316972,thunderstorm,0.8909254670143127,-0.8719951789826156
thunderstorm__fsd50k__dev__33246__0045__r0.wav,thunderstorm,thunderstorm,0,nan,0.0531850978732109,thunderstorm,0.8452523946762085,-0.7920672968029976
thunderstorm__fsd50k__dev__341960__0046__r0.wav,thunderstorm,thunderstorm,0,nan,0.015625,thunderstorm,0.8857421875,-0.8701171875
thunderstorm__fsd50k__dev__344434__0047__r0.wav,thunderstorm,thunderstorm,0,nan,0.0775240361690521,thunderstorm,0.8191105723381042,-0.7415865361690521
thunderstorm__fsd50k__dev__344435__0048__r0.wav,thunderstorm,thunderstorm,0,nan,0.0540865398943424,thunderstorm,0.8855168223381042,-0.8314302824437618
thunderstorm__fsd50k__dev__345920__0049__r0.wav,thunderstorm,thunderstorm,0,nan,0.0302734375,thunderstorm,0.6650390625,-0.634765625
thunderstorm__fsd50k__dev__359151__0050__r0.wav,thunderstorm,thunderstorm,0,nan,0.0132211539894342,thunderstorm,0.94140625,-0.9281850960105658
thunderstorm__fsd50k__dev__363252__0051__r0.wav,thunderstorm,thunderstorm,0,nan,0.0144230769947171,thunderstorm,0.95703125,-0.9426081730052829
thunderstorm__fsd50k__dev__367510__0052__r0.wav,thunderstorm,thunderstorm,0,nan,0.0153245190158486,thunderstorm,0.9113581776618958,-0.8960336586460471
thunderstorm__fsd50k__dev__37299__0053__r0.wav,thunderstorm,thunderstorm,0,nan,0.1709735542535781,thunderstorm,0.5874398946762085,-0.4164663404226304
thunderstorm__fsd50k__dev__37304__0054__r0.wav,thunderstorm,thunderstorm,0,nan,0.1198918297886848,thunderstorm,0.7259615659713745,-0.6060697361826897
thunderstorm__fsd50k__dev__375999__0055__r0.wav,thunderstorm,thunderstorm,0,nan,0.033052884042263,thunderstorm,0.9113581776618958,-0.8783052936196327
thunderstorm__fsd50k__dev__394070__0056__r0.wav,thunderstorm,thunderstorm,0,nan,0.0716145858168602,thunderstorm,0.61328125,-0.5416666641831398
thunderstorm__fsd50k__dev__394071__0057__r0.wav,thunderstorm,thunderstorm,0,nan,0.042668268084526,thunderstorm,0.8948317170143127,-0.8521634489297868
thunderstorm__fsd50k__dev__399870__0058__r0.wav,thunderstorm,thunderstorm,0,nan,0.0377604179084301,thunderstorm,0.8782551884651184,-0.8404947705566883
thunderstorm__fsd50k__dev__414050__0059__r0.wav,thunderstorm,thunderstorm,0,nan,0.0180288460105657,thunderstorm,0.9402043223381042,-0.9221754763275386
background_other__esc50__fold_4__4-161100-A-47__0000.wav,background_other,gunshot_gunfire,0,esc50_diverse,0.2591145932674408,gunshot_gunfire,0.2799479067325592,-0.020833313465118408
background_other__esc50__fold_4__4-210000-A-23__0001.wav,background_other,screaming,0,esc50_diverse,0.2864583432674408,screaming,0.3229166567325592,-0.03645831346511841
background_other__esc50__fold_4__4-144468-B-27__0002.wav,background_other,background_other,1,esc50_diverse,0.697265625,gunshot_gunfire,0.1451822966337204,0.5520833283662796
background_other__esc50__fold_4__4-216349-A-34__0003.wav,background_other,gunshot_gunfire,0,esc50_diverse,0.421875,gunshot_gunfire,0.54296875,-0.12109375
background_other__esc50__fold_4__4-175846-A-43__0004.wav,background_other,background_other,1,esc50_diverse,0.5690104365348816,siren,0.3828125,0.1861979365348816
background_other__esc50__fold_4__4-133047-A-5__0005.wav,background_other,background_other,1,esc50_diverse,0.470703125,siren,0.26171875,0.208984375
background_other__esc50__fold_4__4-159609-B-14__0006.wav,background_other,background_other,1,esc50_diverse,0.361328125,thunderstorm,0.2838541567325592,0.0774739682674408
background_other__esc50__fold_4__4-125825-A-46__0007.wav,background_other,background_other,1,esc50_diverse,0.4856770932674408,siren,0.384765625,0.1009114682674408
background_other__esc50__fold_4__4-189838-A-22__0008.wav,background_other,thunderstorm,0,esc50_diverse,0.1438802033662796,thunderstorm,0.4466145932674408,-0.3027343899011612
background_other__esc50__fold_4__4-209536-A-37__0009.wav,background_other,background_other,1,esc50_diverse,0.7194010615348816,siren,0.142578125,0.5768229365348816
background_other__esc50__fold_4__4-191327-A-38__0010.wav,background_other,background_other,1,esc50_diverse,0.7076823115348816,screaming,0.1302083283662796,0.577473983168602
background_other__esc50__fold_4__4-177835-A-24__0011.wav,background_other,background_other,1,esc50_diverse,0.64453125,screaming,0.3359375,0.30859375
background_other__esc50__fold_4__4-181955-C-3__0012.wav,background_other,siren,0,esc50_diverse,0.1901041716337204,siren,0.4817708432674408,-0.2916666716337204
background_other__esc50__fold_4__4-181563-A-12__0013.wav,background_other,thunderstorm,0,esc50_diverse,0.169921875,thunderstorm,0.6497395634651184,-0.4798176884651184
background_other__esc50__fold_4__4-163697-A-13__0014.wav,background_other,background_other,1,esc50_diverse,0.8190104365348816,screaming,0.1529947966337204,0.6660156399011612
background_other__esc50__fold_4__4-159426-A-9__0015.wav,background_other,screaming,0,esc50_diverse,0.26171875,screaming,0.4205729067325592,-0.1588541567325592
background_other__esc50__fold_4__4-59579-A-20__0016.wav,background_other,screaming,0,esc50_diverse,0.140625,screaming,0.767578125,-0.626953125
background_other__esc50__fold_4__4-207124-A-0__0017.wav,background_other,background_other,1,esc50_diverse,0.5748698115348816,screaming,0.3951822817325592,0.1796875298023224
background_other__esc50__fold_4__4-132839-A-33__0018.wav,background_other,chainsaw,0,esc50_diverse,0.2180989533662796,chainsaw,0.4830729067325592,-0.2649739533662796
background_other__esc50__fold_4__4-188878-A-30__0019.wav,background_other,thunderstorm,0,esc50_diverse,0.2473958283662796,thunderstorm,0.43359375,-0.1861979216337204
background_other__esc50__fold_4__4-204202-A-29__0020.wav,background_other,background_other,1,esc50_diverse,0.869140625,screaming,0.0888671875,0.7802734375
background_other__esc50__fold_4__4-186962-A-44__0021.wav,background_other,gunshot_gunfire,0,esc50_diverse,0.259765625,gunshot_gunfire,0.3352864682674408,-0.0755208432674408
background_other__esc50__fold_4__4-119647-B-48__0022.wav,background_other,thunderstorm,0,esc50_diverse,0.2298177033662796,thunderstorm,0.3678385317325592,-0.1380208283662796
background_other__esc50__fold_4__4-194979-A-25__0023.wav,background_other,thunderstorm,0,esc50_diverse,0.1569010466337204,thunderstorm,0.6529948115348816,-0.4960937649011612
background_other__esc50__fold_4__4-99193-A-4__0024.wav,background_other,background_other,1,esc50_diverse,0.6529948115348816,screaming,0.16796875,0.4850260615348816
background_other__esc50__fold_4__4-212698-A-39__0025.wav,background_other,gunshot_gunfire,0,esc50_diverse,0.26171875,gunshot_gunfire,0.6484375,-0.38671875
background_other__esc50__fold_4__4-251645-A-49__0026.wav,background_other,background_other,1,esc50_diverse,0.7936198115348816,screaming,0.134765625,0.6588541865348816
background_other__esc50__fold_4__4-193480-A-40__0027.wav,background_other,chainsaw,0,esc50_diverse,0.1321614533662796,chainsaw,0.3743489682674408,-0.2421875149011612
background_other__esc50__fold_4__4-197103-A-6__0028.wav,background_other,background_other,1,esc50_diverse,0.8444010615348816,screaming,0.0846354141831398,0.7597656473517418
background_other__esc50__fold_4__4-143118-A-7__0029.wav,background_other,thunderstorm,0,esc50_diverse,0.1881510466337204,thunderstorm,0.6009114384651184,-0.412760391831398
background_other__esc50__fold_4__4-158653-A-32__0030.wav,background_other,background_other,1,esc50_diverse,0.7096354365348816,gunshot_gunfire,0.2415364533662796,0.468098983168602
background_other__esc50__fold_4__4-155670-A-26__0031.wav,background_other,screaming,0,esc50_diverse,0.392578125,screaming,0.4296875,-0.037109375
background_other__esc50__fold_4__4-204683-A-31__0032.wav,background_other,background_other,1,esc50_diverse,0.4055989682674408,thunderstorm,0.3118489682674408,0.09375
background_other__esc50__fold_4__4-147240-A-2__0033.wav,background_other,background_other,1,esc50_diverse,0.5358073115348816,thunderstorm,0.314453125,0.2213541865348816
background_other__esc50__fold_4__4-187504-A-17__0034.wav,background_other,background_other,1,esc50_diverse,0.8736979365348816,gunshot_gunfire,0.0455729179084301,0.8281250186264515
background_other__esc50__fold_4__4-163264-A-10__0035.wav,background_other,thunderstorm,0,esc50_diverse,0.1354166716337204,thunderstorm,0.529296875,-0.3938802033662796
background_other__esc50__fold_4__4-164064-C-1__0036.wav,background_other,screaming,0,esc50_diverse,0.2265625,screaming,0.69921875,-0.47265625
background_other__esc50__fold_4__4-167063-B-11__0037.wav,background_other,thunderstorm,0,esc50_diverse,0.0592447929084301,thunderstorm,0.55078125,-0.4915364570915699
background_other__esc50__fold_4__4-188703-D-8__0038.wav,background_other,siren,0,esc50_diverse,0.3671875,siren,0.470703125,-0.103515625
background_other__esc50__fold_4__4-184434-A-21__0039.wav,background_other,background_other,1,esc50_diverse,0.515625,screaming,0.2021484375,0.3134765625
background_other__esc50__fold_4__4-197454-B-28__0040.wav,background_other,background_other,1,esc50_diverse,0.55078125,screaming,0.2096354216337204,0.3411458283662796
background_other__esc50__fold_4__4-141365-A-18__0041.wav,background_other,background_other,1,esc50_diverse,0.6217448115348816,chainsaw,0.30078125,0.3209635615348816
background_other__esc50__fold_4__4-165791-A-45__0042.wav,background_other,thunderstorm,0,esc50_diverse,0.1705729216337204,thunderstorm,0.5149739384651184,-0.344401016831398
background_other__esc50__fold_4__4-172734-A-36__0043.wav,background_other,chainsaw,0,esc50_diverse,0.1022135391831398,chainsaw,0.6263020634651184,-0.5240885242819786
background_other__esc50__fold_4__4-218199-C-35__0044.wav,background_other,siren,0,esc50_diverse,0.18359375,siren,0.7421875,-0.55859375
background_other__esc50__fold_4__4-197871-A-15__0045.wav,background_other,background_other,1,esc50_diverse,0.771484375,screaming,0.1171875,0.654296875
background_other__esc50__fold_4__4-163609-A-16__0046.wav,background_other,thunderstorm,0,esc50_diverse,0.029296875,thunderstorm,0.8548176884651184,-0.8255208134651184
background_other__esc50__fold_4__4-161103-A-47__0047.wav,background_other,chainsaw,0,esc50_diverse,0.3111979067325592,chainsaw,0.3444010317325592,-0.033203125
background_other__esc50__fold_4__4-198025-A-23__0048.wav,background_other,background_other,1,esc50_diverse,0.68359375,screaming,0.1627604216337204,0.5208333283662796
background_other__esc50__fold_4__4-172500-A-27__0049.wav,background_other,background_other,1,esc50_diverse,0.51953125,thunderstorm,0.4036458432674408,0.1158854067325592
background_other__esc50__fold_4__4-187384-A-34__0050.wav,background_other,gunshot_gunfire,0,esc50_diverse,0.42578125,gunshot_gunfire,0.55078125,-0.125
background_other__esc50__fold_4__4-175855-A-43__0051.wav,background_other,siren,0,esc50_diverse,0.3255208432674408,siren,0.3828125,-0.057291656732559204
background_other__esc50__fold_4__4-149940-B-5__0052.wav,background_other,background_other,1,esc50_diverse,0.3255208432674408,screaming,0.31640625,0.009114593267440796
background_other__esc50__fold_4__4-187769-B-14__0053.wav,background_other,siren,0,esc50_diverse,0.365234375,siren,0.548828125,-0.18359375
background_other__esc50__fold_4__4-147658-A-46__0054.wav,background_other,siren,0,esc50_diverse,0.296875,siren,0.4290364682674408,-0.1321614682674408
background_other__esc50__fold_4__4-189832-B-22__0055.wav,background_other,gunshot_gunfire,0,esc50_diverse,0.1171875,gunshot_gunfire,0.4759114682674408,-0.3587239682674408
background_other__esc50__fold_4__4-198841-A-37__0056.wav,background_other,background_other,1,esc50_diverse,0.5130208134651184,siren,0.3391927182674408,0.1738280951976776
background_other__esc50__fold_4__4-179984-A-38__0057.wav,background_other,background_other,1,esc50_diverse,0.7552083134651184,screaming,0.208984375,0.5462239384651184
background_other__esc50__fold_4__4-169726-A-24__0058.wav,background_other,screaming,0,esc50_diverse,0.3203125,screaming,0.609375,-0.2890625
background_other__esc50__fold_4__4-213915-B-3__0059.wav,background_other,siren,0,esc50_diverse,0.1263020783662796,siren,0.388671875,-0.2623697966337204
background_other__fsd50k__val__speech__60689__0000.wav,background_other,background_other,1,fsd50k_speech,0.38671875,siren,0.2554086446762085,0.1313101053237915
background_other__fsd50k__val__speech__87703__0001.wav,background_other,background_other,1,fsd50k_speech,0.65625,siren,0.1796875,0.4765625
background_other__fsd50k__val__speech__87704__0002.wav,background_other,background_other,1,fsd50k_speech,0.65625,siren,0.1796875,0.4765625
background_other__fsd50k__val__speech__90177__0003.wav,background_other,background_other,1,fsd50k_speech,0.55078125,siren,0.22265625,0.328125
background_other__fsd50k__val__speech__258371__0004.wav,background_other,background_other,1,fsd50k_speech,0.4205729067325592,screaming,0.3541666567325592,0.06640625
background_other__fsd50k__val__speech__371385__0005.wav,background_other,screaming,0,fsd50k_speech,0.421875,screaming,0.48046875,-0.05859375
background_other__fsd50k__val__speech__257344__0006.wav,background_other,background_other,1,fsd50k_speech,0.8756510615348816,screaming,0.0657552108168602,0.8098958507180214
background_other__fsd50k__val__speech__259674__0007.wav,background_other,background_other,1,fsd50k_speech,0.8684895634651184,screaming,0.0651041641831398,0.8033853992819786
background_other__fsd50k__val__speech__219772__0008.wav,background_other,background_other,1,fsd50k_speech,0.7515624761581421,screaming,0.2249999940395355,0.5265624821186066
background_other__fsd50k__val__speech__379393__0009.wav,background_other,background_other,1,fsd50k_speech,0.84765625,screaming,0.10546875,0.7421875
background_other__fsd50k__val__speech__220372__0010.wav,background_other,background_other,1,fsd50k_speech,0.7331730723381042,screaming,0.1271033585071563,0.606069713830948
background_other__fsd50k__val__speech__174955__0011.wav,background_other,background_other,1,fsd50k_speech,0.8125,screaming,0.10546875,0.70703125
background_other__fsd50k__val__speech__19199__0012.wav,background_other,background_other,1,fsd50k_speech,0.94921875,screaming,0.0390625,0.91015625
background_other__fsd50k__val__speech__12712__0013.wav,background_other,thunderstorm,0,fsd50k_speech,0.2103794664144516,thunderstorm,0.5239955186843872,-0.3136160522699356
background_other__fsd50k__val__speech__174948__0014.wav,background_other,background_other,1,fsd50k_speech,0.84765625,screaming,0.095703125,0.751953125
background_other__fsd50k__val__speech__411018__0015.wav,background_other,background_other,1,fsd50k_speech,0.5105168223381042,screaming,0.3278245329856872,0.18269228935241705
background_other__fsd50k__val__speech__255880__0016.wav,background_other,background_other,1,fsd50k_speech,0.71875,screaming,0.259765625,0.458984375
background_other__fsd50k__val__speech__256860__0017.wav,background_other,background_other,1,fsd50k_speech,0.736328125,screaming,0.234375,0.501953125
background_other__fsd50k__val__speech__243820__0018.wav,background_other,siren,0,fsd50k_speech,0.4575892984867096,siren,0.4654017984867096,-0.0078125
background_other__fsd50k__val__speech__398341__0019.wav,background_other,thunderstorm,0,fsd50k_speech,0.2196180522441864,thunderstorm,0.6059027910232544,-0.386284738779068
background_other__fsd50k__val__speech__246318__0020.wav,background_other,background_other,1,fsd50k_speech,0.9853515625,screaming,0.0078125,0.9775390625
background_other__fsd50k__val__speech__189490__0021.wav,background_other,background_other,1,fsd50k_speech,0.984375,gunshot_gunfire,0.0078125,0.9765625
background_other__fsd50k__val__speech__189488__0022.wav,background_other,background_other,1,fsd50k_speech,0.9296875,screaming,0.0625,0.8671875
background_other__fsd50k__val__speech__277594__0023.wav,background_other,background_other,1,fsd50k_speech,0.921093761920929,screaming,0.0757812485098838,0.8453125134110452
background_other__fsd50k__val__music__96557__0000.wav,background_other,background_other,1,fsd50k_music,0.65234375,siren,0.1242187470197677,0.5281250029802322
background_other__fsd50k__val__music__181351__0001.wav,background_other,background_other,1,fsd50k_music,0.4149305522441864,screaming,0.2821180522441864,0.1328125
background_other__fsd50k__val__music__52219__0002.wav,background_other,background_other,1,fsd50k_music,0.887620210647583,gunshot_gunfire,0.05859375,0.829026460647583
background_other__fsd50k__val__music__165832__0003.wav,background_other,siren,0,fsd50k_music,0.289843738079071,siren,0.6304687261581421,-0.3406249880790711
background_other__fsd50k__val__music__377358__0004.wav,background_other,background_other,1,fsd50k_music,0.5625,gunshot_gunfire,0.3828125,0.1796875
background_other__fsd50k__val__music__7265__0005.wav,background_other,siren,0,fsd50k_music,0.26953125,siren,0.58984375,-0.3203125
background_other__fsd50k__val__music__160710__0006.wav,background_other,background_other,1,fsd50k_music,0.68359375,gunshot_gunfire,0.1635044664144516,0.5200892835855484
background_other__fsd50k__val__music__149895__0007.wav,background_other,background_other,1,fsd50k_music,0.7314453125,siren,0.138671875,0.5927734375
background_other__fsd50k__val__music__754__0008.wav,background_other,chainsaw,0,fsd50k_music,0.1341145783662796,chainsaw,0.8125,-0.6783854216337204
background_other__fsd50k__val__music__428237__0009.wav,background_other,background_other,1,fsd50k_music,0.4368489682674408,siren,0.4329427182674408,0.00390625
background_other__fsd50k__val__music__186509__0010.wav,background_other,background_other,1,fsd50k_music,0.6156250238418579,siren,0.371874988079071,0.24375003576278692
background_other__fsd50k__val__music__420945__0011.wav,background_other,chainsaw,0,fsd50k_music,0.0425781235098838,chainsaw,0.854687511920929,-0.8121093884110452
background_other__fsd50k__val__human_non_speech__241721__0000.wav,background_other,thunderstorm,0,fsd50k_human_non_speech,0.070012018084526,thunderstorm,0.6893028616905212,-0.6192908436059952
background_other__fsd50k__val__human_non_speech__339954__0001.wav,background_other,thunderstorm,0,fsd50k_human_non_speech,0.1310096085071563,thunderstorm,0.4603365361690521,-0.32932692766189586
background_other__fsd50k__val__human_non_speech__109596__0002.wav,background_other,background_other,1,fsd50k_human_non_speech,0.671875,chainsaw,0.1640625,0.5078125
background_other__fsd50k__val__human_non_speech__207829__0003.wav,background_other,screaming,0,fsd50k_human_non_speech,0.376953125,screaming,0.453125,-0.076171875
background_other__fsd50k__val__human_non_speech__198938__0004.wav,background_other,gunshot_gunfire,0,fsd50k_human_non_speech,0.3203125,gunshot_gunfire,0.3299278914928436,-0.009615391492843572
background_other__fsd50k__val__human_non_speech__412310__0005.wav,background_other,background_other,1,fsd50k_human_non_speech,0.5690104365348816,gunshot_gunfire,0.25390625,0.3151041865348816
background_other__fsd50k__val__human_non_speech__196091__0006.wav,background_other,thunderstorm,0,fsd50k_human_non_speech,0.2530048191547394,thunderstorm,0.4627403914928436,-0.2097355723381042
background_other__fsd50k__val__human_non_speech__108926__0007.wav,background_other,background_other,1,fsd50k_human_non_speech,0.9296875,screaming,0.03125,0.8984375
background_other__fsd50k__val__hard_negative__48980__0000.wav,background_other,gunshot_gunfire,0,fsd50k_hard_negative,0.20703125,gunshot_gunfire,0.7578125,-0.55078125
background_other__fsd50k__val__hard_negative__34805__0001.wav,background_other,background_other,1,fsd50k_hard_negative,0.607421875,screaming,0.21484375,0.392578125
background_other__fsd50k__val__hard_negative__197866__0002.wav,background_other,background_other,1,fsd50k_hard_negative,0.7141926884651184,screaming,0.1790364533662796,0.5351562350988388
background_other__fsd50k__val__hard_negative__201589__0003.wav,background_other,background_other,1,fsd50k_hard_negative,0.5748196840286255,screaming,0.1893028914928436,0.38551679253578186
background_other__fsd50k__val__hard_negative__132340__0004.wav,background_other,background_other,1,fsd50k_hard_negative,0.5913461446762085,siren,0.2614182829856872,0.3299278616905213
background_other__fsd50k__val__hard_negative__268126__0005.wav,background_other,gunshot_gunfire,0,fsd50k_hard_negative,0.3771033585071563,gunshot_gunfire,0.4873798191547394,-0.11027646064758306
background_other__fsd50k__val__hard_negative__170243__0006.wav,background_other,background_other,1,fsd50k_hard_negative,0.94140625,siren,0.0390625,0.90234375
background_other__fsd50k__val__hard_negative__70058__0007.wav,background_other,background_other,1,fsd50k_hard_negative,0.76953125,screaming,0.1875,0.58203125
background_other__fsd50k__val__general__331702__0000.wav,background_other,thunderstorm,0,fsd50k_general,0.3515625,thunderstorm,0.4949776828289032,-0.1434151828289032
background_other__fsd50k__val__general__171037__0001.wav,background_other,background_other,1,fsd50k_general,0.8010817170143127,gunshot_gunfire,0.124699518084526,0.6763821989297867
background_other__fsd50k__val__general__353953__0002.wav,background_other,thunderstorm,0,fsd50k_general,0.1201171875,thunderstorm,0.7161458134651184,-0.5960286259651184
background_other__fsd50k__val__general__391942__0003.wav,background_other,background_other,1,fsd50k_general,0.5026041865348816,gunshot_gunfire,0.2113715261220932,0.2912326604127884
background_other__fsd50k__val__general__106731__0004.wav,background_other,thunderstorm,0,fsd50k_general,0.2154447138309478,thunderstorm,0.5766226053237915,-0.36117789149284374
background_other__fsd50k__val__general__368470__0005.wav,background_other,thunderstorm,0,fsd50k_general,0.0496651791036129,thunderstorm,0.9084821343421936,-0.8588169552385807
background_other__fsd50k__val__general__107931__0006.wav,background_other,background_other,1,fsd50k_general,0.4992897808551788,siren,0.2759232819080353,0.2233664989471435
background_other__fsd50k__val__general__47388__0007.wav,background_other,background_other,1,fsd50k_general,0.875,gunshot_gunfire,0.09765625,0.77734375
