clip_id,filename,actual_class,predicted_class,correct,patch_count,top1_score,top2_class,top2_score,top3_class,top3_score,score_background_other,score_chainsaw,score_gunshot_gunfire,score_screaming,score_siren,score_thunderstorm
0,siren__esc50__fold_4__102871__0000__r0.wav,siren,siren,1,6,0.6276041865348816,chainsaw,0.1497395783662796,background_other,0.1341145783662796,0.1341145783662796,0.1497395783662796,0.0006510416860692203,0.0865885391831398,0.6276041865348816,0.0
1,siren__esc50__fold_4__111671__0001__r0.wav,siren,siren,1,6,0.8196614384651184,screaming,0.17578125,background_other,0.0045572915114462376,0.0045572915114462376,0.0,0.0,0.17578125,0.8196614384651184,0.0
2,siren__esc50__fold_4__111671__0002__r0.wav,siren,siren,1,6,0.9856770634651184,screaming,0.012369791977107525,background_other,0.001953125,0.001953125,0.0,0.0,0.012369791977107525,0.9856770634651184,0.0
3,siren__esc50__fold_4__121532__0003__r0.wav,siren,siren,1,6,0.7265625,background_other,0.1614583283662796,screaming,0.0826822891831398,0.1614583283662796,0.012369791977107525,0.0013020833721384406,0.0826822891831398,0.7265625,0.013671875
4,siren__esc50__fold_4__67358__0004__r0.wav,siren,siren,1,5,0.62109375,screaming,0.3773437440395355,background_other,0.0007812500116415322,0.0007812500116415322,0.0,0.0,0.3773437440395355,0.62109375,0.0
5,siren__esc50__fold_4__80761__0005__r0.wav,siren,siren,1,6,0.6627604365348816,thunderstorm,0.171875,background_other,0.1041666641831398,0.1041666641831398,0.013671875,0.0013020833721384406,0.0462239570915699,0.6627604365348816,0.171875
6,siren__esc50__fold_4__90014__0006__r0.wav,siren,siren,1,6,0.8072916865348816,background_other,0.142578125,screaming,0.0462239570915699,0.142578125,0.001953125,0.0,0.0462239570915699,0.8072916865348816,0.0
7,siren__esc50__fold_4__90014__0007__r0.wav,siren,siren,1,6,0.6783854365348816,background_other,0.2037760466337204,screaming,0.0611979179084301,0.2037760466337204,0.0078125,0.0032552082557231188,0.0611979179084301,0.6783854365348816,0.0436197929084301
8,siren__fsd50k__dev__181601__0008__r0.wav,siren,siren,1,13,0.9128605723381042,screaming,0.06760817021131516,background_other,0.01983173005282879,0.01983173005282879,0.0,0.0,0.06760817021131516,0.9128605723381042,0.0
9,siren__fsd50k__dev__268221__0009__r0.wav,siren,siren,1,1,0.99609375,thunderstorm,0.0,screaming,0.0,0.0,0.0,0.0,0.0,0.99609375,0.0
10,siren__fsd50k__dev__320767__0010__r0.wav,siren,siren,1,13,0.8070913553237915,background_other,0.109375,screaming,0.06610576808452606,0.109375,0.013221153989434242,0.0003004807804245502,0.06610576808452606,0.8070913553237915,0.0024038462433964014
11,siren__fsd50k__dev__324275__0011__r0.wav,siren,background_other,0,6,0.388671875,siren,0.2102864533662796,screaming,0.20703125,0.388671875,0.0735677108168602,0.03059895895421505,0.20703125,0.2102864533662796,0.0911458358168602
12,siren__fsd50k__dev__34733__0012__r0.wav,siren,siren,1,13,0.6286057829856873,screaming,0.2016225904226303,background_other,0.1484375,0.1484375,0.0,0.01742788404226303,0.2016225904226303,0.6286057829856873,0.0018028846243396401
13,siren__fsd50k__dev__34952__0013__r0.wav,siren,siren,1,13,0.37680289149284363,screaming,0.23888221383094788,thunderstorm,0.1742788404226303,0.16736778616905212,0.0015024038730189204,0.03846153989434242,0.23888221383094788,0.37680289149284363,0.1742788404226303
14,siren__fsd50k__dev__353265__0014__r0.wav,siren,siren,1,13,0.766526460647583,thunderstorm,0.11147836595773697,background_other,0.10186298191547394,0.10186298191547394,0.0006009615608491004,0.002704326994717121,0.016225961968302727,0.766526460647583,0.11147836595773697
15,siren__fsd50k__dev__353956__0015__r0.wav,siren,siren,1,13,0.5853365659713745,screaming,0.20733173191547394,background_other,0.20492789149284363,0.20492789149284363,0.0,0.0,0.20733173191547394,0.5853365659713745,0.0
16,siren__fsd50k__dev__382620__0016__r0.wav,siren,siren,1,3,0.7005208134651184,screaming,0.2526041567325592,chainsaw,0.02734375,0.01822916604578495,0.02734375,0.0,0.2526041567325592,0.7005208134651184,0.0
17,siren__fsd50k__dev__388972__0017__r0.wav,siren,siren,1,13,0.8840144276618958,background_other,0.08894230425357819,screaming,0.022235576063394547,0.08894230425357819,0.0018028846243396401,0.0006009615608491004,0.022235576063394547,0.8840144276618958,0.0024038462433964014
18,siren__fsd50k__dev__421017__0018__r0.wav,siren,siren,1,13,0.76953125,background_other,0.09705528616905212,screaming,0.08743990212678909,0.09705528616905212,0.03725961595773697,0.0024038462433964014,0.08743990212678909,0.76953125,0.005408653989434242
19,siren__fsd50k__dev__62878__0019__r0.wav,siren,siren,1,12,0.9137369990348816,screaming,0.0846354141831398,background_other,0.0013020833721384406,0.0013020833721384406,0.0,0.0,0.0846354141831398,0.9137369990348816,0.0
20,chainsaw__esc50__fold_4__149294__0000__r0.wav,chainsaw,chainsaw,1,6,0.8665364384651184,siren,0.0501302070915699,background_other,0.0501302070915699,0.0501302070915699,0.8665364384651184,0.001953125,0.03125,0.0501302070915699,0.0006510416860692203
21,chainsaw__esc50__fold_4__149294__0001__r0.wav,chainsaw,chainsaw,1,6,0.8268229365348816,screaming,0.1015625,siren,0.0358072929084301,0.0345052070915699,0.8268229365348816,0.0,0.1015625,0.0358072929084301,0.0
22,chainsaw__esc50__fold_4__157611__0002__r0.wav,chainsaw,chainsaw,1,6,0.91796875,background_other,0.052734375,siren,0.017578125,0.052734375,0.91796875,0.0006510416860692203,0.009765625,0.017578125,0.0
23,chainsaw__esc50__fold_4__157611__0003__r0.wav,chainsaw,chainsaw,1,6,0.8684895634651184,background_other,0.078125,siren,0.0325520820915699,0.078125,0.8684895634651184,0.0006510416860692203,0.01953125,0.0325520820915699,0.0
24,chainsaw__esc50__fold_4__165823__0004__r0.wav,chainsaw,chainsaw,1,6,0.900390625,background_other,0.046875,screaming,0.0234375,0.046875,0.900390625,0.015625,0.0234375,0.011067708022892475,0.0006510416860692203
25,chainsaw__esc50__fold_4__165823__0005__r0.wav,chainsaw,chainsaw,1,6,0.7903645634651184,background_other,0.1080729141831398,screaming,0.076171875,0.1080729141831398,0.7903645634651184,0.009765625,0.076171875,0.014322916977107525,0.0006510416860692203
26,chainsaw__esc50__fold_4__169127__0006__r0.wav,chainsaw,background_other,0,6,0.419921875,chainsaw,0.392578125,thunderstorm,0.0911458358168602,0.419921875,0.392578125,0.0807291641831398,0.012369791977107525,0.0045572915114462376,0.0911458358168602
27,chainsaw__esc50__fold_4__169127__0007__r0.wav,chainsaw,chainsaw,1,6,0.9622395634651184,background_other,0.01692708395421505,screaming,0.013020833022892475,0.01692708395421505,0.9622395634651184,0.0,0.013020833022892475,0.0065104165114462376,0.0
28,gunshot_gunfire__fsd50k__dev__100465__0000__r0.wav,gunshot_gunfire,gunshot_gunfire,1,1,0.8828125,background_other,0.0859375,screaming,0.03125,0.0859375,0.0,0.8828125,0.03125,0.0,0.0
29,gunshot_gunfire__fsd50k__dev__115295__0001__r0.wav,gunshot_gunfire,gunshot_gunfire,1,1,0.98828125,background_other,0.01171875,screaming,0.00390625,0.01171875,0.0,0.98828125,0.00390625,0.0,0.0
30,gunshot_gunfire__fsd50k__dev__128979__0002__r0.wav,gunshot_gunfire,gunshot_gunfire,1,2,0.517578125,background_other,0.416015625,chainsaw,0.025390625,0.416015625,0.025390625,0.517578125,0.01171875,0.009765625,0.017578125
31,gunshot_gunfire__fsd50k__dev__128981__0003__r0.wav,gunshot_gunfire,gunshot_gunfire,1,13,0.676682710647583,background_other,0.18539664149284363,thunderstorm,0.11868990212678909,0.18539664149284363,0.005709134507924318,0.676682710647583,0.0078125,0.006009615492075682,0.11868990212678909
32,gunshot_gunfire__fsd50k__dev__137034__0004__r0.wav,gunshot_gunfire,gunshot_gunfire,1,2,0.84765625,background_other,0.11328125,thunderstorm,0.02734375,0.11328125,0.0,0.84765625,0.001953125,0.009765625,0.02734375
33,gunshot_gunfire__fsd50k__dev__138679__0005__r0.wav,gunshot_gunfire,gunshot_gunfire,1,1,0.51953125,background_other,0.45703125,screaming,0.01171875,0.45703125,0.00390625,0.51953125,0.01171875,0.00390625,0.00390625
34,gunshot_gunfire__fsd50k__dev__146323__0006__r0.wav,gunshot_gunfire,gunshot_gunfire,1,2,0.80859375,background_other,0.18359375,screaming,0.0078125,0.18359375,0.0,0.80859375,0.0078125,0.001953125,0.0
35,gunshot_gunfire__fsd50k__dev__147317__0007__r0.wav,gunshot_gunfire,gunshot_gunfire,1,1,0.9140625,background_other,0.05859375,thunderstorm,0.0234375,0.05859375,0.0,0.9140625,0.0,0.0,0.0234375
36,gunshot_gunfire__fsd50k__dev__147901__0008__r0.wav,gunshot_gunfire,gunshot_gunfire,1,1,0.8515625,background_other,0.140625,thunderstorm,0.00390625,0.140625,0.0,0.8515625,0.00390625,0.0,0.00390625
37,gunshot_gunfire__fsd50k__dev__148166__0009__r0.wav,gunshot_gunfire,background_other,0,1,0.73828125,thunderstorm,0.10546875,gunshot_gunfire,0.0625,0.73828125,0.0390625,0.0625,0.0234375,0.03125,0.10546875
38,gunshot_gunfire__fsd50k__dev__149177__0010__r0.wav,gunshot_gunfire,gunshot_gunfire,1,1,0.73046875,background_other,0.17578125,thunderstorm,0.08203125,0.17578125,0.00390625,0.73046875,0.00390625,0.00390625,0.08203125
39,gunshot_gunfire__fsd50k__dev__150139__0011__r0.wav,gunshot_gunfire,gunshot_gunfire,1,2,0.958984375,background_other,0.02734375,thunderstorm,0.009765625,0.02734375,0.0,0.958984375,0.0,0.001953125,0.009765625
40,gunshot_gunfire__fsd50k__dev__155654__0012__r0.wav,gunshot_gunfire,background_other,0,5,0.36250001192092896,gunshot_gunfire,0.34453123807907104,thunderstorm,0.24921874701976776,0.36250001192092896,0.0015625000232830644,0.34453123807907104,0.03515625,0.008593750186264515,0.24921874701976776
41,gunshot_gunfire__fsd50k__dev__155790__0013__r0.wav,gunshot_gunfire,gunshot_gunfire,1,2,0.740234375,thunderstorm,0.19921875,background_other,0.05078125,0.05078125,0.001953125,0.740234375,0.0,0.0078125,0.19921875
42,gunshot_gunfire__fsd50k__dev__156904__0014__r0.wav,gunshot_gunfire,gunshot_gunfire,1,1,0.859375,background_other,0.109375,thunderstorm,0.03125,0.109375,0.0,0.859375,0.0,0.0,0.03125
43,gunshot_gunfire__fsd50k__dev__160590__0015__r0.wav,gunshot_gunfire,gunshot_gunfire,1,1,0.91015625,background_other,0.08984375,thunderstorm,0.0,0.08984375,0.0,0.91015625,0.0,0.0,0.0
44,gunshot_gunfire__fsd50k__dev__161195__0016__r0.wav,gunshot_gunfire,gunshot_gunfire,1,1,0.99609375,background_other,0.00390625,thunderstorm,0.0,0.00390625,0.0,0.99609375,0.0,0.0,0.0
45,gunshot_gunfire__fsd50k__dev__161475__0017__r0.wav,gunshot_gunfire,gunshot_gunfire,1,2,0.96484375,background_other,0.01953125,thunderstorm,0.009765625,0.01953125,0.0,0.96484375,0.0,0.001953125,0.009765625
46,gunshot_gunfire__fsd50k__dev__162455__0018__r0.wav,gunshot_gunfire,gunshot_gunfire,1,3,0.83203125,thunderstorm,0.125,background_other,0.03125,0.03125,0.0,0.83203125,0.0,0.010416666977107525,0.125
47,gunshot_gunfire__fsd50k__dev__164020__0019__r0.wav,gunshot_gunfire,gunshot_gunfire,1,2,0.8046875,background_other,0.169921875,siren,0.009765625,0.169921875,0.0,0.8046875,0.005859375,0.009765625,0.0078125
48,gunshot_gunfire__fsd50k__dev__165795__0020__r0.wav,gunshot_gunfire,gunshot_gunfire,1,1,0.57421875,background_other,0.34375,chainsaw,0.0546875,0.34375,0.0546875,0.57421875,0.015625,0.00390625,0.00390625
49,gunshot_gunfire__fsd50k__dev__180961__0021__r0.wav,gunshot_gunfire,gunshot_gunfire,1,3,0.5885416865348816,thunderstorm,0.27734375,background_other,0.109375,0.109375,0.0,0.5885416865348816,0.014322916977107525,0.0078125,0.27734375
50,gunshot_gunfire__fsd50k__dev__184651__0022__r0.wav,gunshot_gunfire,gunshot_gunfire,1,1,0.87109375,background_other,0.109375,screaming,0.01171875,0.109375,0.00390625,0.87109375,0.01171875,0.00390625,0.0
51,gunshot_gunfire__fsd50k__dev__187534__0023__r0.wav,gunshot_gunfire,gunshot_gunfire,1,2,0.931640625,background_other,0.06640625,thunderstorm,0.0,0.06640625,0.0,0.931640625,0.0,0.0,0.0
52,gunshot_gunfire__fsd50k__dev__197322__0024__r0.wav,gunshot_gunfire,gunshot_gunfire,1,13,0.44921875,thunderstorm,0.27764421701431274,background_other,0.22866585850715637,0.22866585850715637,0.0009014423121698201,0.44921875,0.02373798005282879,0.01953125,0.27764421701431274
53,gunshot_gunfire__fsd50k__dev__198952__0025__r0.wav,gunshot_gunfire,gunshot_gunfire,1,13,0.5366586446762085,background_other,0.3296273946762085,thunderstorm,0.08143028616905212,0.3296273946762085,0.0015024038730189204,0.5366586446762085,0.04447115212678909,0.006009615492075682,0.08143028616905212
54,gunshot_gunfire__fsd50k__dev__201667__0026__r0.wav,gunshot_gunfire,gunshot_gunfire,1,3,0.6770833134651184,background_other,0.140625,chainsaw,0.1041666641831398,0.140625,0.1041666641831398,0.6770833134651184,0.0052083334885537624,0.0052083334885537624,0.06640625
55,gunshot_gunfire__fsd50k__dev__212600__0027__r0.wav,gunshot_gunfire,gunshot_gunfire,1,1,0.9921875,thunderstorm,0.00390625,background_other,0.00390625,0.00390625,0.0,0.9921875,0.0,0.0,0.00390625
56,gunshot_gunfire__fsd50k__dev__212602__0028__r0.wav,gunshot_gunfire,gunshot_gunfire,1,1,0.8359375,thunderstorm,0.13671875,background_other,0.0234375,0.0234375,0.00390625,0.8359375,0.0,0.0,0.13671875
57,gunshot_gunfire__fsd50k__dev__217805__0029__r0.wav,gunshot_gunfire,gunshot_gunfire,1,1,0.95703125,background_other,0.0390625,thunderstorm,0.00390625,0.0390625,0.0,0.95703125,0.0,0.0,0.00390625
58,gunshot_gunfire__fsd50k__dev__220612__0030__r0.wav,gunshot_gunfire,gunshot_gunfire,1,1,0.9375,background_other,0.0546875,screaming,0.0078125,0.0546875,0.0,0.9375,0.0078125,0.0,0.0
59,gunshot_gunfire__fsd50k__dev__220613__0031__r0.wav,gunshot_gunfire,gunshot_gunfire,1,1,0.75390625,background_other,0.20703125,screaming,0.03125,0.20703125,0.0,0.75390625,0.03125,0.00390625,0.00390625
60,gunshot_gunfire__fsd50k__dev__221640__0032__r0.wav,gunshot_gunfire,gunshot_gunfire,1,3,0.53515625,thunderstorm,0.22265625,background_other,0.1927083283662796,0.1927083283662796,0.0013020833721384406,0.53515625,0.02083333395421505,0.02604166604578495,0.22265625
61,gunshot_gunfire__fsd50k__dev__238159__0033__r0.wav,gunshot_gunfire,gunshot_gunfire,1,1,0.5703125,background_other,0.26171875,thunderstorm,0.10546875,0.26171875,0.0,0.5703125,0.015625,0.04296875,0.10546875
62,gunshot_gunfire__fsd50k__dev__255216__0034__r0.wav,gunshot_gunfire,gunshot_gunfire,1,3,0.9778645634651184,background_other,0.01822916604578495,screaming,0.0052083334885537624,0.01822916604578495,0.0,0.9778645634651184,0.0052083334885537624,0.0,0.0
63,gunshot_gunfire__fsd50k__dev__257963__0035__r0.wav,gunshot_gunfire,gunshot_gunfire,1,2,0.900390625,thunderstorm,0.068359375,background_other,0.02734375,0.02734375,0.0,0.900390625,0.001953125,0.001953125,0.068359375
64,gunshot_gunfire__fsd50k__dev__260939__0036__r0.wav,gunshot_gunfire,gunshot_gunfire,1,3,0.60546875,thunderstorm,0.3385416567325592,background_other,0.0390625,0.0390625,0.0013020833721384406,0.60546875,0.0,0.015625,0.3385416567325592
65,gunshot_gunfire__fsd50k__dev__266105__0037__r0.wav,gunshot_gunfire,gunshot_gunfire,1,1,0.96484375,background_other,0.03515625,thunderstorm,0.0,0.03515625,0.0,0.96484375,0.0,0.0,0.0
66,gunshot_gunfire__fsd50k__dev__273303__0038__r0.wav,gunshot_gunfire,gunshot_gunfire,1,3,0.4375,thunderstorm,0.3893229067325592,background_other,0.1341145783662796,0.1341145783662796,0.0,0.4375,0.00390625,0.0325520820915699,0.3893229067325592
67,gunshot_gunfire__fsd50k__dev__329716__0039__r0.wav,gunshot_gunfire,gunshot_gunfire,1,1,0.71484375,background_other,0.25390625,screaming,0.02734375,0.25390625,0.0,0.71484375,0.02734375,0.0,0.0
68,gunshot_gunfire__fsd50k__dev__345844__0040__r0.wav,gunshot_gunfire,thunderstorm,0,7,0.6216517686843872,gunshot_gunfire,0.2293526828289032,background_other,0.1166294664144516,0.1166294664144516,0.0,0.2293526828289032,0.0078125,0.0262276791036129,0.6216517686843872
69,gunshot_gunfire__fsd50k__dev__350264__0041__r0.wav,gunshot_gunfire,gunshot_gunfire,1,1,0.984375,background_other,0.015625,thunderstorm,0.0,0.015625,0.0,0.984375,0.0,0.0,0.0
70,gunshot_gunfire__fsd50k__dev__353093__0042__r0.wav,gunshot_gunfire,gunshot_gunfire,1,8,0.923828125,background_other,0.0400390625,thunderstorm,0.02685546875,0.0400390625,0.0,0.923828125,0.0048828125,0.00341796875,0.02685546875
71,gunshot_gunfire__fsd50k__dev__35799__0043__r0.wav,gunshot_gunfire,gunshot_gunfire,1,1,0.78515625,background_other,0.14453125,screaming,0.05859375,0.14453125,0.0,0.78515625,0.05859375,0.0078125,0.0
72,gunshot_gunfire__fsd50k__dev__35800__0044__r0.wav,gunshot_gunfire,gunshot_gunfire,1,6,0.7389323115348816,background_other,0.142578125,screaming,0.0807291641831398,0.142578125,0.021484375,0.7389323115348816,0.0807291641831398,0.012369791977107525,0.0026041667442768812
73,gunshot_gunfire__fsd50k__dev__36815__0045__r0.wav,gunshot_gunfire,gunshot_gunfire,1,11,0.7269176244735718,background_other,0.2524857819080353,screaming,0.016690341755747795,0.2524857819080353,0.0,0.7269176244735718,0.016690341755747795,0.0014204545877873898,0.0010653409408405423
74,gunshot_gunfire__fsd50k__dev__368736__0046__r0.wav,gunshot_gunfire,gunshot_gunfire,1,1,0.9921875,background_other,0.0078125,thunderstorm,0.0,0.0078125,0.0,0.9921875,0.0,0.0,0.0
75,gunshot_gunfire__fsd50k__dev__368805__0047__r0.wav,gunshot_gunfire,gunshot_gunfire,1,4,0.8291015625,background_other,0.0732421875,thunderstorm,0.06640625,0.0732421875,0.0,0.8291015625,0.0107421875,0.021484375,0.06640625
76,gunshot_gunfire__fsd50k__dev__369124__0048__r0.wav,gunshot_gunfire,gunshot_gunfire,1,1,0.9765625,background_other,0.01953125,thunderstorm,0.0,0.01953125,0.0,0.9765625,0.0,0.0,0.0
77,gunshot_gunfire__fsd50k__dev__369126__0049__r0.wav,gunshot_gunfire,gunshot_gunfire,1,1,0.9921875,background_other,0.0078125,thunderstorm,0.0,0.0078125,0.0,0.9921875,0.0,0.0,0.0
78,gunshot_gunfire__fsd50k__dev__369395__0050__r0.wav,gunshot_gunfire,gunshot_gunfire,1,6,0.4153645932674408,background_other,0.3958333432674408,thunderstorm,0.0807291641831398,0.3958333432674408,0.0006510416860692203,0.4153645932674408,0.0631510391831398,0.0423177070915699,0.0807291641831398
79,gunshot_gunfire__fsd50k__dev__371158__0051__r0.wav,gunshot_gunfire,gunshot_gunfire,1,1,0.8828125,background_other,0.09765625,thunderstorm,0.01171875,0.09765625,0.0,0.8828125,0.00390625,0.0,0.01171875
80,gunshot_gunfire__fsd50k__dev__52593__0052__r0.wav,gunshot_gunfire,gunshot_gunfire,1,2,0.865234375,background_other,0.09375,siren,0.021484375,0.09375,0.001953125,0.865234375,0.009765625,0.021484375,0.009765625
81,gunshot_gunfire__fsd50k__dev__89147__0053__r0.wav,gunshot_gunfire,gunshot_gunfire,1,2,0.818359375,thunderstorm,0.091796875,background_other,0.08203125,0.08203125,0.00390625,0.818359375,0.001953125,0.00390625,0.091796875
82,screaming__fsd50k__dev__132738__0000__r0.wav,screaming,screaming,1,10,0.35078126192092896,siren,0.3453125059604645,background_other,0.19882813096046448,0.19882813096046448,0.01601562462747097,0.076171875,0.35078126192092896,0.3453125059604645,0.01328125037252903
83,screaming__fsd50k__dev__139086__0001__r0.wav,screaming,screaming,1,6,0.6419270634651184,siren,0.279296875,background_other,0.078125,0.078125,0.0,0.0,0.6419270634651184,0.279296875,0.0
84,screaming__fsd50k__dev__139087__0002__r0.wav,screaming,screaming,1,8,0.7353515625,siren,0.1611328125,background_other,0.103515625,0.103515625,0.0,0.00048828125,0.7353515625,0.1611328125,0.0
85,screaming__fsd50k__dev__144435__0003__r0.wav,screaming,screaming,1,4,0.6142578125,chainsaw,0.2060546875,siren,0.091796875,0.0859375,0.2060546875,0.001953125,0.6142578125,0.091796875,0.0
86,screaming__fsd50k__dev__145801__0004__r0.wav,screaming,screaming,1,4,0.5693359375,background_other,0.265625,siren,0.1044921875,0.265625,0.00390625,0.02734375,0.5693359375,0.1044921875,0.0302734375
87,screaming__fsd50k__dev__149825__0005__r0.wav,screaming,screaming,1,4,0.6240234375,background_other,0.1318359375,chainsaw,0.1044921875,0.1318359375,0.1044921875,0.0595703125,0.6240234375,0.080078125,0.0
88,screaming__fsd50k__dev__169628__0006__r0.wav,screaming,screaming,1,8,0.72607421875,chainsaw,0.134765625,background_other,0.0810546875,0.0810546875,0.134765625,0.0,0.72607421875,0.0576171875,0.0
89,screaming__fsd50k__dev__169810__0007__r0.wav,screaming,screaming,1,9,0.5993923544883728,siren,0.3259548544883728,background_other,0.07421875,0.07421875,0.0,0.0,0.5993923544883728,0.3259548544883728,0.0
90,screaming__fsd50k__dev__169811__0008__r0.wav,screaming,screaming,1,2,0.533203125,siren,0.44140625,background_other,0.025390625,0.025390625,0.0,0.0,0.533203125,0.44140625,0.0
91,screaming__fsd50k__dev__175385__0009__r0.wav,screaming,siren,0,3,0.7994791865348816,screaming,0.1640625,background_other,0.0377604179084301,0.0377604179084301,0.0,0.0,0.1640625,0.7994791865348816,0.0
92,screaming__fsd50k__dev__175389__0010__r0.wav,screaming,siren,0,8,0.3916015625,background_other,0.25390625,gunshot_gunfire,0.1640625,0.25390625,0.01708984375,0.1640625,0.154296875,0.3916015625,0.0185546875
93,screaming__fsd50k__dev__178105__0011__r0.wav,screaming,siren,0,10,0.44140625,screaming,0.21992187201976776,background_other,0.20820312201976776,0.20820312201976776,0.0023437500931322575,0.01914062537252903,0.21992187201976776,0.44140625,0.10859374701976776
94,screaming__fsd50k__dev__219858__0012__r0.wav,screaming,screaming,1,1,0.8984375,background_other,0.06640625,siren,0.03125,0.06640625,0.0,0.0,0.8984375,0.03125,0.0
95,screaming__fsd50k__dev__219868__0013__r0.wav,screaming,siren,0,1,0.671875,screaming,0.30859375,background_other,0.01953125,0.01953125,0.0,0.0,0.30859375,0.671875,0.0
96,screaming__fsd50k__dev__219871__0014__r0.wav,screaming,screaming,1,2,0.56640625,siren,0.3046875,background_other,0.123046875,0.123046875,0.001953125,0.001953125,0.56640625,0.3046875,0.0
97,screaming__fsd50k__dev__219882__0015__r0.wav,screaming,screaming,1,2,0.7890625,siren,0.158203125,background_other,0.046875,0.046875,0.005859375,0.0,0.7890625,0.158203125,0.0
98,screaming__fsd50k__dev__219883__0016__r0.wav,screaming,screaming,1,1,0.75390625,siren,0.234375,background_other,0.01171875,0.01171875,0.0,0.0,0.75390625,0.234375,0.0
99,screaming__fsd50k__dev__220365__0017__r0.wav,screaming,screaming,1,2,0.51171875,siren,0.3515625,chainsaw,0.08203125,0.0546875,0.08203125,0.0,0.51171875,0.3515625,0.0
100,screaming__fsd50k__dev__220368__0018__r0.wav,screaming,screaming,1,1,0.83984375,siren,0.09375,background_other,0.0625,0.0625,0.00390625,0.0,0.83984375,0.09375,0.0
101,screaming__fsd50k__dev__220617__0019__r0.wav,screaming,screaming,1,5,0.5640624761581421,siren,0.27265626192092896,chainsaw,0.08203125,0.08124999701976776,0.08203125,0.0,0.5640624761581421,0.27265626192092896,0.0
102,screaming__fsd50k__dev__220619__0020__r0.wav,screaming,screaming,1,1,0.625,background_other,0.171875,siren,0.15234375,0.171875,0.0546875,0.0,0.625,0.15234375,0.0
103,screaming__fsd50k__dev__239902__0021__r0.wav,screaming,screaming,1,5,0.690625011920929,background_other,0.14687499403953552,chainsaw,0.08749999850988388,0.14687499403953552,0.08749999850988388,0.0007812500116415322,0.690625011920929,0.07187499850988388,0.0
104,screaming__fsd50k__dev__256494__0022__r0.wav,screaming,screaming,1,7,0.51953125,siren,0.4302455484867096,background_other,0.0496651791036129,0.0496651791036129,0.0,0.0,0.51953125,0.4302455484867096,0.0
105,screaming__fsd50k__dev__27225__0023__r0.wav,screaming,screaming,1,8,0.45703125,thunderstorm,0.17919921875,background_other,0.15576171875,0.15576171875,0.001953125,0.05712890625,0.45703125,0.14892578125,0.17919921875
106,screaming__fsd50k__dev__350605__0024__r0.wav,screaming,background_other,0,4,0.408203125,screaming,0.376953125,siren,0.212890625,0.408203125,0.0,0.001953125,0.376953125,0.212890625,0.0
107,screaming__fsd50k__dev__384213__0025__r0.wav,screaming,screaming,1,13,0.6769831776618958,siren,0.19411057233810425,background_other,0.12349759787321091,0.12349759787321091,0.0,0.0045072115026414394,0.6769831776618958,0.19411057233810425,0.0003004807804245502
108,screaming__fsd50k__dev__391358__0026__r0.wav,screaming,screaming,1,4,0.845703125,siren,0.0810546875,background_other,0.07421875,0.07421875,0.0,0.0,0.845703125,0.0810546875,0.0
109,screaming__fsd50k__dev__391362__0027__r0.wav,screaming,screaming,1,5,0.749218761920929,background_other,0.17812499403953552,siren,0.0703125,0.17812499403953552,0.0,0.0015625000232830644,0.749218761920929,0.0703125,0.0
110,screaming__fsd50k__dev__394282__0028__r0.wav,screaming,screaming,1,3,0.5494791865348816,background_other,0.3046875,siren,0.1263020783662796,0.3046875,0.0078125,0.009114583022892475,0.5494791865348816,0.1263020783662796,0.0
111,screaming__fsd50k__dev__395736__0029__r0.wav,screaming,screaming,1,2,0.77734375,background_other,0.177734375,siren,0.033203125,0.177734375,0.0078125,0.00390625,0.77734375,0.033203125,0.0
112,screaming__fsd50k__dev__396799__0030__r0.wav,screaming,screaming,1,2,0.595703125,background_other,0.294921875,chainsaw,0.072265625,0.294921875,0.072265625,0.0,0.595703125,0.0390625,0.0
113,screaming__fsd50k__dev__399675__0031__r0.wav,screaming,screaming,1,3,0.62109375,background_other,0.2161458283662796,siren,0.12109375,0.2161458283662796,0.0052083334885537624,0.0364583320915699,0.62109375,0.12109375,0.0
114,screaming__fsd50k__dev__403057__0032__r0.wav,screaming,background_other,0,5,0.3179687559604645,screaming,0.2890625,chainsaw,0.20937499403953552,0.3179687559604645,0.20937499403953552,0.0007812500116415322,0.2890625,0.18125000596046448,0.0
115,screaming__fsd50k__dev__416732__0033__r0.wav,screaming,siren,0,13,0.4468148946762085,background_other,0.44140625,screaming,0.08533653616905212,0.44140625,0.005408653989434242,0.0024038462433964014,0.08533653616905212,0.4468148946762085,0.017127403989434242
116,screaming__fsd50k__dev__63632__0034__r0.wav,screaming,screaming,1,1,0.8125,background_other,0.15234375,siren,0.03125,0.15234375,0.00390625,0.0,0.8125,0.03125,0.0
117,screaming__fsd50k__dev__63637__0035__r0.wav,screaming,screaming,1,1,0.78125,background_other,0.12890625,chainsaw,0.078125,0.12890625,0.078125,0.0,0.78125,0.01171875,0.0
118,screaming__fsd50k__dev__63641__0036__r0.wav,screaming,screaming,1,1,0.578125,background_other,0.39453125,chainsaw,0.01953125,0.39453125,0.01953125,0.0,0.578125,0.0078125,0.0
119,screaming__fsd50k__dev__89362__0037__r0.wav,screaming,screaming,1,1,0.63671875,siren,0.15234375,background_other,0.15234375,0.15234375,0.0546875,0.0,0.63671875,0.15234375,0.0
120,screaming__fsd50k__dev__9704__0038__r0.wav,screaming,screaming,1,1,0.66015625,background_other,0.3046875,siren,0.03515625,0.3046875,0.00390625,0.0,0.66015625,0.03515625,0.0
121,screaming__fsd50k__dev__9706__0039__r0.wav,screaming,siren,0,1,0.82421875,screaming,0.17578125,thunderstorm,0.0,0.0,0.0,0.0,0.17578125,0.82421875,0.0
122,thunderstorm__esc50__fold_4__125070__0000__r0.wav,thunderstorm,thunderstorm,1,6,0.8255208134651184,gunshot_gunfire,0.064453125,background_other,0.0553385429084301,0.0553385429084301,0.0026041667442768812,0.064453125,0.005859375,0.0481770820915699,0.8255208134651184
123,thunderstorm__esc50__fold_4__125071__0001__r0.wav,thunderstorm,thunderstorm,1,6,0.9244791865348816,gunshot_gunfire,0.03515625,background_other,0.02604166604578495,0.02604166604578495,0.0,0.03515625,0.00390625,0.009114583022892475,0.9244791865348816
124,thunderstorm__esc50__fold_4__125072__0002__r0.wav,thunderstorm,thunderstorm,1,6,0.8046875,background_other,0.1100260391831398,gunshot_gunfire,0.05859375,0.1100260391831398,0.0032552082557231188,0.05859375,0.005859375,0.01692708395421505,0.8046875
125,thunderstorm__esc50__fold_4__125072__0003__r0.wav,thunderstorm,thunderstorm,1,6,0.8404948115348816,gunshot_gunfire,0.0865885391831398,background_other,0.0455729179084301,0.0455729179084301,0.0052083334885537624,0.0865885391831398,0.0006510416860692203,0.02083333395421505,0.8404948115348816
126,thunderstorm__esc50__fold_4__156993__0004__r0.wav,thunderstorm,thunderstorm,1,6,0.740234375,gunshot_gunfire,0.1764322966337204,background_other,0.0572916679084301,0.0572916679084301,0.00390625,0.1764322966337204,0.0013020833721384406,0.01822916604578495,0.740234375
127,thunderstorm__esc50__fold_4__161519__0005__r0.wav,thunderstorm,thunderstorm,1,6,0.953125,siren,0.01888020895421505,gunshot_gunfire,0.014322916977107525,0.012369791977107525,0.0,0.014322916977107525,0.0,0.01888020895421505,0.953125
128,thunderstorm__esc50__fold_4__165813__0006__r0.wav,thunderstorm,thunderstorm,1,6,0.9518229365348816,background_other,0.025390625,gunshot_gunfire,0.013671875,0.025390625,0.0,0.013671875,0.001953125,0.008463541977107525,0.9518229365348816
129,thunderstorm__esc50__fold_4__165813__0007__r0.wav,thunderstorm,thunderstorm,1,6,0.8802083134651184,gunshot_gunfire,0.0553385429084301,siren,0.03125,0.02864583395421505,0.0,0.0553385429084301,0.0032552082557231188,0.03125,0.8802083134651184
130,thunderstorm__fsd50k__dev__124587__0008__r0.wav,thunderstorm,thunderstorm,1,13,0.8987379670143127,background_other,0.048076923936605453,gunshot_gunfire,0.036057692021131516,0.048076923936605453,0.0,0.036057692021131516,0.0006009615608491004,0.013822115026414394,0.8987379670143127
131,thunderstorm__fsd50k__dev__125634__0009__r0.wav,thunderstorm,thunderstorm,1,13,0.891526460647583,background_other,0.05048076808452606,gunshot_gunfire,0.03545673191547394,0.05048076808452606,0.0009014423121698201,0.03545673191547394,0.0012019231216982007,0.018930288031697273,0.891526460647583
132,thunderstorm__fsd50k__dev__128343__0010__r0.wav,thunderstorm,thunderstorm,1,13,0.7418870329856873,gunshot_gunfire,0.22686298191547394,background_other,0.026742788031697273,0.026742788031697273,0.0006009615608491004,0.22686298191547394,0.0,0.002704326994717121,0.7418870329856873
133,thunderstorm__fsd50k__dev__135104__0011__r0.wav,thunderstorm,thunderstorm,1,13,0.9332932829856873,siren,0.025841346010565758,gunshot_gunfire,0.02133413404226303,0.017127403989434242,0.0,0.02133413404226303,0.0003004807804245502,0.025841346010565758,0.9332932829856873
134,thunderstorm__fsd50k__dev__155833__0012__r0.wav,thunderstorm,thunderstorm,1,13,0.9152644276618958,gunshot_gunfire,0.045673076063394547,background_other,0.018930288031697273,0.018930288031697273,0.0,0.045673076063394547,0.0009014423121698201,0.01742788404226303,0.9152644276618958
135,thunderstorm__fsd50k__dev__163287__0013__r0.wav,thunderstorm,thunderstorm,1,13,0.940504789352417,gunshot_gunfire,0.022536057978868484,background_other,0.01923076994717121,0.01923076994717121,0.0,0.022536057978868484,0.0006009615608491004,0.015324519015848637,0.940504789352417
136,thunderstorm__fsd50k__dev__165299__0014__r0.wav,thunderstorm,thunderstorm,1,13,0.6484375,background_other,0.16887019574642181,gunshot_gunfire,0.08623798191547394,0.16887019574642181,0.03275240212678909,0.08623798191547394,0.005408653989434242,0.057692307978868484,0.6484375
137,thunderstorm__fsd50k__dev__165874__0015__r0.wav,thunderstorm,thunderstorm,1,13,0.9086538553237915,gunshot_gunfire,0.037860576063394547,siren,0.028545673936605453,0.022235576063394547,0.0,0.037860576063394547,0.003004807746037841,0.028545673936605453,0.9086538553237915
138,thunderstorm__fsd50k__dev__186907__0016__r0.wav,thunderstorm,thunderstorm,1,13,0.7364783883094788,gunshot_gunfire,0.11748798191547394,background_other,0.09555288404226303,0.09555288404226303,0.006911057513207197,0.11748798191547394,0.005408653989434242,0.037860576063394547,0.7364783883094788
139,thunderstorm__fsd50k__dev__189794__0017__r0.wav,thunderstorm,thunderstorm,1,13,0.9221754670143127,gunshot_gunfire,0.04266826808452606,background_other,0.024639423936605453,0.024639423936605453,0.0,0.04266826808452606,0.002704326994717121,0.008413461968302727,0.9221754670143127
140,thunderstorm__fsd50k__dev__191992__0018__r0.wav,thunderstorm,thunderstorm,1,13,0.893629789352417,gunshot_gunfire,0.06550480425357819,siren,0.026742788031697273,0.012019230984151363,0.0003004807804245502,0.06550480425357819,0.0,0.026742788031697273,0.893629789352417
141,thunderstorm__fsd50k__dev__193170__0019__r0.wav,thunderstorm,thunderstorm,1,7,0.9369419813156128,gunshot_gunfire,0.0340401791036129,background_other,0.02678571455180645,0.02678571455180645,0.0,0.0340401791036129,0.0,0.0005580357392318547,0.9369419813156128
142,thunderstorm__fsd50k__dev__194849__0020__r0.wav,thunderstorm,thunderstorm,1,13,0.8771033883094788,gunshot_gunfire,0.06610576808452606,background_other,0.04356971010565758,0.04356971010565758,0.0,0.06610576808452606,0.004807692486792803,0.008112980984151363,0.8771033883094788
143,thunderstorm__fsd50k__dev__195344__0021__r0.wav,thunderstorm,thunderstorm,1,13,0.848557710647583,gunshot_gunfire,0.06670673191547394,background_other,0.040264423936605453,0.040264423936605453,0.0,0.06670673191547394,0.010817307978868484,0.03455528989434242,0.848557710647583
144,thunderstorm__fsd50k__dev__195738__0022__r0.wav,thunderstorm,thunderstorm,1,13,0.49248796701431274,gunshot_gunfire,0.20012019574642181,background_other,0.13371394574642181,0.13371394574642181,0.06850961595773697,0.20012019574642181,0.006009615492075682,0.09765625,0.49248796701431274
145,thunderstorm__fsd50k__dev__198496__0023__r0.wav,thunderstorm,thunderstorm,1,13,0.7710336446762085,gunshot_gunfire,0.11808894574642181,background_other,0.07181490212678909,0.07181490212678909,0.0003004807804245502,0.11808894574642181,0.009014423005282879,0.029747596010565758,0.7710336446762085
146,thunderstorm__fsd50k__dev__203721__0024__r0.wav,thunderstorm,thunderstorm,1,6,0.7259114384651184,background_other,0.1490885466337204,gunshot_gunfire,0.1100260391831398,0.1490885466337204,0.0026041667442768812,0.1100260391831398,0.0013020833721384406,0.010416666977107525,0.7259114384651184
147,thunderstorm__fsd50k__dev__203830__0025__r0.wav,thunderstorm,thunderstorm,1,13,0.6772836446762085,background_other,0.17007210850715637,gunshot_gunfire,0.12860576808452606,0.17007210850715637,0.0018028846243396401,0.12860576808452606,0.0015024038730189204,0.020132211968302727,0.6772836446762085
148,thunderstorm__fsd50k__dev__205832__0026__r0.wav,thunderstorm,thunderstorm,1,13,0.9417067170143127,gunshot_gunfire,0.026141826063394547,background_other,0.02313701994717121,0.02313701994717121,0.0,0.026141826063394547,0.0,0.007512019015848637,0.9417067170143127
149,thunderstorm__fsd50k__dev__210044__0027__r0.wav,thunderstorm,thunderstorm,1,2,0.83203125,gunshot_gunfire,0.154296875,background_other,0.01171875,0.01171875,0.0,0.154296875,0.0,0.001953125,0.83203125
150,thunderstorm__fsd50k__dev__21847__0028__r0.wav,thunderstorm,thunderstorm,1,13,0.4311898946762085,background_other,0.23557692766189575,siren,0.20793269574642181,0.23557692766189575,0.06610576808452606,0.044170673936605453,0.01592548005282879,0.20793269574642181,0.4311898946762085
151,thunderstorm__fsd50k__dev__22033__0029__r0.wav,thunderstorm,thunderstorm,1,13,0.8191105723381042,gunshot_gunfire,0.12890625,background_other,0.026141826063394547,0.026141826063394547,0.0018028846243396401,0.12890625,0.0003004807804245502,0.022836538031697273,0.8191105723381042
152,thunderstorm__fsd50k__dev__222601__0030__r0.wav,thunderstorm,thunderstorm,1,13,0.8786057829856873,gunshot_gunfire,0.07151442021131516,background_other,0.034254807978868484,0.034254807978868484,0.0,0.07151442021131516,0.0,0.015024038031697273,0.8786057829856873
153,thunderstorm__fsd50k__dev__22874__0031__r0.wav,thunderstorm,thunderstorm,1,13,0.8918269276618958,gunshot_gunfire,0.05799278989434242,background_other,0.037860576063394547,0.037860576063394547,0.0012019231216982007,0.05799278989434242,0.0009014423121698201,0.009314903989434242,0.8918269276618958
154,thunderstorm__fsd50k__dev__237519__0032__r0.wav,thunderstorm,thunderstorm,1,13,0.932692289352417,gunshot_gunfire,0.040264423936605453,background_other,0.020733173936605453,0.020733173936605453,0.0,0.040264423936605453,0.0018028846243396401,0.0045072115026414394,0.932692289352417
155,thunderstorm__fsd50k__dev__242048__0033__r0.wav,thunderstorm,background_other,0,13,0.5856370329856873,thunderstorm,0.16977164149284363,siren,0.15294471383094788,0.5856370329856873,0.008713942021131516,0.055889423936605453,0.026742788031697273,0.15294471383094788,0.16977164149284363
156,thunderstorm__fsd50k__dev__242981__0034__r0.wav,thunderstorm,thunderstorm,1,13,0.8677884340286255,siren,0.04717548191547394,background_other,0.04266826808452606,0.04266826808452606,0.006610576994717121,0.03515625,0.0,0.04717548191547394,0.8677884340286255
157,thunderstorm__fsd50k__dev__243757__0035__r0.wav,thunderstorm,thunderstorm,1,13,0.821213960647583,background_other,0.08143028616905212,gunshot_gunfire,0.07692307978868484,0.08143028616905212,0.0012019231216982007,0.07692307978868484,0.0015024038730189204,0.016526442021131516,0.821213960647583
158,thunderstorm__fsd50k__dev__243965__0036__r0.wav,thunderstorm,thunderstorm,1,4,0.4501953125,background_other,0.3388671875,siren,0.14453125,0.3388671875,0.0,0.0283203125,0.037109375,0.14453125,0.4501953125
159,thunderstorm__fsd50k__dev__243968__0037__r0.wav,thunderstorm,background_other,0,4,0.390625,thunderstorm,0.287109375,siren,0.140625,0.390625,0.0,0.1162109375,0.0634765625,0.140625,0.287109375
160,thunderstorm__fsd50k__dev__244693__0038__r0.wav,thunderstorm,thunderstorm,1,11,0.8810369372367859,gunshot_gunfire,0.07457386702299118,background_other,0.024147726595401764,0.024147726595401764,0.0,0.07457386702299118,0.0021306818816810846,0.01775568164885044,0.8810369372367859
161,thunderstorm__fsd50k__dev__248110__0039__r0.wav,thunderstorm,thunderstorm,1,13,0.832932710647583,gunshot_gunfire,0.08323317021131516,background_other,0.045973557978868484,0.045973557978868484,0.0015024038730189204,0.08323317021131516,0.0009014423121698201,0.03365384787321091,0.832932710647583
162,thunderstorm__fsd50k__dev__253763__0040__r0.wav,thunderstorm,thunderstorm,1,13,0.94140625,gunshot_gunfire,0.02133413404226303,siren,0.018930288031697273,0.016526442021131516,0.0,0.02133413404226303,0.0,0.018930288031697273,0.94140625
163,thunderstorm__fsd50k__dev__259316__0041__r0.wav,thunderstorm,thunderstorm,1,13,0.8734976053237915,background_other,0.055889423936605453,gunshot_gunfire,0.051682692021131516,0.055889423936605453,0.0,0.051682692021131516,0.0018028846243396401,0.01592548005282879,0.8734976053237915
164,thunderstorm__fsd50k__dev__29675__0042__r0.wav,thunderstorm,thunderstorm,1,13,0.7611178159713745,gunshot_gunfire,0.14783653616905212,background_other,0.04507211595773697,0.04507211595773697,0.00390625,0.14783653616905212,0.0015024038730189204,0.03936298191547394,0.7611178159713745
165,thunderstorm__fsd50k__dev__31452__0043__r0.wav,thunderstorm,thunderstorm,1,13,0.8383413553237915,gunshot_gunfire,0.078125,background_other,0.05078125,0.05078125,0.0012019231216982007,0.078125,0.0021033654920756817,0.029747596010565758,0.8383413553237915
166,thunderstorm__fsd50k__dev__328391__0044__r0.wav,thunderstorm,thunderstorm,1,13,0.8909254670143127,gunshot_gunfire,0.061298076063394547,siren,0.02704326994717121,0.018930288031697273,0.0,0.061298076063394547,0.0,0.02704326994717121,0.8909254670143127
167,thunderstorm__fsd50k__dev__33246__0045__r0.wav,thunderstorm,thunderstorm,1,13,0.8452523946762085,gunshot_gunfire,0.07271634787321091,background_other,0.05318509787321091,0.05318509787321091,0.00390625,0.07271634787321091,0.0015024038730189204,0.02163461595773697,0.8452523946762085
168,thunderstorm__fsd50k__dev__341960__0046__r0.wav,thunderstorm,thunderstorm,1,4,0.8857421875,gunshot_gunfire,0.0986328125,background_other,0.015625,0.015625,0.0,0.0986328125,0.0,0.0,0.8857421875
169,thunderstorm__fsd50k__dev__344434__0047__r0.wav,thunderstorm,thunderstorm,1,13,0.8191105723381042,background_other,0.07752403616905212,siren,0.059795673936605453,0.07752403616905212,0.013221153989434242,0.026742788031697273,0.003004807746037841,0.059795673936605453,0.8191105723381042
170,thunderstorm__fsd50k__dev__344435__0048__r0.wav,thunderstorm,thunderstorm,1,13,0.8855168223381042,background_other,0.05408653989434242,gunshot_gunfire,0.04867788404226303,0.05408653989434242,0.0003004807804245502,0.04867788404226303,0.0012019231216982007,0.009915865026414394,0.8855168223381042
171,thunderstorm__fsd50k__dev__345920__0049__r0.wav,thunderstorm,thunderstorm,1,4,0.6650390625,gunshot_gunfire,0.294921875,background_other,0.0302734375,0.0302734375,0.0009765625,0.294921875,0.0,0.009765625,0.6650390625
172,thunderstorm__fsd50k__dev__359151__0050__r0.wav,thunderstorm,thunderstorm,1,13,0.94140625,siren,0.0234375,gunshot_gunfire,0.020432692021131516,0.013221153989434242,0.0,0.020432692021131516,0.0006009615608491004,0.0234375,0.94140625
173,thunderstorm__fsd50k__dev__363252__0051__r0.wav,thunderstorm,thunderstorm,1,13,0.95703125,gunshot_gunfire,0.020432692021131516,background_other,0.014423076994717121,0.014423076994717121,0.0,0.020432692021131516,0.0,0.006911057513207197,0.95703125
174,thunderstorm__fsd50k__dev__367510__0052__r0.wav,thunderstorm,thunderstorm,1,13,0.9113581776618958,gunshot_gunfire,0.04236778989434242,siren,0.029747596010565758,0.015324519015848637,0.0,0.04236778989434242,0.0,0.029747596010565758,0.9113581776618958
175,thunderstorm__fsd50k__dev__37299__0053__r0.wav,thunderstorm,thunderstorm,1,13,0.5874398946762085,background_other,0.17097355425357819,gunshot_gunfire,0.16766826808452606,0.17097355425357819,0.0012019231216982007,0.16766826808452606,0.010817307978868484,0.06219951808452606,0.5874398946762085
176,thunderstorm__fsd50k__dev__37304__0054__r0.wav,thunderstorm,thunderstorm,1,13,0.7259615659713745,background_other,0.11989182978868484,siren,0.08263221383094788,0.11989182978868484,0.009915865026414394,0.05679086595773697,0.00390625,0.08263221383094788,0.7259615659713745
177,thunderstorm__fsd50k__dev__375999__0055__r0.wav,thunderstorm,thunderstorm,1,13,0.9113581776618958,background_other,0.03305288404226303,gunshot_gunfire,0.02704326994717121,0.03305288404226303,0.0,0.02704326994717121,0.0009014423121698201,0.026141826063394547,0.9113581776618958
178,thunderstorm__fsd50k__dev__394070__0056__r0.wav,thunderstorm,thunderstorm,1,6,0.61328125,gunshot_gunfire,0.287109375,background_other,0.0716145858168602,0.0716145858168602,0.0032552082557231188,0.287109375,0.00390625,0.02018229104578495,0.61328125
179,thunderstorm__fsd50k__dev__394071__0057__r0.wav,thunderstorm,thunderstorm,1,13,0.8948317170143127,gunshot_gunfire,0.04356971010565758,background_other,0.04266826808452606,0.04266826808452606,0.0021033654920756817,0.04356971010565758,0.0012019231216982007,0.015324519015848637,0.8948317170143127
180,thunderstorm__fsd50k__dev__399870__0058__r0.wav,thunderstorm,thunderstorm,1,12,0.8782551884651184,gunshot_gunfire,0.0654296875,background_other,0.0377604179084301,0.0377604179084301,0.0006510416860692203,0.0654296875,0.0016276041278615594,0.013671875,0.8782551884651184
181,thunderstorm__fsd50k__dev__414050__0059__r0.wav,thunderstorm,thunderstorm,1,13,0.9402043223381042,gunshot_gunfire,0.036057692021131516,background_other,0.018028846010565758,0.018028846010565758,0.0003004807804245502,0.036057692021131516,0.0,0.005108173005282879,0.9402043223381042
182,background_other__esc50__fold_4__4-161100-A-47__0000.wav,background_other,gunshot_gunfire,0,6,0.2799479067325592,background_other,0.2591145932674408,chainsaw,0.2376302033662796,0.2591145932674408,0.2376302033662796,0.2799479067325592,0.03125,0.0677083358168602,0.125
183,background_other__esc50__fold_4__4-210000-A-23__0001.wav,background_other,screaming,0,6,0.3229166567325592,background_other,0.2864583432674408,gunshot_gunfire,0.1764322966337204,0.2864583432674408,0.01692708395421505,0.1764322966337204,0.3229166567325592,0.0364583320915699,0.1595052033662796
184,background_other__esc50__fold_4__4-144468-B-27__0002.wav,background_other,background_other,1,6,0.697265625,gunshot_gunfire,0.1451822966337204,thunderstorm,0.08984375,0.697265625,0.0006510416860692203,0.1451822966337204,0.0592447929084301,0.005859375,0.08984375
185,background_other__esc50__fold_4__4-216349-A-34__0003.wav,background_other,gunshot_gunfire,0,1,0.54296875,background_other,0.421875,screaming,0.03125,0.421875,0.0,0.54296875,0.03125,0.00390625,0.0
186,background_other__esc50__fold_4__4-175846-A-43__0004.wav,background_other,background_other,1,3,0.5690104365348816,siren,0.3828125,screaming,0.0364583320915699,0.5690104365348816,0.0013020833721384406,0.0052083334885537624,0.0364583320915699,0.3828125,0.0026041667442768812
187,background_other__esc50__fold_4__4-133047-A-5__0005.wav,background_other,background_other,1,6,0.470703125,siren,0.26171875,screaming,0.2428385466337204,0.470703125,0.0032552082557231188,0.0045572915114462376,0.2428385466337204,0.26171875,0.017578125
188,background_other__esc50__fold_4__4-159609-B-14__0006.wav,background_other,background_other,1,6,0.361328125,thunderstorm,0.2838541567325592,siren,0.236328125,0.361328125,0.0006510416860692203,0.06640625,0.05078125,0.236328125,0.2838541567325592
189,background_other__esc50__fold_4__4-125825-A-46__0007.wav,background_other,background_other,1,6,0.4856770932674408,siren,0.384765625,screaming,0.123046875,0.4856770932674408,0.0026041667442768812,0.0013020833721384406,0.123046875,0.384765625,0.0
190,background_other__esc50__fold_4__4-189838-A-22__0008.wav,background_other,thunderstorm,0,6,0.4466145932674408,gunshot_gunfire,0.3704427182674408,background_other,0.1438802033662796,0.1438802033662796,0.013020833022892475,0.3704427182674408,0.0013020833721384406,0.02604166604578495,0.4466145932674408
191,background_other__esc50__fold_4__4-209536-A-37__0009.wav,background_other,background_other,1,6,0.7194010615348816,siren,0.142578125,screaming,0.115234375,0.7194010615348816,0.02083333395421505,0.001953125,0.115234375,0.142578125,0.0
192,background_other__esc50__fold_4__4-191327-A-38__0010.wav,background_other,background_other,1,6,0.7076823115348816,screaming,0.1302083283662796,siren,0.0592447929084301,0.7076823115348816,0.014322916977107525,0.0384114570915699,0.1302083283662796,0.0592447929084301,0.048828125
193,background_other__esc50__fold_4__4-177835-A-24__0011.wav,background_other,background_other,1,1,0.64453125,screaming,0.3359375,siren,0.0078125,0.64453125,0.0,0.0078125,0.3359375,0.0078125,0.0
194,background_other__esc50__fold_4__4-181955-C-3__0012.wav,background_other,siren,0,6,0.4817708432674408,chainsaw,0.1927083283662796,background_other,0.1901041716337204,0.1901041716337204,0.1927083283662796,0.0,0.1334635466337204,0.4817708432674408,0.001953125
195,background_other__esc50__fold_4__4-181563-A-12__0013.wav,background_other,thunderstorm,0,6,0.6497395634651184,background_other,0.169921875,gunshot_gunfire,0.1471354216337204,0.169921875,0.021484375,0.1471354216337204,0.0,0.010416666977107525,0.6497395634651184
196,background_other__esc50__fold_4__4-163697-A-13__0014.wav,background_other,background_other,1,6,0.8190104365348816,screaming,0.1529947966337204,gunshot_gunfire,0.013671875,0.8190104365348816,0.00390625,0.013671875,0.1529947966337204,0.0052083334885537624,0.0052083334885537624
197,background_other__esc50__fold_4__4-159426-A-9__0015.wav,background_other,screaming,0,3,0.4205729067325592,background_other,0.26171875,chainsaw,0.1861979216337204,0.26171875,0.1861979216337204,0.02994791604578495,0.4205729067325592,0.1041666641831398,0.0
198,background_other__esc50__fold_4__4-59579-A-20__0016.wav,background_other,screaming,0,6,0.767578125,background_other,0.140625,siren,0.0657552108168602,0.140625,0.02018229104578495,0.00390625,0.767578125,0.0657552108168602,0.0006510416860692203
199,background_other__esc50__fold_4__4-207124-A-0__0017.wav,background_other,background_other,1,6,0.5748698115348816,screaming,0.3951822817325592,siren,0.01822916604578495,0.5748698115348816,0.0013020833721384406,0.009765625,0.3951822817325592,0.01822916604578495,0.0
200,background_other__esc50__fold_4__4-132839-A-33__0018.wav,background_other,chainsaw,0,6,0.4830729067325592,background_other,0.2180989533662796,siren,0.19140625,0.2180989533662796,0.4830729067325592,0.0,0.10546875,0.19140625,0.0
201,background_other__esc50__fold_4__4-188878-A-30__0019.wav,background_other,thunderstorm,0,6,0.43359375,background_other,0.2473958283662796,gunshot_gunfire,0.1848958283662796,0.2473958283662796,0.0,0.1848958283662796,0.0729166641831398,0.060546875,0.43359375
202,background_other__esc50__fold_4__4-204202-A-29__0020.wav,background_other,background_other,1,4,0.869140625,screaming,0.0888671875,gunshot_gunfire,0.0224609375,0.869140625,0.0,0.0224609375,0.0888671875,0.017578125,0.0009765625
203,background_other__esc50__fold_4__4-186962-A-44__0021.wav,background_other,gunshot_gunfire,0,6,0.3352864682674408,background_other,0.259765625,thunderstorm,0.1848958283662796,0.259765625,0.1751302033662796,0.3352864682674408,0.0006510416860692203,0.044921875,0.1848958283662796
204,background_other__esc50__fold_4__4-119647-B-48__0022.wav,background_other,thunderstorm,0,6,0.3678385317325592,background_other,0.2298177033662796,siren,0.22265625,0.2298177033662796,0.0032552082557231188,0.103515625,0.072265625,0.22265625,0.3678385317325592
205,background_other__esc50__fold_4__4-194979-A-25__0023.wav,background_other,thunderstorm,0,6,0.6529948115348816,gunshot_gunfire,0.1848958283662796,background_other,0.1569010466337204,0.1569010466337204,0.0013020833721384406,0.1848958283662796,0.0013020833721384406,0.0013020833721384406,0.6529948115348816
206,background_other__esc50__fold_4__4-99193-A-4__0024.wav,background_other,background_other,1,6,0.6529948115348816,screaming,0.16796875,siren,0.1608072966337204,0.6529948115348816,0.001953125,0.0052083334885537624,0.16796875,0.1608072966337204,0.012369791977107525
207,background_other__esc50__fold_4__4-212698-A-39__0025.wav,background_other,gunshot_gunfire,0,2,0.6484375,background_other,0.26171875,thunderstorm,0.076171875,0.26171875,0.001953125,0.6484375,0.009765625,0.00390625,0.076171875
208,background_other__esc50__fold_4__4-251645-A-49__0026.wav,background_other,background_other,1,6,0.7936198115348816,screaming,0.134765625,chainsaw,0.0377604179084301,0.7936198115348816,0.0377604179084301,0.03059895895421505,0.134765625,0.0006510416860692203,0.0032552082557231188
209,background_other__esc50__fold_4__4-193480-A-40__0027.wav,background_other,chainsaw,0,6,0.3743489682674408,thunderstorm,0.3619791567325592,background_other,0.1321614533662796,0.1321614533662796,0.3743489682674408,0.076171875,0.0,0.0546875,0.3619791567325592
210,background_other__esc50__fold_4__4-197103-A-6__0028.wav,background_other,background_other,1,6,0.8444010615348816,screaming,0.0846354141831398,siren,0.0377604179084301,0.8444010615348816,0.0,0.005859375,0.0846354141831398,0.0377604179084301,0.025390625
211,background_other__esc50__fold_4__4-143118-A-7__0029.wav,background_other,thunderstorm,0,6,0.6009114384651184,background_other,0.1881510466337204,siren,0.1555989533662796,0.1881510466337204,0.010416666977107525,0.0377604179084301,0.0065104165114462376,0.1555989533662796,0.6009114384651184
212,background_other__esc50__fold_4__4-158653-A-32__0030.wav,background_other,background_other,1,6,0.7096354365348816,gunshot_gunfire,0.2415364533662796,thunderstorm,0.03059895895421505,0.7096354365348816,0.0,0.2415364533662796,0.013671875,0.0052083334885537624,0.03059895895421505
213,background_other__esc50__fold_4__4-155670-A-26__0031.wav,background_other,screaming,0,6,0.4296875,background_other,0.392578125,siren,0.1627604216337204,0.392578125,0.009114583022892475,0.0013020833721384406,0.4296875,0.1627604216337204,0.00390625
214,background_other__esc50__fold_4__4-204683-A-31__0032.wav,background_other,background_other,1,6,0.4055989682674408,thunderstorm,0.3118489682674408,siren,0.125,0.4055989682674408,0.0032552082557231188,0.0826822891831398,0.0716145858168602,0.125,0.3118489682674408
215,background_other__esc50__fold_4__4-147240-A-2__0033.wav,background_other,background_other,1,6,0.5358073115348816,thunderstorm,0.314453125,gunshot_gunfire,0.0872395858168602,0.5358073115348816,0.008463541977107525,0.0872395858168602,0.01822916604578495,0.037109375,0.314453125
216,background_other__esc50__fold_4__4-187504-A-17__0034.wav,background_other,background_other,1,6,0.8736979365348816,gunshot_gunfire,0.0455729179084301,screaming,0.0403645820915699,0.8736979365348816,0.011067708022892475,0.0455729179084301,0.0403645820915699,0.017578125,0.01171875
217,background_other__esc50__fold_4__4-163264-A-10__0035.wav,background_other,thunderstorm,0,6,0.529296875,gunshot_gunfire,0.2122395783662796,background_other,0.1354166716337204,0.1354166716337204,0.037109375,0.2122395783662796,0.001953125,0.0833333358168602,0.529296875
218,background_other__esc50__fold_4__4-164064-C-1__0036.wav,background_other,screaming,0,2,0.69921875,background_other,0.2265625,siren,0.06640625,0.2265625,0.0,0.005859375,0.69921875,0.06640625,0.0
219,background_other__esc50__fold_4__4-167063-B-11__0037.wav,background_other,thunderstorm,0,6,0.55078125,gunshot_gunfire,0.3561197817325592,background_other,0.0592447929084301,0.0592447929084301,0.01953125,0.3561197817325592,0.0006510416860692203,0.013020833022892475,0.55078125
220,background_other__esc50__fold_4__4-188703-D-8__0038.wav,background_other,siren,0,6,0.470703125,background_other,0.3671875,thunderstorm,0.0709635391831398,0.3671875,0.01953125,0.0071614584885537624,0.0625,0.470703125,0.0709635391831398
221,background_other__esc50__fold_4__4-184434-A-21__0039.wav,background_other,background_other,1,4,0.515625,screaming,0.2021484375,gunshot_gunfire,0.1728515625,0.515625,0.0009765625,0.1728515625,0.2021484375,0.009765625,0.099609375
222,background_other__esc50__fold_4__4-197454-B-28__0040.wav,background_other,background_other,1,6,0.55078125,screaming,0.2096354216337204,siren,0.146484375,0.55078125,0.017578125,0.037109375,0.2096354216337204,0.146484375,0.0384114570915699
223,background_other__esc50__fold_4__4-141365-A-18__0041.wav,background_other,background_other,1,6,0.6217448115348816,chainsaw,0.30078125,gunshot_gunfire,0.0325520820915699,0.6217448115348816,0.30078125,0.0325520820915699,0.013671875,0.015625,0.014973958022892475
224,background_other__esc50__fold_4__4-165791-A-45__0042.wav,background_other,thunderstorm,0,6,0.5149739384651184,background_other,0.1705729216337204,siren,0.166015625,0.1705729216337204,0.014322916977107525,0.1217447891831398,0.013671875,0.166015625,0.5149739384651184
225,background_other__esc50__fold_4__4-172734-A-36__0043.wav,background_other,chainsaw,0,6,0.6263020634651184,siren,0.1901041716337204,background_other,0.1022135391831398,0.1022135391831398,0.6263020634651184,0.017578125,0.0625,0.1901041716337204,0.0013020833721384406
226,background_other__esc50__fold_4__4-218199-C-35__0044.wav,background_other,siren,0,6,0.7421875,background_other,0.18359375,screaming,0.044921875,0.18359375,0.01888020895421505,0.0,0.044921875,0.7421875,0.0078125
227,background_other__esc50__fold_4__4-197871-A-15__0045.wav,background_other,background_other,1,2,0.771484375,screaming,0.1171875,siren,0.072265625,0.771484375,0.0,0.037109375,0.1171875,0.072265625,0.001953125
228,background_other__esc50__fold_4__4-163609-A-16__0046.wav,background_other,thunderstorm,0,6,0.8548176884651184,siren,0.0794270858168602,background_other,0.029296875,0.029296875,0.00390625,0.02864583395421505,0.0026041667442768812,0.0794270858168602,0.8548176884651184
229,background_other__esc50__fold_4__4-161103-A-47__0047.wav,background_other,chainsaw,0,6,0.3444010317325592,background_other,0.3111979067325592,thunderstorm,0.1848958283662796,0.3111979067325592,0.3444010317325592,0.0546875,0.025390625,0.080078125,0.1848958283662796
230,background_other__esc50__fold_4__4-198025-A-23__0048.wav,background_other,background_other,1,6,0.68359375,screaming,0.1627604216337204,gunshot_gunfire,0.0944010391831398,0.68359375,0.0462239570915699,0.0944010391831398,0.1627604216337204,0.0045572915114462376,0.0078125
231,background_other__esc50__fold_4__4-172500-A-27__0049.wav,background_other,background_other,1,6,0.51953125,thunderstorm,0.4036458432674408,gunshot_gunfire,0.0390625,0.51953125,0.0234375,0.0390625,0.009765625,0.005859375,0.4036458432674408
232,background_other__esc50__fold_4__4-187384-A-34__0050.wav,background_other,gunshot_gunfire,0,1,0.55078125,background_other,0.42578125,screaming,0.015625,0.42578125,0.0,0.55078125,0.015625,0.00390625,0.0
233,background_other__esc50__fold_4__4-175855-A-43__0051.wav,background_other,siren,0,3,0.3828125,background_other,0.3255208432674408,thunderstorm,0.19921875,0.3255208432674408,0.013020833022892475,0.0416666679084301,0.0364583320915699,0.3828125,0.19921875
234,background_other__esc50__fold_4__4-149940-B-5__0052.wav,background_other,background_other,1,6,0.3255208432674408,screaming,0.31640625,siren,0.1888020783662796,0.3255208432674408,0.0006510416860692203,0.02473958395421505,0.31640625,0.1888020783662796,0.142578125
235,background_other__esc50__fold_4__4-187769-B-14__0053.wav,background_other,siren,0,6,0.548828125,background_other,0.365234375,screaming,0.0390625,0.365234375,0.0006510416860692203,0.013671875,0.0390625,0.548828125,0.0345052070915699
236,background_other__esc50__fold_4__4-147658-A-46__0054.wav,background_other,siren,0,6,0.4290364682674408,background_other,0.296875,chainsaw,0.1875,0.296875,0.1875,0.0026041667442768812,0.083984375,0.4290364682674408,0.0
237,background_other__esc50__fold_4__4-189832-B-22__0055.wav,background_other,gunshot_gunfire,0,6,0.4759114682674408,thunderstorm,0.3671875,background_other,0.1171875,0.1171875,0.01692708395421505,0.4759114682674408,0.0,0.02083333395421505,0.3671875
238,background_other__esc50__fold_4__4-198841-A-37__0056.wav,background_other,background_other,1,6,0.5130208134651184,siren,0.3391927182674408,screaming,0.0826822891831398,0.5130208134651184,0.052734375,0.01171875,0.0826822891831398,0.3391927182674408,0.0006510416860692203
239,background_other__esc50__fold_4__4-179984-A-38__0057.wav,background_other,background_other,1,6,0.7552083134651184,screaming,0.208984375,siren,0.01953125,0.7552083134651184,0.0,0.01627604104578495,0.208984375,0.01953125,0.0
240,background_other__esc50__fold_4__4-169726-A-24__0058.wav,background_other,screaming,0,1,0.609375,background_other,0.3203125,gunshot_gunfire,0.05859375,0.3203125,0.00390625,0.05859375,0.609375,0.0078125,0.0
241,background_other__esc50__fold_4__4-213915-B-3__0059.wav,background_other,siren,0,6,0.388671875,chainsaw,0.3463541567325592,screaming,0.1360677033662796,0.1263020783662796,0.3463541567325592,0.0,0.1360677033662796,0.388671875,0.0006510416860692203
242,background_other__fsd50k__val__speech__60689__0000.wav,background_other,background_other,1,13,0.38671875,siren,0.2554086446762085,thunderstorm,0.234375,0.38671875,0.04236778989434242,0.024939903989434242,0.05649038404226303,0.2554086446762085,0.234375
243,background_other__fsd50k__val__speech__87703__0001.wav,background_other,background_other,1,1,0.65625,siren,0.1796875,screaming,0.15625,0.65625,0.00390625,0.00390625,0.15625,0.1796875,0.0
244,background_other__fsd50k__val__speech__87704__0002.wav,background_other,background_other,1,1,0.65625,siren,0.1796875,screaming,0.16015625,0.65625,0.0,0.0,0.16015625,0.1796875,0.0
245,background_other__fsd50k__val__speech__90177__0003.wav,background_other,background_other,1,1,0.55078125,siren,0.22265625,screaming,0.1171875,0.55078125,0.0546875,0.00390625,0.1171875,0.22265625,0.0546875
246,background_other__fsd50k__val__speech__258371__0004.wav,background_other,background_other,1,3,0.4205729067325592,screaming,0.3541666567325592,siren,0.1432291716337204,0.4205729067325592,0.0690104141831398,0.010416666977107525,0.3541666567325592,0.1432291716337204,0.0026041667442768812
247,background_other__fsd50k__val__speech__371385__0005.wav,background_other,screaming,0,1,0.48046875,background_other,0.421875,siren,0.08984375,0.421875,0.0,0.0078125,0.48046875,0.08984375,0.0
248,background_other__fsd50k__val__speech__257344__0006.wav,background_other,background_other,1,12,0.8756510615348816,screaming,0.0657552108168602,gunshot_gunfire,0.0481770820915699,0.8756510615348816,0.0,0.0481770820915699,0.0657552108168602,0.009440104477107525,0.00032552084303461015
249,background_other__fsd50k__val__speech__259674__0007.wav,background_other,background_other,1,3,0.8684895634651184,screaming,0.0651041641831398,gunshot_gunfire,0.0390625,0.8684895634651184,0.0026041667442768812,0.0390625,0.0651041641831398,0.0052083334885537624,0.01953125
250,background_other__fsd50k__val__speech__219772__0008.wav,background_other,background_other,1,5,0.7515624761581421,screaming,0.22499999403953552,siren,0.010937499813735485,0.7515624761581421,0.0007812500116415322,0.01015624962747097,0.22499999403953552,0.010937499813735485,0.0
251,background_other__fsd50k__val__speech__379393__0009.wav,background_other,background_other,1,1,0.84765625,screaming,0.10546875,siren,0.04296875,0.84765625,0.0,0.0,0.10546875,0.04296875,0.0
252,background_other__fsd50k__val__speech__220372__0010.wav,background_other,background_other,1,13,0.7331730723381042,screaming,0.12710335850715637,siren,0.11448317021131516,0.7331730723381042,0.0021033654920756817,0.007512019015848637,0.12710335850715637,0.11448317021131516,0.014423076994717121
253,background_other__fsd50k__val__speech__174955__0011.wav,background_other,background_other,1,3,0.8125,screaming,0.10546875,siren,0.0638020858168602,0.8125,0.01171875,0.00390625,0.10546875,0.0638020858168602,0.0052083334885537624
254,background_other__fsd50k__val__speech__19199__0012.wav,background_other,background_other,1,1,0.94921875,screaming,0.0390625,gunshot_gunfire,0.0078125,0.94921875,0.00390625,0.0078125,0.0390625,0.0,0.0
255,background_other__fsd50k__val__speech__12712__0013.wav,background_other,thunderstorm,0,7,0.5239955186843872,siren,0.2103794664144516,background_other,0.2103794664144516,0.2103794664144516,0.01171875,0.02790178544819355,0.015625,0.2103794664144516,0.5239955186843872
256,background_other__fsd50k__val__speech__174948__0014.wav,background_other,background_other,1,2,0.84765625,screaming,0.095703125,siren,0.046875,0.84765625,0.0078125,0.0,0.095703125,0.046875,0.00390625
257,background_other__fsd50k__val__speech__411018__0015.wav,background_other,background_other,1,13,0.5105168223381042,screaming,0.32782453298568726,siren,0.14092548191547394,0.5105168223381042,0.020432692021131516,0.0,0.32782453298568726,0.14092548191547394,0.0
258,background_other__fsd50k__val__speech__255880__0016.wav,background_other,background_other,1,2,0.71875,screaming,0.259765625,siren,0.013671875,0.71875,0.0,0.0078125,0.259765625,0.013671875,0.0
259,background_other__fsd50k__val__speech__256860__0017.wav,background_other,background_other,1,2,0.736328125,screaming,0.234375,siren,0.013671875,0.736328125,0.005859375,0.009765625,0.234375,0.013671875,0.0
260,background_other__fsd50k__val__speech__243820__0018.wav,background_other,siren,0,7,0.4654017984867096,background_other,0.4575892984867096,screaming,0.0580357126891613,0.4575892984867096,0.0005580357392318547,0.0,0.0580357126891613,0.4654017984867096,0.015625
261,background_other__fsd50k__val__speech__398341__0019.wav,background_other,thunderstorm,0,9,0.6059027910232544,background_other,0.2196180522441864,gunshot_gunfire,0.0907118022441864,0.2196180522441864,0.002170138992369175,0.0907118022441864,0.0164930559694767,0.0638020858168602,0.6059027910232544
262,background_other__fsd50k__val__speech__246318__0020.wav,background_other,background_other,1,4,0.9853515625,screaming,0.0078125,siren,0.0048828125,0.9853515625,0.0,0.0029296875,0.0078125,0.0048828125,0.0
263,background_other__fsd50k__val__speech__189490__0021.wav,background_other,background_other,1,1,0.984375,screaming,0.0078125,gunshot_gunfire,0.0078125,0.984375,0.0,0.0078125,0.0078125,0.0,0.0
264,background_other__fsd50k__val__speech__189488__0022.wav,background_other,background_other,1,1,0.9296875,screaming,0.0625,siren,0.0078125,0.9296875,0.0,0.0,0.0625,0.0078125,0.0
265,background_other__fsd50k__val__speech__277594__0023.wav,background_other,background_other,1,5,0.921093761920929,screaming,0.07578124850988388,siren,0.0023437500931322575,0.921093761920929,0.0,0.0,0.07578124850988388,0.0023437500931322575,0.0
266,background_other__fsd50k__val__music__96557__0000.wav,background_other,background_other,1,5,0.65234375,siren,0.12421874701976776,chainsaw,0.09609375149011612,0.65234375,0.09609375149011612,0.05390625074505806,0.05546874925494194,0.12421874701976776,0.01718750037252903
267,background_other__fsd50k__val__music__181351__0001.wav,background_other,background_other,1,9,0.4149305522441864,screaming,0.2821180522441864,siren,0.1740451455116272,0.4149305522441864,0.0633680522441864,0.0464409738779068,0.2821180522441864,0.1740451455116272,0.01953125
268,background_other__fsd50k__val__music__52219__0002.wav,background_other,background_other,1,13,0.887620210647583,gunshot_gunfire,0.05859375,screaming,0.049879807978868484,0.887620210647583,0.0,0.05859375,0.049879807978868484,0.0003004807804245502,0.0
269,background_other__fsd50k__val__music__165832__0003.wav,background_other,siren,0,5,0.6304687261581421,background_other,0.28984373807907104,screaming,0.07421875,0.28984373807907104,0.0015625000232830644,0.0015625000232830644,0.07421875,0.6304687261581421,0.0007812500116415322
270,background_other__fsd50k__val__music__377358__0004.wav,background_other,background_other,1,1,0.5625,gunshot_gunfire,0.3828125,screaming,0.04296875,0.5625,0.0,0.3828125,0.04296875,0.015625,0.0
271,background_other__fsd50k__val__music__7265__0005.wav,background_other,siren,0,1,0.58984375,background_other,0.26953125,screaming,0.125,0.26953125,0.00390625,0.00390625,0.125,0.58984375,0.0078125
272,background_other__fsd50k__val__music__160710__0006.wav,background_other,background_other,1,7,0.68359375,gunshot_gunfire,0.1635044664144516,thunderstorm,0.1177455335855484,0.68359375,0.014508928172290325,0.1635044664144516,0.009486607275903225,0.012834821827709675,0.1177455335855484
273,background_other__fsd50k__val__music__149895__0007.wav,background_other,background_other,1,4,0.7314453125,siren,0.138671875,screaming,0.0654296875,0.7314453125,0.0361328125,0.0234375,0.0654296875,0.138671875,0.00390625
274,background_other__fsd50k__val__music__754__0008.wav,background_other,chainsaw,0,3,0.8125,background_other,0.1341145783662796,siren,0.02864583395421505,0.1341145783662796,0.8125,0.0,0.02473958395421505,0.02864583395421505,0.0
275,background_other__fsd50k__val__music__428237__0009.wav,background_other,background_other,1,6,0.4368489682674408,siren,0.4329427182674408,screaming,0.119140625,0.4368489682674408,0.0,0.009114583022892475,0.119140625,0.4329427182674408,0.0
276,background_other__fsd50k__val__music__186509__0010.wav,background_other,background_other,1,5,0.6156250238418579,siren,0.37187498807907104,screaming,0.01015624962747097,0.6156250238418579,0.0,0.0,0.01015624962747097,0.37187498807907104,0.0
277,background_other__fsd50k__val__music__420945__0011.wav,background_other,chainsaw,0,10,0.854687511920929,siren,0.05703125149011612,screaming,0.04335937649011612,0.04257812350988388,0.854687511920929,0.0011718750465661287,0.04335937649011612,0.05703125149011612,0.0
278,background_other__fsd50k__val__human_non_speech__241721__0000.wav,background_other,thunderstorm,0,13,0.6893028616905212,gunshot_gunfire,0.1469350904226303,siren,0.08052884787321091,0.07001201808452606,0.007512019015848637,0.1469350904226303,0.005108173005282879,0.08052884787321091,0.6893028616905212
279,background_other__fsd50k__val__human_non_speech__339954__0001.wav,background_other,thunderstorm,0,13,0.4603365361690521,siren,0.1875,chainsaw,0.13401442766189575,0.13100960850715637,0.13401442766189575,0.07962740212678909,0.007512019015848637,0.1875,0.4603365361690521
280,background_other__fsd50k__val__human_non_speech__109596__0002.wav,background_other,background_other,1,1,0.671875,chainsaw,0.1640625,siren,0.0859375,0.671875,0.1640625,0.0,0.06640625,0.0859375,0.01171875
281,background_other__fsd50k__val__human_non_speech__207829__0003.wav,background_other,screaming,0,2,0.453125,background_other,0.376953125,siren,0.087890625,0.376953125,0.05078125,0.02734375,0.453125,0.087890625,0.0
282,background_other__fsd50k__val__human_non_speech__198938__0004.wav,background_other,gunshot_gunfire,0,13,0.32992789149284363,background_other,0.3203125,thunderstorm,0.2953726053237915,0.3203125,0.01772836595773697,0.32992789149284363,0.0018028846243396401,0.03485576808452606,0.2953726053237915
283,background_other__fsd50k__val__human_non_speech__412310__0005.wav,background_other,background_other,1,3,0.5690104365348816,gunshot_gunfire,0.25390625,thunderstorm,0.1666666716337204,0.5690104365348816,0.0,0.25390625,0.009114583022892475,0.0013020833721384406,0.1666666716337204
284,background_other__fsd50k__val__human_non_speech__196091__0006.wav,background_other,thunderstorm,0,13,0.46274039149284363,gunshot_gunfire,0.27163460850715637,background_other,0.2530048191547394,0.2530048191547394,0.0045072115026414394,0.27163460850715637,0.0018028846243396401,0.006009615492075682,0.46274039149284363
285,background_other__fsd50k__val__human_non_speech__108926__0007.wav,background_other,background_other,1,1,0.9296875,screaming,0.03125,siren,0.02734375,0.9296875,0.0,0.0078125,0.03125,0.02734375,0.0
286,background_other__fsd50k__val__hard_negative__48980__0000.wav,background_other,gunshot_gunfire,0,1,0.7578125,background_other,0.20703125,thunderstorm,0.015625,0.20703125,0.0,0.7578125,0.0078125,0.0078125,0.015625
287,background_other__fsd50k__val__hard_negative__34805__0001.wav,background_other,background_other,1,2,0.607421875,screaming,0.21484375,siren,0.146484375,0.607421875,0.001953125,0.0234375,0.21484375,0.146484375,0.00390625
288,background_other__fsd50k__val__hard_negative__197866__0002.wav,background_other,background_other,1,6,0.7141926884651184,screaming,0.1790364533662796,gunshot_gunfire,0.076171875,0.7141926884651184,0.001953125,0.076171875,0.1790364533662796,0.017578125,0.011067708022892475
289,background_other__fsd50k__val__hard_negative__201589__0003.wav,background_other,background_other,1,13,0.5748196840286255,screaming,0.18930289149284363,siren,0.11538461595773697,0.5748196840286255,0.0,0.09465144574642181,0.18930289149284363,0.11538461595773697,0.02554086595773697
290,background_other__fsd50k__val__hard_negative__132340__0004.wav,background_other,background_other,1,13,0.5913461446762085,siren,0.26141828298568726,screaming,0.06941105425357819,0.5913461446762085,0.028846153989434242,0.033954326063394547,0.06941105425357819,0.26141828298568726,0.013822115026414394
291,background_other__fsd50k__val__hard_negative__268126__0005.wav,background_other,gunshot_gunfire,0,13,0.4873798191547394,background_other,0.37710335850715637,screaming,0.08293269574642181,0.37710335850715637,0.0,0.4873798191547394,0.08293269574642181,0.022836538031697273,0.028245192021131516
292,background_other__fsd50k__val__hard_negative__170243__0006.wav,background_other,background_other,1,1,0.94140625,siren,0.0390625,thunderstorm,0.0078125,0.94140625,0.0,0.00390625,0.0078125,0.0390625,0.0078125
293,background_other__fsd50k__val__hard_negative__70058__0007.wav,background_other,background_other,1,1,0.76953125,screaming,0.1875,siren,0.03515625,0.76953125,0.0,0.0078125,0.1875,0.03515625,0.0
294,background_other__fsd50k__val__general__331702__0000.wav,background_other,thunderstorm,0,7,0.4949776828289032,background_other,0.3515625,gunshot_gunfire,0.1339285671710968,0.3515625,0.0,0.1339285671710968,0.0066964286379516125,0.01171875,0.4949776828289032
295,background_other__fsd50k__val__general__171037__0001.wav,background_other,background_other,1,13,0.8010817170143127,gunshot_gunfire,0.12469951808452606,thunderstorm,0.05649038404226303,0.8010817170143127,0.007512019015848637,0.12469951808452606,0.006310096010565758,0.003004807746037841,0.05649038404226303
296,background_other__fsd50k__val__general__353953__0002.wav,background_other,thunderstorm,0,12,0.7161458134651184,background_other,0.1201171875,gunshot_gunfire,0.09765625,0.1201171875,0.0006510416860692203,0.09765625,0.02376302145421505,0.0413411445915699,0.7161458134651184
297,background_other__fsd50k__val__general__391942__0003.wav,background_other,background_other,1,9,0.5026041865348816,gunshot_gunfire,0.2113715261220932,thunderstorm,0.2048611044883728,0.5026041865348816,0.0013020833721384406,0.2113715261220932,0.0555555559694767,0.02300347201526165,0.2048611044883728
298,background_other__fsd50k__val__general__106731__0004.wav,background_other,thunderstorm,0,13,0.5766226053237915,background_other,0.21544471383094788,gunshot_gunfire,0.17998798191547394,0.21544471383094788,0.0,0.17998798191547394,0.0024038462433964014,0.0234375,0.5766226053237915
299,background_other__fsd50k__val__general__368470__0005.wav,background_other,thunderstorm,0,7,0.9084821343421936,background_other,0.0496651791036129,gunshot_gunfire,0.0379464291036129,0.0496651791036129,0.0,0.0379464291036129,0.0,0.0027901786379516125,0.9084821343421936
300,background_other__fsd50k__val__general__107931__0006.wav,background_other,background_other,1,11,0.49928978085517883,siren,0.2759232819080353,thunderstorm,0.10014204680919647,0.49928978085517883,0.045809660106897354,0.008522727526724339,0.07102272659540176,0.2759232819080353,0.10014204680919647
301,background_other__fsd50k__val__general__47388__0007.wav,background_other,background_other,1,1,0.875,gunshot_gunfire,0.09765625,screaming,0.01953125,0.875,0.0,0.09765625,0.01953125,0.0078125,0.0
