threshold,speech_recall,hazard_macro_recall,hazard_macro_recall_loss,hazard_accuracy,hazard_false_speech_rate,speech_correct,speech_total,hazard_correct,hazard_total,hazards_suppressed_as_speech,passes_speech_gate,passes_hazard_gate,passes_loss_gate,passes_all_gates
0.01,1.0,0.4333333333333333,0.4548148147666667,0.41732283464566927,0.5708661417322834,24,24,106,254,145,True,False,False,False
0.02,1.0,0.5588888888888889,0.3292592592111111,0.5393700787401575,0.4251968503937008,24,24,137,254,108,True,False,False,False
0.03,1.0,0.63,0.2581481481,0.6141732283464567,0.3464566929133858,24,24,156,254,88,True,False,False,False
0.04,1.0,0.6703703703703703,0.2177777777296297,0.6614173228346457,0.2992125984251969,24,24,168,254,76,True,False,False,False
0.05,1.0,0.7007407407407407,0.18740740735925931,0.6889763779527559,0.2677165354330709,24,24,175,254,68,True,False,False,False
0.06,1.0,0.7307407407407408,0.15740740735925918,0.7165354330708661,0.23622047244094488,24,24,182,254,60,True,False,False,False
0.07,1.0,0.7440740740740741,0.14407407402592587,0.7322834645669292,0.2125984251968504,24,24,186,254,54,True,False,False,False
0.08,1.0,0.7644444444444444,0.12370370365555561,0.7480314960629921,0.1889763779527559,24,24,190,254,48,True,False,False,False
0.09,1.0,0.7744444444444445,0.11370370365555549,0.7598425196850394,0.16535433070866143,24,24,193,254,42,True,False,False,False
0.1,1.0,0.7744444444444445,0.11370370365555549,0.7598425196850394,0.16535433070866143,24,24,193,254,42,True,False,False,False
0.11,1.0,0.798148148148148,0.08999999995185193,0.7874015748031497,0.1377952755905512,24,24,200,254,35,True,False,False,False
0.12,1.0,0.8085185185185185,0.07962962958148145,0.7992125984251969,0.1141732283464567,24,24,203,254,29,True,False,False,False
0.13,1.0,0.8151851851851852,0.07296296291481474,0.8070866141732284,0.10236220472440945,24,24,205,254,26,True,False,False,False
0.14,1.0,0.8285185185185184,0.05962962958148155,0.8149606299212598,0.09448818897637795,24,24,207,254,24,True,False,False,False
0.15,1.0,0.8285185185185184,0.05962962958148155,0.8149606299212598,0.09448818897637795,24,24,207,254,24,True,False,False,False
0.16,1.0,0.8351851851851851,0.05296296291481484,0.8228346456692913,0.08267716535433071,24,24,209,254,21,True,False,False,False
0.17,1.0,0.8385185185185187,0.049629629581481316,0.8267716535433071,0.07480314960629922,24,24,210,254,19,True,False,False,False
0.18,1.0,0.8418518518518517,0.04629629624814824,0.8307086614173228,0.07086614173228346,24,24,211,254,18,True,False,False,False
0.19,1.0,0.8418518518518517,0.04629629624814824,0.8307086614173228,0.07086614173228346,24,24,211,254,18,True,False,False,False
0.2,1.0,0.8551851851851853,0.03296296291481471,0.8385826771653543,0.06299212598425197,24,24,213,254,16,True,True,True,True
0.21,1.0,0.8585185185185186,0.02962962958148141,0.84251968503937,0.05905511811023622,24,24,214,254,15,True,True,True,True
0.22,0.9583333333333334,0.8618518518518519,0.02629629624814811,0.8464566929133859,0.051181102362204724,23,24,215,254,13,True,True,True,True
0.23,0.9583333333333334,0.8618518518518519,0.02629629624814811,0.8464566929133859,0.047244094488188976,23,24,215,254,12,True,True,True,True
0.24,0.9583333333333334,0.8718518518518519,0.0162962962481481,0.8503937007874016,0.04330708661417323,23,24,216,254,11,True,True,True,True
0.25,0.9583333333333334,0.8751851851851852,0.012962962914814802,0.8543307086614174,0.03937007874015748,23,24,217,254,10,True,True,True,True
0.26,0.9583333333333334,0.8751851851851852,0.012962962914814802,0.8543307086614174,0.03937007874015748,23,24,217,254,10,True,True,True,True
0.27,0.9583333333333334,0.8785185185185185,0.009629629581481502,0.8582677165354331,0.03543307086614173,23,24,218,254,9,True,True,True,True
0.28,0.9583333333333334,0.8785185185185185,0.009629629581481502,0.8582677165354331,0.03543307086614173,23,24,218,254,9,True,True,True,True
0.29,0.9583333333333334,0.8818518518518518,0.006296296248148203,0.8622047244094488,0.031496062992125984,23,24,219,254,8,True,True,True,True
0.3,0.9583333333333334,0.8818518518518518,0.006296296248148203,0.8622047244094488,0.031496062992125984,23,24,219,254,8,True,True,True,True
0.31,0.9583333333333334,0.8818518518518518,0.006296296248148203,0.8622047244094488,0.031496062992125984,23,24,219,254,8,True,True,True,True
0.32,0.9583333333333334,0.8851851851851851,0.002962962914814904,0.8661417322834646,0.027559055118110236,23,24,220,254,7,True,True,True,True
0.33,0.9583333333333334,0.8851851851851851,0.002962962914814904,0.8661417322834646,0.027559055118110236,23,24,220,254,7,True,True,True,True
0.34,0.9166666666666666,0.8885185185185186,-0.0003703704185186174,0.8700787401574803,0.023622047244094488,22,24,221,254,6,True,True,True,True
0.35,0.9166666666666666,0.8885185185185186,-0.0003703704185186174,0.8700787401574803,0.023622047244094488,22,24,221,254,6,True,True,True,True
0.36,0.9166666666666666,0.8885185185185186,-0.0003703704185186174,0.8700787401574803,0.023622047244094488,22,24,221,254,6,True,True,True,True
0.37,0.9166666666666666,0.8885185185185186,-0.0003703704185186174,0.8700787401574803,0.023622047244094488,22,24,221,254,6,True,True,True,True
0.38,0.9166666666666666,0.8918518518518519,-0.0037037037518519167,0.8740157480314961,0.01968503937007874,22,24,222,254,5,True,True,True,True
0.39,0.8333333333333334,0.8955555555555555,-0.00740740745555557,0.8779527559055118,0.015748031496062992,20,24,223,254,4,True,True,True,True
0.4,0.8333333333333334,0.8955555555555555,-0.00740740745555557,0.8779527559055118,0.011811023622047244,20,24,223,254,3,True,True,True,True
0.41,0.8333333333333334,0.8955555555555555,-0.00740740745555557,0.8779527559055118,0.011811023622047244,20,24,223,254,3,True,True,True,True
0.42,0.7916666666666666,0.8955555555555555,-0.00740740745555557,0.8779527559055118,0.011811023622047244,19,24,223,254,3,False,True,True,False
0.43,0.7916666666666666,0.8955555555555555,-0.00740740745555557,0.8779527559055118,0.011811023622047244,19,24,223,254,3,False,True,True,False
0.44,0.7916666666666666,0.8955555555555555,-0.00740740745555557,0.8779527559055118,0.011811023622047244,19,24,223,254,3,False,True,True,False
0.45,0.7916666666666666,0.8955555555555555,-0.00740740745555557,0.8779527559055118,0.011811023622047244,19,24,223,254,3,False,True,True,False
0.46,0.7916666666666666,0.8955555555555555,-0.00740740745555557,0.8779527559055118,0.011811023622047244,19,24,223,254,3,False,True,True,False
0.47,0.7916666666666666,0.8955555555555555,-0.00740740745555557,0.8779527559055118,0.011811023622047244,19,24,223,254,3,False,True,True,False
0.48,0.7916666666666666,0.8955555555555555,-0.00740740745555557,0.8779527559055118,0.011811023622047244,19,24,223,254,3,False,True,True,False
0.49,0.7916666666666666,0.8955555555555555,-0.00740740745555557,0.8779527559055118,0.011811023622047244,19,24,223,254,3,False,True,True,False
0.5,0.7916666666666666,0.8988888888888888,-0.01074074078888887,0.8818897637795275,0.007874015748031496,19,24,224,254,2,False,True,True,False
0.51,0.7916666666666666,0.8988888888888888,-0.01074074078888887,0.8818897637795275,0.007874015748031496,19,24,224,254,2,False,True,True,False
0.52,0.7916666666666666,0.8988888888888888,-0.01074074078888887,0.8818897637795275,0.007874015748031496,19,24,224,254,2,False,True,True,False
0.53,0.7916666666666666,0.8988888888888888,-0.01074074078888887,0.8818897637795275,0.007874015748031496,19,24,224,254,2,False,True,True,False
0.54,0.7916666666666666,0.8988888888888888,-0.01074074078888887,0.8818897637795275,0.007874015748031496,19,24,224,254,2,False,True,True,False
0.55,0.7916666666666666,0.8988888888888888,-0.01074074078888887,0.8818897637795275,0.007874015748031496,19,24,224,254,2,False,True,True,False
0.56,0.7916666666666666,0.8988888888888888,-0.01074074078888887,0.8818897637795275,0.007874015748031496,19,24,224,254,2,False,True,True,False
0.57,0.7916666666666666,0.8988888888888888,-0.01074074078888887,0.8818897637795275,0.007874015748031496,19,24,224,254,2,False,True,True,False
0.58,0.7916666666666666,0.8988888888888888,-0.01074074078888887,0.8818897637795275,0.007874015748031496,19,24,224,254,2,False,True,True,False
0.59,0.7916666666666666,0.9022222222222223,-0.01407407412222228,0.8858267716535433,0.003937007874015748,19,24,225,254,1,False,True,True,False
0.6,0.7916666666666666,0.9022222222222223,-0.01407407412222228,0.8858267716535433,0.003937007874015748,19,24,225,254,1,False,True,True,False
0.61,0.7916666666666666,0.9022222222222223,-0.01407407412222228,0.8858267716535433,0.003937007874015748,19,24,225,254,1,False,True,True,False
0.62,0.7916666666666666,0.9022222222222223,-0.01407407412222228,0.8858267716535433,0.003937007874015748,19,24,225,254,1,False,True,True,False
0.63,0.7916666666666666,0.9022222222222223,-0.01407407412222228,0.8858267716535433,0.003937007874015748,19,24,225,254,1,False,True,True,False
0.64,0.7916666666666666,0.9022222222222223,-0.01407407412222228,0.8858267716535433,0.003937007874015748,19,24,225,254,1,False,True,True,False
0.65,0.7916666666666666,0.9055555555555556,-0.01740740745555558,0.889763779527559,0.0,19,24,226,254,0,False,True,True,False
0.66,0.7916666666666666,0.9055555555555556,-0.01740740745555558,0.889763779527559,0.0,19,24,226,254,0,False,True,True,False
0.67,0.7916666666666666,0.9055555555555556,-0.01740740745555558,0.889763779527559,0.0,19,24,226,254,0,False,True,True,False
0.68,0.7916666666666666,0.9055555555555556,-0.01740740745555558,0.889763779527559,0.0,19,24,226,254,0,False,True,True,False
0.69,0.75,0.9055555555555556,-0.01740740745555558,0.889763779527559,0.0,18,24,226,254,0,False,True,True,False
0.7,0.75,0.9055555555555556,-0.01740740745555558,0.889763779527559,0.0,18,24,226,254,0,False,True,True,False
0.71,0.75,0.9055555555555556,-0.01740740745555558,0.889763779527559,0.0,18,24,226,254,0,False,True,True,False
0.72,0.75,0.9055555555555556,-0.01740740745555558,0.889763779527559,0.0,18,24,226,254,0,False,True,True,False
0.73,0.75,0.9055555555555556,-0.01740740745555558,0.889763779527559,0.0,18,24,226,254,0,False,True,True,False
0.74,0.75,0.9055555555555556,-0.01740740745555558,0.889763779527559,0.0,18,24,226,254,0,False,True,True,False
0.75,0.7083333333333334,0.9055555555555556,-0.01740740745555558,0.889763779527559,0.0,17,24,226,254,0,False,True,True,False
0.76,0.6666666666666666,0.9055555555555556,-0.01740740745555558,0.889763779527559,0.0,16,24,226,254,0,False,True,True,False
0.77,0.625,0.9055555555555556,-0.01740740745555558,0.889763779527559,0.0,15,24,226,254,0,False,True,True,False
0.78,0.625,0.9055555555555556,-0.01740740745555558,0.889763779527559,0.0,15,24,226,254,0,False,True,True,False
0.79,0.625,0.9055555555555556,-0.01740740745555558,0.889763779527559,0.0,15,24,226,254,0,False,True,True,False
0.8,0.625,0.9055555555555556,-0.01740740745555558,0.889763779527559,0.0,15,24,226,254,0,False,True,True,False
0.81,0.5833333333333334,0.9055555555555556,-0.01740740745555558,0.889763779527559,0.0,14,24,226,254,0,False,True,True,False
0.82,0.4583333333333333,0.9055555555555556,-0.01740740745555558,0.889763779527559,0.0,11,24,226,254,0,False,True,True,False
0.83,0.4583333333333333,0.9055555555555556,-0.01740740745555558,0.889763779527559,0.0,11,24,226,254,0,False,True,True,False
0.84,0.4583333333333333,0.9055555555555556,-0.01740740745555558,0.889763779527559,0.0,11,24,226,254,0,False,True,True,False
0.85,0.4166666666666667,0.9055555555555556,-0.01740740745555558,0.889763779527559,0.0,10,24,226,254,0,False,True,True,False
0.86,0.375,0.9055555555555556,-0.01740740745555558,0.889763779527559,0.0,9,24,226,254,0,False,True,True,False
0.87,0.375,0.9055555555555556,-0.01740740745555558,0.889763779527559,0.0,9,24,226,254,0,False,True,True,False
0.88,0.3333333333333333,0.9055555555555556,-0.01740740745555558,0.889763779527559,0.0,8,24,226,254,0,False,True,True,False
0.89,0.3333333333333333,0.9055555555555556,-0.01740740745555558,0.889763779527559,0.0,8,24,226,254,0,False,True,True,False
0.9,0.3333333333333333,0.9055555555555556,-0.01740740745555558,0.889763779527559,0.0,8,24,226,254,0,False,True,True,False
0.91,0.3333333333333333,0.9055555555555556,-0.01740740745555558,0.889763779527559,0.0,8,24,226,254,0,False,True,True,False
0.92,0.2916666666666667,0.9055555555555556,-0.01740740745555558,0.889763779527559,0.0,7,24,226,254,0,False,True,True,False
0.93,0.20833333333333334,0.9055555555555556,-0.01740740745555558,0.889763779527559,0.0,5,24,226,254,0,False,True,True,False
0.94,0.20833333333333334,0.9055555555555556,-0.01740740745555558,0.889763779527559,0.0,5,24,226,254,0,False,True,True,False
0.95,0.20833333333333334,0.9055555555555556,-0.01740740745555558,0.889763779527559,0.0,5,24,226,254,0,False,True,True,False
0.96,0.20833333333333334,0.9055555555555556,-0.01740740745555558,0.889763779527559,0.0,5,24,226,254,0,False,True,True,False
0.97,0.16666666666666666,0.9055555555555556,-0.01740740745555558,0.889763779527559,0.0,4,24,226,254,0,False,True,True,False
0.98,0.125,0.9055555555555556,-0.01740740745555558,0.889763779527559,0.0,3,24,226,254,0,False,True,True,False
0.99,0.125,0.9055555555555556,-0.01740740745555558,0.889763779527559,0.0,3,24,226,254,0,False,True,True,False
