clip_id,filename,actual_class,predicted_class,correct,patch_count,top1_score,top2_class,top2_score,top3_class,top3_score,score_background_other,score_hazard_any
0,siren__esc50__fold_4__102871__0000__r0.wav,hazard_any,hazard_any,1,6,0.69921875,background_other,0.30078125,,0.0,0.30078125,0.69921875
1,siren__esc50__fold_4__111671__0001__r0.wav,hazard_any,hazard_any,1,6,0.9772135615348816,background_other,0.02278645895421505,,0.0,0.02278645895421505,0.9772135615348816
2,siren__esc50__fold_4__111671__0002__r0.wav,hazard_any,hazard_any,1,6,0.9850260615348816,background_other,0.014973958022892475,,0.0,0.014973958022892475,0.9850260615348816
3,siren__esc50__fold_4__121532__0003__r0.wav,hazard_any,hazard_any,1,6,0.8684895634651184,background_other,0.1315104216337204,,0.0,0.1315104216337204,0.8684895634651184
4,siren__esc50__fold_4__67358__0004__r0.wav,hazard_any,hazard_any,1,5,0.9906250238418579,background_other,0.00937500037252903,,0.0,0.00937500037252903,0.9906250238418579
5,siren__esc50__fold_4__80761__0005__r0.wav,hazard_any,hazard_any,1,6,0.9036458134651184,background_other,0.0963541641831398,,0.0,0.0963541641831398,0.9036458134651184
6,siren__esc50__fold_4__90014__0006__r0.wav,hazard_any,hazard_any,1,6,0.6100260615348816,background_other,0.3899739682674408,,0.0,0.3899739682674408,0.6100260615348816
7,siren__esc50__fold_4__90014__0007__r0.wav,hazard_any,hazard_any,1,6,0.5625,background_other,0.4375,,0.0,0.4375,0.5625
8,siren__fsd50k__dev__181601__0008__r0.wav,hazard_any,hazard_any,1,13,0.9603365659713745,background_other,0.03966346010565758,,0.0,0.03966346010565758,0.9603365659713745
9,siren__fsd50k__dev__268221__0009__r0.wav,hazard_any,hazard_any,1,1,0.99609375,background_other,0.0,,0.0,0.0,0.99609375
10,siren__fsd50k__dev__320767__0010__r0.wav,hazard_any,hazard_any,1,13,0.74609375,background_other,0.25390625,,0.0,0.25390625,0.74609375
11,siren__fsd50k__dev__324275__0011__r0.wav,hazard_any,hazard_any,1,6,0.5924479365348816,background_other,0.4075520932674408,,0.0,0.4075520932674408,0.5924479365348816
12,siren__fsd50k__dev__34733__0012__r0.wav,hazard_any,hazard_any,1,13,0.7845553159713745,background_other,0.21394230425357819,,0.0,0.21394230425357819,0.7845553159713745
13,siren__fsd50k__dev__34952__0013__r0.wav,hazard_any,hazard_any,1,13,0.5582932829856873,background_other,0.44170671701431274,,0.0,0.44170671701431274,0.5582932829856873
14,siren__fsd50k__dev__353265__0014__r0.wav,hazard_any,hazard_any,1,13,0.7932692170143127,background_other,0.20673076808452606,,0.0,0.20673076808452606,0.7932692170143127
15,siren__fsd50k__dev__353956__0015__r0.wav,hazard_any,hazard_any,1,13,0.5018028616905212,background_other,0.49819710850715637,,0.0,0.49819710850715637,0.5018028616905212
16,siren__fsd50k__dev__382620__0016__r0.wav,hazard_any,hazard_any,1,3,0.9700520634651184,background_other,0.02994791604578495,,0.0,0.02994791604578495,0.9700520634651184
17,siren__fsd50k__dev__388972__0017__r0.wav,hazard_any,hazard_any,1,13,0.7004206776618958,background_other,0.29957932233810425,,0.0,0.29957932233810425,0.7004206776618958
18,siren__fsd50k__dev__421017__0018__r0.wav,hazard_any,hazard_any,1,13,0.788161039352417,background_other,0.21183894574642181,,0.0,0.21183894574642181,0.788161039352417
19,siren__fsd50k__dev__62878__0019__r0.wav,hazard_any,hazard_any,1,12,0.9931640625,background_other,0.0065104165114462376,,0.0,0.0065104165114462376,0.9931640625
20,chainsaw__esc50__fold_4__149294__0000__r0.wav,hazard_any,hazard_any,1,6,0.76953125,background_other,0.23046875,,0.0,0.23046875,0.76953125
21,chainsaw__esc50__fold_4__149294__0001__r0.wav,hazard_any,hazard_any,1,6,0.8561198115348816,background_other,0.1438802033662796,,0.0,0.1438802033662796,0.8561198115348816
22,chainsaw__esc50__fold_4__157611__0002__r0.wav,hazard_any,hazard_any,1,6,0.7845051884651184,background_other,0.2154947966337204,,0.0,0.2154947966337204,0.7845051884651184
23,chainsaw__esc50__fold_4__157611__0003__r0.wav,hazard_any,hazard_any,1,6,0.7213541865348816,background_other,0.2786458432674408,,0.0,0.2786458432674408,0.7213541865348816
24,chainsaw__esc50__fold_4__165823__0004__r0.wav,hazard_any,hazard_any,1,6,0.8828125,background_other,0.1171875,,0.0,0.1171875,0.8828125
25,chainsaw__esc50__fold_4__165823__0005__r0.wav,hazard_any,hazard_any,1,6,0.7356770634651184,background_other,0.2643229067325592,,0.0,0.2643229067325592,0.7356770634651184
26,chainsaw__esc50__fold_4__169127__0006__r0.wav,hazard_any,background_other,0,6,0.7141926884651184,hazard_any,0.2858072817325592,,0.0,0.7141926884651184,0.2858072817325592
27,chainsaw__esc50__fold_4__169127__0007__r0.wav,hazard_any,hazard_any,1,6,0.8834635615348816,background_other,0.1165364608168602,,0.0,0.1165364608168602,0.8834635615348816
28,gunshot_gunfire__fsd50k__dev__100465__0000__r0.wav,hazard_any,hazard_any,1,1,0.66015625,background_other,0.33984375,,0.0,0.33984375,0.66015625
29,gunshot_gunfire__fsd50k__dev__115295__0001__r0.wav,hazard_any,hazard_any,1,1,0.98046875,background_other,0.01953125,,0.0,0.01953125,0.98046875
30,gunshot_gunfire__fsd50k__dev__128979__0002__r0.wav,hazard_any,hazard_any,1,2,0.6484375,background_other,0.3515625,,0.0,0.3515625,0.6484375
31,gunshot_gunfire__fsd50k__dev__128981__0003__r0.wav,hazard_any,hazard_any,1,13,0.7106370329856873,background_other,0.28936296701431274,,0.0,0.28936296701431274,0.7106370329856873
32,gunshot_gunfire__fsd50k__dev__137034__0004__r0.wav,hazard_any,hazard_any,1,2,0.775390625,background_other,0.224609375,,0.0,0.224609375,0.775390625
33,gunshot_gunfire__fsd50k__dev__138679__0005__r0.wav,hazard_any,background_other,0,1,0.703125,hazard_any,0.296875,,0.0,0.703125,0.296875
34,gunshot_gunfire__fsd50k__dev__146323__0006__r0.wav,hazard_any,hazard_any,1,2,0.68359375,background_other,0.31640625,,0.0,0.31640625,0.68359375
35,gunshot_gunfire__fsd50k__dev__147317__0007__r0.wav,hazard_any,hazard_any,1,1,0.671875,background_other,0.328125,,0.0,0.328125,0.671875
36,gunshot_gunfire__fsd50k__dev__147901__0008__r0.wav,hazard_any,hazard_any,1,1,0.5078125,background_other,0.4921875,,0.0,0.4921875,0.5078125
37,gunshot_gunfire__fsd50k__dev__148166__0009__r0.wav,hazard_any,background_other,0,1,0.54296875,hazard_any,0.45703125,,0.0,0.54296875,0.45703125
38,gunshot_gunfire__fsd50k__dev__149177__0010__r0.wav,hazard_any,hazard_any,1,1,0.73828125,background_other,0.26171875,,0.0,0.26171875,0.73828125
39,gunshot_gunfire__fsd50k__dev__150139__0011__r0.wav,hazard_any,hazard_any,1,2,0.912109375,background_other,0.087890625,,0.0,0.087890625,0.912109375
40,gunshot_gunfire__fsd50k__dev__155654__0012__r0.wav,hazard_any,background_other,0,5,0.614062488079071,hazard_any,0.38593751192092896,,0.0,0.614062488079071,0.38593751192092896
41,gunshot_gunfire__fsd50k__dev__155790__0013__r0.wav,hazard_any,hazard_any,1,2,0.916015625,background_other,0.083984375,,0.0,0.083984375,0.916015625
42,gunshot_gunfire__fsd50k__dev__156904__0014__r0.wav,hazard_any,hazard_any,1,1,0.79296875,background_other,0.20703125,,0.0,0.20703125,0.79296875
43,gunshot_gunfire__fsd50k__dev__160590__0015__r0.wav,hazard_any,hazard_any,1,1,0.87109375,background_other,0.12890625,,0.0,0.12890625,0.87109375
44,gunshot_gunfire__fsd50k__dev__161195__0016__r0.wav,hazard_any,hazard_any,1,1,0.94140625,background_other,0.05859375,,0.0,0.05859375,0.94140625
45,gunshot_gunfire__fsd50k__dev__161475__0017__r0.wav,hazard_any,hazard_any,1,2,0.921875,background_other,0.078125,,0.0,0.078125,0.921875
46,gunshot_gunfire__fsd50k__dev__162455__0018__r0.wav,hazard_any,hazard_any,1,3,0.92578125,background_other,0.07421875,,0.0,0.07421875,0.92578125
47,gunshot_gunfire__fsd50k__dev__164020__0019__r0.wav,hazard_any,hazard_any,1,2,0.787109375,background_other,0.212890625,,0.0,0.212890625,0.787109375
48,gunshot_gunfire__fsd50k__dev__165795__0020__r0.wav,hazard_any,hazard_any,1,1,0.71484375,background_other,0.28515625,,0.0,0.28515625,0.71484375
49,gunshot_gunfire__fsd50k__dev__180961__0021__r0.wav,hazard_any,hazard_any,1,3,0.70703125,background_other,0.29296875,,0.0,0.29296875,0.70703125
50,gunshot_gunfire__fsd50k__dev__184651__0022__r0.wav,hazard_any,hazard_any,1,1,0.62109375,background_other,0.37890625,,0.0,0.37890625,0.62109375
51,gunshot_gunfire__fsd50k__dev__187534__0023__r0.wav,hazard_any,hazard_any,1,2,0.525390625,background_other,0.474609375,,0.0,0.474609375,0.525390625
52,gunshot_gunfire__fsd50k__dev__197322__0024__r0.wav,hazard_any,hazard_any,1,13,0.6391226053237915,background_other,0.3608773946762085,,0.0,0.3608773946762085,0.6391226053237915
53,gunshot_gunfire__fsd50k__dev__198952__0025__r0.wav,hazard_any,background_other,0,13,0.6893028616905212,hazard_any,0.31069710850715637,,0.0,0.6893028616905212,0.31069710850715637
54,gunshot_gunfire__fsd50k__dev__201667__0026__r0.wav,hazard_any,hazard_any,1,3,0.765625,background_other,0.234375,,0.0,0.234375,0.765625
55,gunshot_gunfire__fsd50k__dev__212600__0027__r0.wav,hazard_any,hazard_any,1,1,0.9609375,background_other,0.0390625,,0.0,0.0390625,0.9609375
56,gunshot_gunfire__fsd50k__dev__212602__0028__r0.wav,hazard_any,hazard_any,1,1,0.984375,background_other,0.015625,,0.0,0.015625,0.984375
57,gunshot_gunfire__fsd50k__dev__217805__0029__r0.wav,hazard_any,hazard_any,1,1,0.78125,background_other,0.21875,,0.0,0.21875,0.78125
58,gunshot_gunfire__fsd50k__dev__220612__0030__r0.wav,hazard_any,hazard_any,1,1,0.75,background_other,0.25,,0.0,0.25,0.75
59,gunshot_gunfire__fsd50k__dev__220613__0031__r0.wav,hazard_any,hazard_any,1,1,0.5859375,background_other,0.4140625,,0.0,0.4140625,0.5859375
60,gunshot_gunfire__fsd50k__dev__221640__0032__r0.wav,hazard_any,hazard_any,1,3,0.6953125,background_other,0.3046875,,0.0,0.3046875,0.6953125
61,gunshot_gunfire__fsd50k__dev__238159__0033__r0.wav,hazard_any,hazard_any,1,1,0.85546875,background_other,0.14453125,,0.0,0.14453125,0.85546875
62,gunshot_gunfire__fsd50k__dev__255216__0034__r0.wav,hazard_any,hazard_any,1,3,0.87890625,background_other,0.12109375,,0.0,0.12109375,0.87890625
63,gunshot_gunfire__fsd50k__dev__257963__0035__r0.wav,hazard_any,hazard_any,1,2,0.875,background_other,0.125,,0.0,0.125,0.875
64,gunshot_gunfire__fsd50k__dev__260939__0036__r0.wav,hazard_any,hazard_any,1,3,0.9322916865348816,background_other,0.0677083358168602,,0.0,0.0677083358168602,0.9322916865348816
65,gunshot_gunfire__fsd50k__dev__266105__0037__r0.wav,hazard_any,hazard_any,1,1,0.82421875,background_other,0.17578125,,0.0,0.17578125,0.82421875
66,gunshot_gunfire__fsd50k__dev__273303__0038__r0.wav,hazard_any,hazard_any,1,3,0.8502604365348816,background_other,0.1497395783662796,,0.0,0.1497395783662796,0.8502604365348816
67,gunshot_gunfire__fsd50k__dev__329716__0039__r0.wav,hazard_any,background_other,0,1,0.73828125,hazard_any,0.26171875,,0.0,0.73828125,0.26171875
68,gunshot_gunfire__fsd50k__dev__345844__0040__r0.wav,hazard_any,hazard_any,1,7,0.8203125,background_other,0.1796875,,0.0,0.1796875,0.8203125
69,gunshot_gunfire__fsd50k__dev__350264__0041__r0.wav,hazard_any,hazard_any,1,1,0.75,background_other,0.25,,0.0,0.25,0.75
70,gunshot_gunfire__fsd50k__dev__353093__0042__r0.wav,hazard_any,hazard_any,1,8,0.8359375,background_other,0.1640625,,0.0,0.1640625,0.8359375
71,gunshot_gunfire__fsd50k__dev__35799__0043__r0.wav,hazard_any,hazard_any,1,1,0.8671875,background_other,0.1328125,,0.0,0.1328125,0.8671875
72,gunshot_gunfire__fsd50k__dev__35800__0044__r0.wav,hazard_any,hazard_any,1,6,0.9576823115348816,background_other,0.0423177070915699,,0.0,0.0423177070915699,0.9576823115348816
73,gunshot_gunfire__fsd50k__dev__36815__0045__r0.wav,hazard_any,hazard_any,1,11,0.5298295617103577,background_other,0.4701704680919647,,0.0,0.4701704680919647,0.5298295617103577
74,gunshot_gunfire__fsd50k__dev__368736__0046__r0.wav,hazard_any,hazard_any,1,1,0.9609375,background_other,0.0390625,,0.0,0.0390625,0.9609375
75,gunshot_gunfire__fsd50k__dev__368805__0047__r0.wav,hazard_any,hazard_any,1,4,0.8662109375,background_other,0.1337890625,,0.0,0.1337890625,0.8662109375
76,gunshot_gunfire__fsd50k__dev__369124__0048__r0.wav,hazard_any,hazard_any,1,1,0.640625,background_other,0.359375,,0.0,0.359375,0.640625
77,gunshot_gunfire__fsd50k__dev__369126__0049__r0.wav,hazard_any,hazard_any,1,1,0.68359375,background_other,0.31640625,,0.0,0.31640625,0.68359375
78,gunshot_gunfire__fsd50k__dev__369395__0050__r0.wav,hazard_any,background_other,0,6,0.5826823115348816,hazard_any,0.4173177182674408,,0.0,0.5826823115348816,0.4173177182674408
79,gunshot_gunfire__fsd50k__dev__371158__0051__r0.wav,hazard_any,hazard_any,1,1,0.69140625,background_other,0.30859375,,0.0,0.30859375,0.69140625
80,gunshot_gunfire__fsd50k__dev__52593__0052__r0.wav,hazard_any,hazard_any,1,2,0.8203125,background_other,0.1796875,,0.0,0.1796875,0.8203125
81,gunshot_gunfire__fsd50k__dev__89147__0053__r0.wav,hazard_any,hazard_any,1,2,0.890625,background_other,0.109375,,0.0,0.109375,0.890625
82,screaming__fsd50k__dev__132738__0000__r0.wav,hazard_any,hazard_any,1,10,0.555468738079071,background_other,0.44453126192092896,,0.0,0.44453126192092896,0.555468738079071
83,screaming__fsd50k__dev__139086__0001__r0.wav,hazard_any,hazard_any,1,6,0.8580729365348816,background_other,0.1419270783662796,,0.0,0.1419270783662796,0.8580729365348816
84,screaming__fsd50k__dev__139087__0002__r0.wav,hazard_any,hazard_any,1,8,0.828125,background_other,0.171875,,0.0,0.171875,0.828125
85,screaming__fsd50k__dev__144435__0003__r0.wav,hazard_any,hazard_any,1,4,0.9658203125,background_other,0.0341796875,,0.0,0.0341796875,0.9658203125
86,screaming__fsd50k__dev__145801__0004__r0.wav,hazard_any,hazard_any,1,4,0.6796875,background_other,0.3203125,,0.0,0.3203125,0.6796875
87,screaming__fsd50k__dev__149825__0005__r0.wav,hazard_any,hazard_any,1,4,0.828125,background_other,0.171875,,0.0,0.171875,0.828125
88,screaming__fsd50k__dev__169628__0006__r0.wav,hazard_any,hazard_any,1,8,0.873046875,background_other,0.126953125,,0.0,0.126953125,0.873046875
89,screaming__fsd50k__dev__169810__0007__r0.wav,hazard_any,hazard_any,1,9,0.8237847089767456,background_other,0.1762152761220932,,0.0,0.1762152761220932,0.8237847089767456
90,screaming__fsd50k__dev__169811__0008__r0.wav,hazard_any,hazard_any,1,2,0.958984375,background_other,0.041015625,,0.0,0.041015625,0.958984375
91,screaming__fsd50k__dev__175385__0009__r0.wav,hazard_any,hazard_any,1,3,0.87890625,background_other,0.12109375,,0.0,0.12109375,0.87890625
92,screaming__fsd50k__dev__175389__0010__r0.wav,hazard_any,hazard_any,1,8,0.88623046875,background_other,0.11376953125,,0.0,0.11376953125,0.88623046875
93,screaming__fsd50k__dev__178105__0011__r0.wav,hazard_any,hazard_any,1,10,0.575390636920929,background_other,0.42460936307907104,,0.0,0.42460936307907104,0.575390636920929
94,screaming__fsd50k__dev__219858__0012__r0.wav,hazard_any,hazard_any,1,1,0.91015625,background_other,0.08984375,,0.0,0.08984375,0.91015625
95,screaming__fsd50k__dev__219868__0013__r0.wav,hazard_any,hazard_any,1,1,0.97265625,background_other,0.02734375,,0.0,0.02734375,0.97265625
96,screaming__fsd50k__dev__219871__0014__r0.wav,hazard_any,hazard_any,1,2,0.91796875,background_other,0.08203125,,0.0,0.08203125,0.91796875
97,screaming__fsd50k__dev__219882__0015__r0.wav,hazard_any,hazard_any,1,2,0.91015625,background_other,0.08984375,,0.0,0.08984375,0.91015625
98,screaming__fsd50k__dev__219883__0016__r0.wav,hazard_any,hazard_any,1,1,0.984375,background_other,0.015625,,0.0,0.015625,0.984375
99,screaming__fsd50k__dev__220365__0017__r0.wav,hazard_any,hazard_any,1,2,0.990234375,background_other,0.009765625,,0.0,0.009765625,0.990234375
100,screaming__fsd50k__dev__220368__0018__r0.wav,hazard_any,hazard_any,1,1,0.8984375,background_other,0.1015625,,0.0,0.1015625,0.8984375
101,screaming__fsd50k__dev__220617__0019__r0.wav,hazard_any,hazard_any,1,5,0.8828125,background_other,0.1171875,,0.0,0.1171875,0.8828125
102,screaming__fsd50k__dev__220619__0020__r0.wav,hazard_any,hazard_any,1,1,0.83203125,background_other,0.16796875,,0.0,0.16796875,0.83203125
103,screaming__fsd50k__dev__239902__0021__r0.wav,hazard_any,hazard_any,1,5,0.742968738079071,background_other,0.25703126192092896,,0.0,0.25703126192092896,0.742968738079071
104,screaming__fsd50k__dev__256494__0022__r0.wav,hazard_any,hazard_any,1,7,0.8934151530265808,background_other,0.1065848246216774,,0.0,0.1065848246216774,0.8934151530265808
105,screaming__fsd50k__dev__27225__0023__r0.wav,hazard_any,hazard_any,1,8,0.7880859375,background_other,0.2119140625,,0.0,0.2119140625,0.7880859375
106,screaming__fsd50k__dev__350605__0024__r0.wav,hazard_any,hazard_any,1,4,0.5439453125,background_other,0.4560546875,,0.0,0.4560546875,0.5439453125
107,screaming__fsd50k__dev__384213__0025__r0.wav,hazard_any,hazard_any,1,13,0.7698317170143127,background_other,0.23016826808452606,,0.0,0.23016826808452606,0.7698317170143127
108,screaming__fsd50k__dev__391358__0026__r0.wav,hazard_any,hazard_any,1,4,0.916015625,background_other,0.083984375,,0.0,0.083984375,0.916015625
109,screaming__fsd50k__dev__391362__0027__r0.wav,hazard_any,hazard_any,1,5,0.784375011920929,background_other,0.21562500298023224,,0.0,0.21562500298023224,0.784375011920929
110,screaming__fsd50k__dev__394282__0028__r0.wav,hazard_any,hazard_any,1,3,0.7278645634651184,background_other,0.2721354067325592,,0.0,0.2721354067325592,0.7278645634651184
111,screaming__fsd50k__dev__395736__0029__r0.wav,hazard_any,hazard_any,1,2,0.7890625,background_other,0.2109375,,0.0,0.2109375,0.7890625
112,screaming__fsd50k__dev__396799__0030__r0.wav,hazard_any,hazard_any,1,2,0.6328125,background_other,0.3671875,,0.0,0.3671875,0.6328125
113,screaming__fsd50k__dev__399675__0031__r0.wav,hazard_any,hazard_any,1,3,0.6809895634651184,background_other,0.3190104067325592,,0.0,0.3190104067325592,0.6809895634651184
114,screaming__fsd50k__dev__403057__0032__r0.wav,hazard_any,hazard_any,1,5,0.680468738079071,background_other,0.31953126192092896,,0.0,0.31953126192092896,0.680468738079071
115,screaming__fsd50k__dev__416732__0033__r0.wav,hazard_any,background_other,0,13,0.6941105723381042,hazard_any,0.30588942766189575,,0.0,0.6941105723381042,0.30588942766189575
116,screaming__fsd50k__dev__63632__0034__r0.wav,hazard_any,hazard_any,1,1,0.765625,background_other,0.234375,,0.0,0.234375,0.765625
117,screaming__fsd50k__dev__63637__0035__r0.wav,hazard_any,hazard_any,1,1,0.6640625,background_other,0.3359375,,0.0,0.3359375,0.6640625
118,screaming__fsd50k__dev__63641__0036__r0.wav,hazard_any,background_other,0,1,0.55859375,hazard_any,0.44140625,,0.0,0.55859375,0.44140625
119,screaming__fsd50k__dev__89362__0037__r0.wav,hazard_any,hazard_any,1,1,0.90234375,background_other,0.09765625,,0.0,0.09765625,0.90234375
120,screaming__fsd50k__dev__9704__0038__r0.wav,hazard_any,hazard_any,1,1,0.5234375,background_other,0.4765625,,0.0,0.4765625,0.5234375
121,screaming__fsd50k__dev__9706__0039__r0.wav,hazard_any,hazard_any,1,1,0.99609375,background_other,0.00390625,,0.0,0.00390625,0.99609375
122,thunderstorm__esc50__fold_4__125070__0000__r0.wav,hazard_any,hazard_any,1,6,0.8118489384651184,background_other,0.1881510466337204,,0.0,0.1881510466337204,0.8118489384651184
123,thunderstorm__esc50__fold_4__125071__0001__r0.wav,hazard_any,hazard_any,1,6,0.83203125,background_other,0.16796875,,0.0,0.16796875,0.83203125
124,thunderstorm__esc50__fold_4__125072__0002__r0.wav,hazard_any,hazard_any,1,6,0.728515625,background_other,0.271484375,,0.0,0.271484375,0.728515625
125,thunderstorm__esc50__fold_4__125072__0003__r0.wav,hazard_any,hazard_any,1,6,0.8287760615348816,background_other,0.1712239533662796,,0.0,0.1712239533662796,0.8287760615348816
126,thunderstorm__esc50__fold_4__156993__0004__r0.wav,hazard_any,hazard_any,1,6,0.826171875,background_other,0.173828125,,0.0,0.173828125,0.826171875
127,thunderstorm__esc50__fold_4__161519__0005__r0.wav,hazard_any,hazard_any,1,6,0.9127604365348816,background_other,0.0872395858168602,,0.0,0.0872395858168602,0.9127604365348816
128,thunderstorm__esc50__fold_4__165813__0006__r0.wav,hazard_any,hazard_any,1,6,0.857421875,background_other,0.142578125,,0.0,0.142578125,0.857421875
129,thunderstorm__esc50__fold_4__165813__0007__r0.wav,hazard_any,hazard_any,1,6,0.921875,background_other,0.078125,,0.0,0.078125,0.921875
130,thunderstorm__fsd50k__dev__124587__0008__r0.wav,hazard_any,hazard_any,1,13,0.633713960647583,background_other,0.3662860691547394,,0.0,0.3662860691547394,0.633713960647583
131,thunderstorm__fsd50k__dev__125634__0009__r0.wav,hazard_any,hazard_any,1,13,0.753004789352417,background_other,0.24699519574642181,,0.0,0.24699519574642181,0.753004789352417
132,thunderstorm__fsd50k__dev__128343__0010__r0.wav,hazard_any,hazard_any,1,13,0.9684495329856873,background_other,0.03155048191547394,,0.0,0.03155048191547394,0.9684495329856873
133,thunderstorm__fsd50k__dev__135104__0011__r0.wav,hazard_any,hazard_any,1,13,0.84375,background_other,0.15625,,0.0,0.15625,0.84375
134,thunderstorm__fsd50k__dev__155833__0012__r0.wav,hazard_any,hazard_any,1,13,0.9173678159713745,background_other,0.08263221383094788,,0.0,0.08263221383094788,0.9173678159713745
135,thunderstorm__fsd50k__dev__163287__0013__r0.wav,hazard_any,hazard_any,1,13,0.831129789352417,background_other,0.16887019574642181,,0.0,0.16887019574642181,0.831129789352417
136,thunderstorm__fsd50k__dev__165299__0014__r0.wav,hazard_any,hazard_any,1,13,0.7680288553237915,background_other,0.2319711595773697,,0.0,0.2319711595773697,0.7680288553237915
137,thunderstorm__fsd50k__dev__165874__0015__r0.wav,hazard_any,hazard_any,1,13,0.911057710647583,background_other,0.08894230425357819,,0.0,0.08894230425357819,0.911057710647583
138,thunderstorm__fsd50k__dev__186907__0016__r0.wav,hazard_any,hazard_any,1,13,0.7082331776618958,background_other,0.29176682233810425,,0.0,0.29176682233810425,0.7082331776618958
139,thunderstorm__fsd50k__dev__189794__0017__r0.wav,hazard_any,hazard_any,1,13,0.8097956776618958,background_other,0.19020432233810425,,0.0,0.19020432233810425,0.8097956776618958
140,thunderstorm__fsd50k__dev__191992__0018__r0.wav,hazard_any,hazard_any,1,13,0.9480168223381042,background_other,0.051983173936605453,,0.0,0.051983173936605453,0.9480168223381042
141,thunderstorm__fsd50k__dev__193170__0019__r0.wav,hazard_any,hazard_any,1,7,0.7427455186843872,background_other,0.2572544515132904,,0.0,0.2572544515132904,0.7427455186843872
142,thunderstorm__fsd50k__dev__194849__0020__r0.wav,hazard_any,hazard_any,1,13,0.8305288553237915,background_other,0.1694711595773697,,0.0,0.1694711595773697,0.8305288553237915
143,thunderstorm__fsd50k__dev__195344__0021__r0.wav,hazard_any,hazard_any,1,13,0.836838960647583,background_other,0.16316105425357819,,0.0,0.16316105425357819,0.836838960647583
144,thunderstorm__fsd50k__dev__195738__0022__r0.wav,hazard_any,hazard_any,1,13,0.883713960647583,background_other,0.11628605425357819,,0.0,0.11628605425357819,0.883713960647583
145,thunderstorm__fsd50k__dev__198496__0023__r0.wav,hazard_any,hazard_any,1,13,0.7827523946762085,background_other,0.2172475904226303,,0.0,0.2172475904226303,0.7827523946762085
146,thunderstorm__fsd50k__dev__203721__0024__r0.wav,hazard_any,hazard_any,1,6,0.7252604365348816,background_other,0.2747395932674408,,0.0,0.2747395932674408,0.7252604365348816
147,thunderstorm__fsd50k__dev__203830__0025__r0.wav,hazard_any,hazard_any,1,13,0.5423678159713745,background_other,0.4576322138309479,,0.0,0.4576322138309479,0.5423678159713745
148,thunderstorm__fsd50k__dev__205832__0026__r0.wav,hazard_any,hazard_any,1,13,0.6595553159713745,background_other,0.3404447138309479,,0.0,0.3404447138309479,0.6595553159713745
149,thunderstorm__fsd50k__dev__210044__0027__r0.wav,hazard_any,hazard_any,1,2,0.888671875,background_other,0.111328125,,0.0,0.111328125,0.888671875
150,thunderstorm__fsd50k__dev__21847__0028__r0.wav,hazard_any,hazard_any,1,13,0.6667668223381042,background_other,0.33323317766189575,,0.0,0.33323317766189575,0.6667668223381042
151,thunderstorm__fsd50k__dev__22033__0029__r0.wav,hazard_any,hazard_any,1,13,0.9224759340286255,background_other,0.07752403616905212,,0.0,0.07752403616905212,0.9224759340286255
152,thunderstorm__fsd50k__dev__222601__0030__r0.wav,hazard_any,hazard_any,1,13,0.9158653616905212,background_other,0.08413461595773697,,0.0,0.08413461595773697,0.9158653616905212
153,thunderstorm__fsd50k__dev__22874__0031__r0.wav,hazard_any,hazard_any,1,13,0.8638821840286255,background_other,0.13611778616905212,,0.0,0.13611778616905212,0.8638821840286255
154,thunderstorm__fsd50k__dev__237519__0032__r0.wav,hazard_any,hazard_any,1,13,0.8353365659713745,background_other,0.16466346383094788,,0.0,0.16466346383094788,0.8353365659713745
155,thunderstorm__fsd50k__dev__242048__0033__r0.wav,hazard_any,hazard_any,1,13,0.5721153616905212,background_other,0.42788460850715637,,0.0,0.42788460850715637,0.5721153616905212
156,thunderstorm__fsd50k__dev__242981__0034__r0.wav,hazard_any,hazard_any,1,13,0.84765625,background_other,0.15234375,,0.0,0.15234375,0.84765625
157,thunderstorm__fsd50k__dev__243757__0035__r0.wav,hazard_any,hazard_any,1,13,0.7199519276618958,background_other,0.28004807233810425,,0.0,0.28004807233810425,0.7199519276618958
158,thunderstorm__fsd50k__dev__243965__0036__r0.wav,hazard_any,hazard_any,1,4,0.7353515625,background_other,0.2646484375,,0.0,0.2646484375,0.7353515625
159,thunderstorm__fsd50k__dev__243968__0037__r0.wav,hazard_any,hazard_any,1,4,0.775390625,background_other,0.224609375,,0.0,0.224609375,0.775390625
160,thunderstorm__fsd50k__dev__244693__0038__r0.wav,hazard_any,hazard_any,1,11,0.8274147510528564,background_other,0.17258523404598236,,0.0,0.17258523404598236,0.8274147510528564
161,thunderstorm__fsd50k__dev__248110__0039__r0.wav,hazard_any,hazard_any,1,13,0.7848557829856873,background_other,0.21514423191547394,,0.0,0.21514423191547394,0.7848557829856873
162,thunderstorm__fsd50k__dev__253763__0040__r0.wav,hazard_any,hazard_any,1,13,0.8981370329856873,background_other,0.10186298191547394,,0.0,0.10186298191547394,0.8981370329856873
163,thunderstorm__fsd50k__dev__259316__0041__r0.wav,hazard_any,hazard_any,1,13,0.911057710647583,background_other,0.08894230425357819,,0.0,0.08894230425357819,0.911057710647583
164,thunderstorm__fsd50k__dev__29675__0042__r0.wav,hazard_any,hazard_any,1,13,0.7989783883094788,background_other,0.20102164149284363,,0.0,0.20102164149284363,0.7989783883094788
165,thunderstorm__fsd50k__dev__31452__0043__r0.wav,hazard_any,hazard_any,1,13,0.7707331776618958,background_other,0.22926682233810425,,0.0,0.22926682233810425,0.7707331776618958
166,thunderstorm__fsd50k__dev__328391__0044__r0.wav,hazard_any,hazard_any,1,13,0.8443509340286255,background_other,0.15564903616905212,,0.0,0.15564903616905212,0.8443509340286255
167,thunderstorm__fsd50k__dev__33246__0045__r0.wav,hazard_any,hazard_any,1,13,0.889723539352417,background_other,0.11027644574642181,,0.0,0.11027644574642181,0.889723539352417
168,thunderstorm__fsd50k__dev__341960__0046__r0.wav,hazard_any,hazard_any,1,4,0.8388671875,background_other,0.1611328125,,0.0,0.1611328125,0.8388671875
169,thunderstorm__fsd50k__dev__344434__0047__r0.wav,hazard_any,hazard_any,1,13,0.6941105723381042,background_other,0.30588942766189575,,0.0,0.30588942766189575,0.6941105723381042
170,thunderstorm__fsd50k__dev__344435__0048__r0.wav,hazard_any,hazard_any,1,13,0.6775841116905212,background_other,0.32241585850715637,,0.0,0.32241585850715637,0.6775841116905212
171,thunderstorm__fsd50k__dev__345920__0049__r0.wav,hazard_any,hazard_any,1,4,0.9365234375,background_other,0.0634765625,,0.0,0.0634765625,0.9365234375
172,thunderstorm__fsd50k__dev__359151__0050__r0.wav,hazard_any,hazard_any,1,13,0.85546875,background_other,0.14453125,,0.0,0.14453125,0.85546875
173,thunderstorm__fsd50k__dev__363252__0051__r0.wav,hazard_any,hazard_any,1,13,0.8473557829856873,background_other,0.15264423191547394,,0.0,0.15264423191547394,0.8473557829856873
174,thunderstorm__fsd50k__dev__367510__0052__r0.wav,hazard_any,hazard_any,1,13,0.8440504670143127,background_other,0.15594951808452606,,0.0,0.15594951808452606,0.8440504670143127
175,thunderstorm__fsd50k__dev__37299__0053__r0.wav,hazard_any,hazard_any,1,13,0.821213960647583,background_other,0.17878605425357819,,0.0,0.17878605425357819,0.821213960647583
176,thunderstorm__fsd50k__dev__37304__0054__r0.wav,hazard_any,hazard_any,1,13,0.7010216116905212,background_other,0.29897835850715637,,0.0,0.29897835850715637,0.7010216116905212
177,thunderstorm__fsd50k__dev__375999__0055__r0.wav,hazard_any,hazard_any,1,13,0.8888221383094788,background_other,0.11117788404226303,,0.0,0.11117788404226303,0.8888221383094788
178,thunderstorm__fsd50k__dev__394070__0056__r0.wav,hazard_any,hazard_any,1,6,0.8098958134651184,background_other,0.1901041716337204,,0.0,0.1901041716337204,0.8098958134651184
179,thunderstorm__fsd50k__dev__394071__0057__r0.wav,hazard_any,hazard_any,1,13,0.7518028616905212,background_other,0.24819710850715637,,0.0,0.24819710850715637,0.7518028616905212
180,thunderstorm__fsd50k__dev__399870__0058__r0.wav,hazard_any,hazard_any,1,12,0.7509765625,background_other,0.2490234375,,0.0,0.2490234375,0.7509765625
181,thunderstorm__fsd50k__dev__414050__0059__r0.wav,hazard_any,hazard_any,1,13,0.8804086446762085,background_other,0.11959134787321091,,0.0,0.11959134787321091,0.8804086446762085
182,background_other__esc50__fold_4__4-161100-A-47__0000.wav,background_other,hazard_any,0,6,0.931640625,background_other,0.068359375,,0.0,0.068359375,0.931640625
183,background_other__esc50__fold_4__4-210000-A-23__0001.wav,background_other,hazard_any,0,6,0.6028645634651184,background_other,0.3971354067325592,,0.0,0.3971354067325592,0.6028645634651184
184,background_other__esc50__fold_4__4-144468-B-27__0002.wav,background_other,background_other,1,6,0.8391926884651184,hazard_any,0.1608072966337204,,0.0,0.8391926884651184,0.1608072966337204
185,background_other__esc50__fold_4__4-216349-A-34__0003.wav,background_other,background_other,1,1,0.875,hazard_any,0.125,,0.0,0.875,0.125
186,background_other__esc50__fold_4__4-175846-A-43__0004.wav,background_other,background_other,1,3,0.796875,hazard_any,0.203125,,0.0,0.796875,0.203125
187,background_other__esc50__fold_4__4-133047-A-5__0005.wav,background_other,hazard_any,0,6,0.6048176884651184,background_other,0.3951822817325592,,0.0,0.3951822817325592,0.6048176884651184
188,background_other__esc50__fold_4__4-159609-B-14__0006.wav,background_other,background_other,1,6,0.5358073115348816,hazard_any,0.4641927182674408,,0.0,0.5358073115348816,0.4641927182674408
189,background_other__esc50__fold_4__4-125825-A-46__0007.wav,background_other,background_other,1,6,0.6276041865348816,hazard_any,0.3723958432674408,,0.0,0.6276041865348816,0.3723958432674408
190,background_other__esc50__fold_4__4-189838-A-22__0008.wav,background_other,hazard_any,0,6,0.8125,background_other,0.1875,,0.0,0.1875,0.8125
191,background_other__esc50__fold_4__4-209536-A-37__0009.wav,background_other,background_other,1,6,0.7591145634651184,hazard_any,0.2408854216337204,,0.0,0.7591145634651184,0.2408854216337204
192,background_other__esc50__fold_4__4-191327-A-38__0010.wav,background_other,background_other,1,6,0.8131510615348816,hazard_any,0.1868489533662796,,0.0,0.8131510615348816,0.1868489533662796
193,background_other__esc50__fold_4__4-177835-A-24__0011.wav,background_other,background_other,1,1,0.8125,hazard_any,0.1875,,0.0,0.8125,0.1875
194,background_other__esc50__fold_4__4-181955-C-3__0012.wav,background_other,hazard_any,0,6,0.716796875,background_other,0.283203125,,0.0,0.283203125,0.716796875
195,background_other__esc50__fold_4__4-181563-A-12__0013.wav,background_other,hazard_any,0,6,0.6705729365348816,background_other,0.3294270932674408,,0.0,0.3294270932674408,0.6705729365348816
196,background_other__esc50__fold_4__4-163697-A-13__0014.wav,background_other,background_other,1,6,0.90625,hazard_any,0.09375,,0.0,0.90625,0.09375
197,background_other__esc50__fold_4__4-159426-A-9__0015.wav,background_other,hazard_any,0,3,0.7708333134651184,background_other,0.2291666716337204,,0.0,0.2291666716337204,0.7708333134651184
198,background_other__esc50__fold_4__4-59579-A-20__0016.wav,background_other,hazard_any,0,6,0.8216145634651184,background_other,0.1783854216337204,,0.0,0.1783854216337204,0.8216145634651184
199,background_other__esc50__fold_4__4-207124-A-0__0017.wav,background_other,background_other,1,6,0.7272135615348816,hazard_any,0.2727864682674408,,0.0,0.7272135615348816,0.2727864682674408
200,background_other__esc50__fold_4__4-132839-A-33__0018.wav,background_other,hazard_any,0,6,0.5462239384651184,background_other,0.4537760317325592,,0.0,0.4537760317325592,0.5462239384651184
201,background_other__esc50__fold_4__4-188878-A-30__0019.wav,background_other,hazard_any,0,6,0.62109375,background_other,0.37890625,,0.0,0.37890625,0.62109375
202,background_other__esc50__fold_4__4-204202-A-29__0020.wav,background_other,background_other,1,4,0.8779296875,hazard_any,0.1220703125,,0.0,0.8779296875,0.1220703125
203,background_other__esc50__fold_4__4-186962-A-44__0021.wav,background_other,hazard_any,0,6,0.8626301884651184,background_other,0.1373697966337204,,0.0,0.1373697966337204,0.8626301884651184
204,background_other__esc50__fold_4__4-119647-B-48__0022.wav,background_other,hazard_any,0,6,0.6608073115348816,background_other,0.3391927182674408,,0.0,0.3391927182674408,0.6608073115348816
205,background_other__esc50__fold_4__4-194979-A-25__0023.wav,background_other,background_other,1,6,0.619140625,hazard_any,0.380859375,,0.0,0.619140625,0.380859375
206,background_other__esc50__fold_4__4-99193-A-4__0024.wav,background_other,background_other,1,6,0.5768229365348816,hazard_any,0.4231770932674408,,0.0,0.5768229365348816,0.4231770932674408
207,background_other__esc50__fold_4__4-212698-A-39__0025.wav,background_other,background_other,1,2,0.650390625,hazard_any,0.349609375,,0.0,0.650390625,0.349609375
208,background_other__esc50__fold_4__4-251645-A-49__0026.wav,background_other,background_other,1,6,0.7740885615348816,hazard_any,0.2259114533662796,,0.0,0.7740885615348816,0.2259114533662796
209,background_other__esc50__fold_4__4-193480-A-40__0027.wav,background_other,hazard_any,0,6,0.8802083134651184,background_other,0.1197916641831398,,0.0,0.1197916641831398,0.8802083134651184
210,background_other__esc50__fold_4__4-197103-A-6__0028.wav,background_other,background_other,1,6,0.8450520634651184,hazard_any,0.1549479216337204,,0.0,0.8450520634651184,0.1549479216337204
211,background_other__esc50__fold_4__4-143118-A-7__0029.wav,background_other,hazard_any,0,6,0.7350260615348816,background_other,0.2649739682674408,,0.0,0.2649739682674408,0.7350260615348816
212,background_other__esc50__fold_4__4-158653-A-32__0030.wav,background_other,background_other,1,6,0.8880208134651184,hazard_any,0.1119791641831398,,0.0,0.8880208134651184,0.1119791641831398
213,background_other__esc50__fold_4__4-155670-A-26__0031.wav,background_other,hazard_any,0,6,0.5227864384651184,background_other,0.4772135317325592,,0.0,0.4772135317325592,0.5227864384651184
214,background_other__esc50__fold_4__4-204683-A-31__0032.wav,background_other,background_other,1,6,0.5540364384651184,hazard_any,0.4459635317325592,,0.0,0.5540364384651184,0.4459635317325592
215,background_other__esc50__fold_4__4-147240-A-2__0033.wav,background_other,background_other,1,6,0.6067708134651184,hazard_any,0.3932291567325592,,0.0,0.6067708134651184,0.3932291567325592
216,background_other__esc50__fold_4__4-187504-A-17__0034.wav,background_other,background_other,1,6,0.861328125,hazard_any,0.138671875,,0.0,0.861328125,0.138671875
217,background_other__esc50__fold_4__4-163264-A-10__0035.wav,background_other,hazard_any,0,6,0.7838541865348816,background_other,0.2161458283662796,,0.0,0.2161458283662796,0.7838541865348816
218,background_other__esc50__fold_4__4-164064-C-1__0036.wav,background_other,hazard_any,0,2,0.81640625,background_other,0.18359375,,0.0,0.18359375,0.81640625
219,background_other__esc50__fold_4__4-167063-B-11__0037.wav,background_other,hazard_any,0,6,0.884765625,background_other,0.115234375,,0.0,0.115234375,0.884765625
220,background_other__esc50__fold_4__4-188703-D-8__0038.wav,background_other,hazard_any,0,6,0.5983073115348816,background_other,0.4016927182674408,,0.0,0.4016927182674408,0.5983073115348816
221,background_other__esc50__fold_4__4-184434-A-21__0039.wav,background_other,background_other,1,4,0.6064453125,hazard_any,0.3935546875,,0.0,0.6064453125,0.3935546875
222,background_other__esc50__fold_4__4-197454-B-28__0040.wav,background_other,hazard_any,0,6,0.55078125,background_other,0.44921875,,0.0,0.44921875,0.55078125
223,background_other__esc50__fold_4__4-141365-A-18__0041.wav,background_other,background_other,1,6,0.7037760615348816,hazard_any,0.2962239682674408,,0.0,0.7037760615348816,0.2962239682674408
224,background_other__esc50__fold_4__4-165791-A-45__0042.wav,background_other,hazard_any,0,6,0.8860676884651184,background_other,0.1139322891831398,,0.0,0.1139322891831398,0.8860676884651184
225,background_other__esc50__fold_4__4-172734-A-36__0043.wav,background_other,hazard_any,0,6,0.8444010615348816,background_other,0.1555989533662796,,0.0,0.1555989533662796,0.8444010615348816
226,background_other__esc50__fold_4__4-218199-C-35__0044.wav,background_other,hazard_any,0,6,0.62890625,background_other,0.37109375,,0.0,0.37109375,0.62890625
227,background_other__esc50__fold_4__4-197871-A-15__0045.wav,background_other,background_other,1,2,0.875,hazard_any,0.125,,0.0,0.875,0.125
228,background_other__esc50__fold_4__4-163609-A-16__0046.wav,background_other,hazard_any,0,6,0.935546875,background_other,0.064453125,,0.0,0.064453125,0.935546875
229,background_other__esc50__fold_4__4-161103-A-47__0047.wav,background_other,hazard_any,0,6,0.88671875,background_other,0.11328125,,0.0,0.11328125,0.88671875
230,background_other__esc50__fold_4__4-198025-A-23__0048.wav,background_other,background_other,1,6,0.6321614384651184,hazard_any,0.3678385317325592,,0.0,0.6321614384651184,0.3678385317325592
231,background_other__esc50__fold_4__4-172500-A-27__0049.wav,background_other,background_other,1,6,0.8138020634651184,hazard_any,0.1861979216337204,,0.0,0.8138020634651184,0.1861979216337204
232,background_other__esc50__fold_4__4-187384-A-34__0050.wav,background_other,background_other,1,1,0.85546875,hazard_any,0.14453125,,0.0,0.85546875,0.14453125
233,background_other__esc50__fold_4__4-175855-A-43__0051.wav,background_other,hazard_any,0,3,0.5872395634651184,background_other,0.4127604067325592,,0.0,0.4127604067325592,0.5872395634651184
234,background_other__esc50__fold_4__4-149940-B-5__0052.wav,background_other,hazard_any,0,6,0.6139323115348816,background_other,0.3860677182674408,,0.0,0.3860677182674408,0.6139323115348816
235,background_other__esc50__fold_4__4-187769-B-14__0053.wav,background_other,background_other,1,6,0.5071614384651184,hazard_any,0.4928385317325592,,0.0,0.5071614384651184,0.4928385317325592
236,background_other__esc50__fold_4__4-147658-A-46__0054.wav,background_other,hazard_any,0,6,0.7571614384651184,background_other,0.2428385466337204,,0.0,0.2428385466337204,0.7571614384651184
237,background_other__esc50__fold_4__4-189832-B-22__0055.wav,background_other,hazard_any,0,6,0.8763020634651184,background_other,0.1236979141831398,,0.0,0.1236979141831398,0.8763020634651184
238,background_other__esc50__fold_4__4-198841-A-37__0056.wav,background_other,background_other,1,6,0.509765625,hazard_any,0.490234375,,0.0,0.509765625,0.490234375
239,background_other__esc50__fold_4__4-179984-A-38__0057.wav,background_other,background_other,1,6,0.9016926884651184,hazard_any,0.0983072891831398,,0.0,0.9016926884651184,0.0983072891831398
240,background_other__esc50__fold_4__4-169726-A-24__0058.wav,background_other,hazard_any,0,1,0.52734375,background_other,0.47265625,,0.0,0.47265625,0.52734375
241,background_other__esc50__fold_4__4-213915-B-3__0059.wav,background_other,hazard_any,0,6,0.82421875,background_other,0.17578125,,0.0,0.17578125,0.82421875
242,background_other__fsd50k__val__speech__60689__0000.wav,background_other,background_other,1,13,0.5003004670143127,hazard_any,0.49969953298568726,,0.0,0.5003004670143127,0.49969953298568726
243,background_other__fsd50k__val__speech__87703__0001.wav,background_other,background_other,1,1,0.69140625,hazard_any,0.30859375,,0.0,0.69140625,0.30859375
244,background_other__fsd50k__val__speech__87704__0002.wav,background_other,background_other,1,1,0.66015625,hazard_any,0.33984375,,0.0,0.66015625,0.33984375
245,background_other__fsd50k__val__speech__90177__0003.wav,background_other,background_other,1,1,0.6640625,hazard_any,0.3359375,,0.0,0.6640625,0.3359375
246,background_other__fsd50k__val__speech__258371__0004.wav,background_other,background_other,1,3,0.5846354365348816,hazard_any,0.4153645932674408,,0.0,0.5846354365348816,0.4153645932674408
247,background_other__fsd50k__val__speech__371385__0005.wav,background_other,hazard_any,0,1,0.6328125,background_other,0.3671875,,0.0,0.3671875,0.6328125
248,background_other__fsd50k__val__speech__257344__0006.wav,background_other,background_other,1,12,0.849609375,hazard_any,0.150390625,,0.0,0.849609375,0.150390625
249,background_other__fsd50k__val__speech__259674__0007.wav,background_other,background_other,1,3,0.875,hazard_any,0.125,,0.0,0.875,0.125
250,background_other__fsd50k__val__speech__219772__0008.wav,background_other,background_other,1,5,0.8578125238418579,hazard_any,0.14218750596046448,,0.0,0.8578125238418579,0.14218750596046448
251,background_other__fsd50k__val__speech__379393__0009.wav,background_other,background_other,1,1,0.8046875,hazard_any,0.1953125,,0.0,0.8046875,0.1953125
252,background_other__fsd50k__val__speech__220372__0010.wav,background_other,background_other,1,13,0.5534855723381042,hazard_any,0.44651442766189575,,0.0,0.5534855723381042,0.44651442766189575
253,background_other__fsd50k__val__speech__174955__0011.wav,background_other,background_other,1,3,0.8177083134651184,hazard_any,0.1822916716337204,,0.0,0.8177083134651184,0.1822916716337204
254,background_other__fsd50k__val__speech__19199__0012.wav,background_other,background_other,1,1,0.96484375,hazard_any,0.03515625,,0.0,0.96484375,0.03515625
255,background_other__fsd50k__val__speech__12712__0013.wav,background_other,hazard_any,0,7,0.6897321343421936,background_other,0.3102678656578064,,0.0,0.3102678656578064,0.6897321343421936
256,background_other__fsd50k__val__speech__174948__0014.wav,background_other,background_other,1,2,0.80078125,hazard_any,0.19921875,,0.0,0.80078125,0.19921875
257,background_other__fsd50k__val__speech__411018__0015.wav,background_other,background_other,1,13,0.5646033883094788,hazard_any,0.43539664149284363,,0.0,0.5646033883094788,0.43539664149284363
258,background_other__fsd50k__val__speech__255880__0016.wav,background_other,background_other,1,2,0.8984375,hazard_any,0.1015625,,0.0,0.8984375,0.1015625
259,background_other__fsd50k__val__speech__256860__0017.wav,background_other,background_other,1,2,0.6953125,hazard_any,0.3046875,,0.0,0.6953125,0.3046875
260,background_other__fsd50k__val__speech__243820__0018.wav,background_other,hazard_any,0,7,0.6780133843421936,background_other,0.3219866156578064,,0.0,0.3219866156578064,0.6780133843421936
261,background_other__fsd50k__val__speech__398341__0019.wav,background_other,hazard_any,0,9,0.5620659589767456,background_other,0.4379340410232544,,0.0,0.4379340410232544,0.5620659589767456
262,background_other__fsd50k__val__speech__246318__0020.wav,background_other,background_other,1,4,0.9375,hazard_any,0.0625,,0.0,0.9375,0.0625
263,background_other__fsd50k__val__speech__189490__0021.wav,background_other,background_other,1,1,0.94140625,hazard_any,0.05859375,,0.0,0.94140625,0.05859375
264,background_other__fsd50k__val__speech__189488__0022.wav,background_other,background_other,1,1,0.828125,hazard_any,0.171875,,0.0,0.828125,0.171875
265,background_other__fsd50k__val__speech__277594__0023.wav,background_other,background_other,1,5,0.9554687738418579,hazard_any,0.04453124850988388,,0.0,0.9554687738418579,0.04453124850988388
266,background_other__fsd50k__val__music__96557__0000.wav,background_other,hazard_any,0,5,0.8226562738418579,background_other,0.17734375596046448,,0.0,0.17734375596046448,0.8226562738418579
267,background_other__fsd50k__val__music__181351__0001.wav,background_other,hazard_any,0,9,0.6458333134651184,background_other,0.3541666567325592,,0.0,0.3541666567325592,0.6458333134651184
268,background_other__fsd50k__val__music__52219__0002.wav,background_other,background_other,1,13,0.9738581776618958,hazard_any,0.026141826063394547,,0.0,0.9738581776618958,0.026141826063394547
269,background_other__fsd50k__val__music__165832__0003.wav,background_other,hazard_any,0,5,0.6109374761581421,background_other,0.3890624940395355,,0.0,0.3890624940395355,0.6109374761581421
270,background_other__fsd50k__val__music__377358__0004.wav,background_other,background_other,1,1,0.82421875,hazard_any,0.17578125,,0.0,0.82421875,0.17578125
271,background_other__fsd50k__val__music__7265__0005.wav,background_other,hazard_any,0,1,0.71484375,background_other,0.28515625,,0.0,0.28515625,0.71484375
272,background_other__fsd50k__val__music__160710__0006.wav,background_other,background_other,1,7,0.6780133843421936,hazard_any,0.3219866156578064,,0.0,0.6780133843421936,0.3219866156578064
273,background_other__fsd50k__val__music__149895__0007.wav,background_other,background_other,1,4,0.7060546875,hazard_any,0.2939453125,,0.0,0.7060546875,0.2939453125
274,background_other__fsd50k__val__music__754__0008.wav,background_other,hazard_any,0,3,0.6080729365348816,background_other,0.3919270932674408,,0.0,0.3919270932674408,0.6080729365348816
275,background_other__fsd50k__val__music__428237__0009.wav,background_other,background_other,1,6,0.5572916865348816,hazard_any,0.4427083432674408,,0.0,0.5572916865348816,0.4427083432674408
276,background_other__fsd50k__val__music__186509__0010.wav,background_other,background_other,1,5,0.917187511920929,hazard_any,0.08281250298023224,,0.0,0.917187511920929,0.08281250298023224
277,background_other__fsd50k__val__music__420945__0011.wav,background_other,hazard_any,0,10,0.9624999761581421,background_other,0.03750000149011612,,0.0,0.03750000149011612,0.9624999761581421
278,background_other__fsd50k__val__human_non_speech__241721__0000.wav,background_other,hazard_any,0,13,0.7983773946762085,background_other,0.2016225904226303,,0.0,0.2016225904226303,0.7983773946762085
279,background_other__fsd50k__val__human_non_speech__339954__0001.wav,background_other,hazard_any,0,13,0.9017428159713745,background_other,0.09825721383094788,,0.0,0.09825721383094788,0.9017428159713745
280,background_other__fsd50k__val__human_non_speech__109596__0002.wav,background_other,background_other,1,1,0.54296875,hazard_any,0.45703125,,0.0,0.54296875,0.45703125
281,background_other__fsd50k__val__human_non_speech__207829__0003.wav,background_other,hazard_any,0,2,0.849609375,background_other,0.150390625,,0.0,0.150390625,0.849609375
282,background_other__fsd50k__val__human_non_speech__198938__0004.wav,background_other,hazard_any,0,13,0.5060096383094788,background_other,0.49399039149284363,,0.0,0.49399039149284363,0.5060096383094788
283,background_other__fsd50k__val__human_non_speech__412310__0005.wav,background_other,background_other,1,3,0.8697916865348816,hazard_any,0.1302083283662796,,0.0,0.8697916865348816,0.1302083283662796
284,background_other__fsd50k__val__human_non_speech__196091__0006.wav,background_other,hazard_any,0,13,0.538161039352417,background_other,0.4618389308452606,,0.0,0.4618389308452606,0.538161039352417
285,background_other__fsd50k__val__human_non_speech__108926__0007.wav,background_other,background_other,1,1,0.8359375,hazard_any,0.1640625,,0.0,0.8359375,0.1640625
286,background_other__fsd50k__val__hard_negative__48980__0000.wav,background_other,hazard_any,0,1,0.73828125,background_other,0.26171875,,0.0,0.26171875,0.73828125
287,background_other__fsd50k__val__hard_negative__34805__0001.wav,background_other,background_other,1,2,0.83203125,hazard_any,0.16796875,,0.0,0.83203125,0.16796875
288,background_other__fsd50k__val__hard_negative__197866__0002.wav,background_other,background_other,1,6,0.8040364384651184,hazard_any,0.1959635466337204,,0.0,0.8040364384651184,0.1959635466337204
289,background_other__fsd50k__val__hard_negative__201589__0003.wav,background_other,background_other,1,13,0.6577523946762085,hazard_any,0.3422476053237915,,0.0,0.6577523946762085,0.3422476053237915
290,background_other__fsd50k__val__hard_negative__132340__0004.wav,background_other,background_other,1,13,0.6959134340286255,hazard_any,0.3040865361690521,,0.0,0.6959134340286255,0.3040865361690521
291,background_other__fsd50k__val__hard_negative__268126__0005.wav,background_other,hazard_any,0,13,0.5072115659713745,background_other,0.4927884638309479,,0.0,0.4927884638309479,0.5072115659713745
292,background_other__fsd50k__val__hard_negative__170243__0006.wav,background_other,background_other,1,1,0.96484375,hazard_any,0.03515625,,0.0,0.96484375,0.03515625
293,background_other__fsd50k__val__hard_negative__70058__0007.wav,background_other,background_other,1,1,0.9765625,hazard_any,0.0234375,,0.0,0.9765625,0.0234375
294,background_other__fsd50k__val__general__331702__0000.wav,background_other,background_other,1,7,0.66015625,hazard_any,0.33984375,,0.0,0.66015625,0.33984375
295,background_other__fsd50k__val__general__171037__0001.wav,background_other,background_other,1,13,0.8046875,hazard_any,0.1953125,,0.0,0.8046875,0.1953125
296,background_other__fsd50k__val__general__353953__0002.wav,background_other,hazard_any,0,12,0.6741536259651184,background_other,0.3258463442325592,,0.0,0.3258463442325592,0.6741536259651184
297,background_other__fsd50k__val__general__391942__0003.wav,background_other,background_other,1,9,0.6462673544883728,hazard_any,0.3537326455116272,,0.0,0.6462673544883728,0.3537326455116272
298,background_other__fsd50k__val__general__106731__0004.wav,background_other,hazard_any,0,13,0.7716346383094788,background_other,0.22836539149284363,,0.0,0.22836539149284363,0.7716346383094788
299,background_other__fsd50k__val__general__368470__0005.wav,background_other,hazard_any,0,7,0.6858258843421936,background_other,0.3141741156578064,,0.0,0.3141741156578064,0.6858258843421936
300,background_other__fsd50k__val__general__107931__0006.wav,background_other,background_other,1,11,0.6541193127632141,hazard_any,0.3458806872367859,,0.0,0.6541193127632141,0.3458806872367859
301,background_other__fsd50k__val__general__47388__0007.wav,background_other,background_other,1,1,0.94140625,hazard_any,0.05859375,,0.0,0.94140625,0.05859375
