hazard_threshold,hazard_detection_recall,hazard_detection_macro_recall,minimum_hazard_class_recall,background_rejection_rate,background_false_alert_rate,speech_rejection_rate,cascade_hazard_exact_accuracy,cascade_hazard_exact_macro_recall,cascade_overall_accuracy
0.0,1.0,1.0,1.0,0.0,1.0,0.0,0.9560439560439561,0.9625925925925927,0.5761589403973509
0.005,1.0,1.0,1.0,0.0,1.0,0.0,0.9560439560439561,0.9625925925925927,0.5761589403973509
0.01,1.0,1.0,1.0,0.0,1.0,0.0,0.9560439560439561,0.9625925925925927,0.5761589403973509
0.015,1.0,1.0,1.0,0.0,1.0,0.0,0.9560439560439561,0.9625925925925927,0.5761589403973509
0.02,1.0,1.0,1.0,0.016666666666666666,0.9833333333333333,0.041666666666666664,0.9560439560439561,0.9625925925925927,0.5827814569536424
0.025,1.0,1.0,1.0,0.016666666666666666,0.9833333333333333,0.041666666666666664,0.9560439560439561,0.9625925925925927,0.5827814569536424
0.03,1.0,1.0,1.0,0.03333333333333333,0.9666666666666667,0.08333333333333333,0.9560439560439561,0.9625925925925927,0.5894039735099338
0.035,1.0,1.0,1.0,0.058333333333333334,0.9416666666666667,0.16666666666666666,0.9560439560439561,0.9625925925925927,0.5993377483443708
0.04,1.0,1.0,1.0,0.075,0.925,0.16666666666666666,0.9560439560439561,0.9625925925925927,0.6059602649006622
0.045,1.0,1.0,1.0,0.075,0.925,0.16666666666666666,0.9560439560439561,0.9625925925925927,0.6059602649006622
0.05,1.0,1.0,1.0,0.075,0.925,0.16666666666666666,0.9560439560439561,0.9625925925925927,0.6059602649006622
0.055,1.0,1.0,1.0,0.08333333333333333,0.9166666666666666,0.20833333333333334,0.9560439560439561,0.9625925925925927,0.609271523178808
0.06,1.0,1.0,1.0,0.09166666666666666,0.9083333333333333,0.25,0.9560439560439561,0.9625925925925927,0.6125827814569537
0.065,1.0,1.0,1.0,0.1,0.9,0.25,0.9560439560439561,0.9625925925925927,0.6158940397350994
0.07,1.0,1.0,1.0,0.10833333333333334,0.8916666666666667,0.2916666666666667,0.9560439560439561,0.9625925925925927,0.6192052980132451
0.075,1.0,1.0,1.0,0.11666666666666667,0.8833333333333333,0.3333333333333333,0.9560439560439561,0.9625925925925927,0.6225165562913907
0.08,1.0,1.0,1.0,0.11666666666666667,0.8833333333333333,0.3333333333333333,0.9560439560439561,0.9625925925925927,0.6225165562913907
0.085,1.0,1.0,1.0,0.14166666666666666,0.8583333333333333,0.375,0.9560439560439561,0.9625925925925927,0.6324503311258278
0.09,1.0,1.0,1.0,0.15,0.85,0.375,0.9560439560439561,0.9625925925925927,0.6357615894039735
0.095,1.0,1.0,1.0,0.15833333333333333,0.8416666666666667,0.375,0.9560439560439561,0.9625925925925927,0.6390728476821192
0.1,1.0,1.0,1.0,0.15833333333333333,0.8416666666666667,0.375,0.9560439560439561,0.9625925925925927,0.6390728476821192
0.105,1.0,1.0,1.0,0.175,0.825,0.375,0.9560439560439561,0.9625925925925927,0.6456953642384106
0.11,1.0,1.0,1.0,0.175,0.825,0.375,0.9560439560439561,0.9625925925925927,0.6456953642384106
0.115,1.0,1.0,1.0,0.175,0.825,0.375,0.9560439560439561,0.9625925925925927,0.6456953642384106
0.12,1.0,1.0,1.0,0.20833333333333334,0.7916666666666666,0.4583333333333333,0.9560439560439561,0.9625925925925927,0.6589403973509934
0.125,1.0,1.0,1.0,0.225,0.775,0.5,0.9560439560439561,0.9625925925925927,0.6655629139072847
0.13,1.0,1.0,1.0,0.23333333333333334,0.7666666666666667,0.5,0.9560439560439561,0.9625925925925927,0.6688741721854304
0.135,1.0,1.0,1.0,0.25,0.75,0.5,0.9560439560439561,0.9625925925925927,0.6754966887417219
0.14,1.0,1.0,1.0,0.26666666666666666,0.7333333333333333,0.5416666666666666,0.9560439560439561,0.9625925925925927,0.6821192052980133
0.145,1.0,1.0,1.0,0.275,0.725,0.5416666666666666,0.9560439560439561,0.9625925925925927,0.6854304635761589
0.15,1.0,1.0,1.0,0.275,0.725,0.5416666666666666,0.9560439560439561,0.9625925925925927,0.6854304635761589
0.155,1.0,1.0,1.0,0.2833333333333333,0.7166666666666667,0.5416666666666666,0.9560439560439561,0.9625925925925927,0.6887417218543046
0.16,1.0,1.0,1.0,0.3,0.7,0.5833333333333334,0.9560439560439561,0.9625925925925927,0.695364238410596
0.165,1.0,1.0,1.0,0.3,0.7,0.5833333333333334,0.9560439560439561,0.9625925925925927,0.695364238410596
0.17,1.0,1.0,1.0,0.30833333333333335,0.6916666666666667,0.625,0.9560439560439561,0.9625925925925927,0.6986754966887417
0.175,1.0,1.0,1.0,0.30833333333333335,0.6916666666666667,0.625,0.9560439560439561,0.9625925925925927,0.6986754966887417
0.18,1.0,1.0,1.0,0.30833333333333335,0.6916666666666667,0.625,0.9560439560439561,0.9625925925925927,0.6986754966887417
0.185,1.0,1.0,1.0,0.30833333333333335,0.6916666666666667,0.625,0.9560439560439561,0.9625925925925927,0.6986754966887417
0.19,1.0,1.0,1.0,0.30833333333333335,0.6916666666666667,0.625,0.9560439560439561,0.9625925925925927,0.6986754966887417
0.195,1.0,1.0,1.0,0.30833333333333335,0.6916666666666667,0.625,0.9560439560439561,0.9625925925925927,0.6986754966887417
0.2,1.0,1.0,1.0,0.30833333333333335,0.6916666666666667,0.625,0.9560439560439561,0.9625925925925927,0.6986754966887417
0.205,0.9945054945054945,0.9949999999999999,0.975,0.30833333333333335,0.6916666666666667,0.625,0.9560439560439561,0.9625925925925927,0.6986754966887417
0.21,0.9945054945054945,0.9949999999999999,0.975,0.325,0.675,0.625,0.9560439560439561,0.9625925925925927,0.7052980132450332
0.215,0.9945054945054945,0.9949999999999999,0.975,0.325,0.675,0.625,0.9560439560439561,0.9625925925925927,0.7052980132450332
0.22,0.9945054945054945,0.9949999999999999,0.975,0.325,0.675,0.625,0.9560439560439561,0.9625925925925927,0.7052980132450332
0.225,0.989010989010989,0.9912962962962963,0.975,0.325,0.675,0.625,0.9505494505494505,0.9588888888888889,0.7019867549668874
0.23,0.989010989010989,0.9912962962962963,0.975,0.325,0.675,0.625,0.9505494505494505,0.9588888888888889,0.7019867549668874
0.235,0.989010989010989,0.9912962962962963,0.975,0.325,0.675,0.625,0.9505494505494505,0.9588888888888889,0.7019867549668874
0.24,0.989010989010989,0.9912962962962963,0.975,0.3333333333333333,0.6666666666666666,0.625,0.9505494505494505,0.9588888888888889,0.7052980132450332
0.245,0.989010989010989,0.9912962962962963,0.975,0.3416666666666667,0.6583333333333333,0.625,0.9505494505494505,0.9588888888888889,0.7086092715231788
0.25,0.989010989010989,0.9912962962962963,0.975,0.35,0.65,0.625,0.9505494505494505,0.9588888888888889,0.7119205298013245
0.255,0.989010989010989,0.9912962962962963,0.975,0.35833333333333334,0.6416666666666667,0.6666666666666666,0.9505494505494505,0.9588888888888889,0.7152317880794702
0.26,0.989010989010989,0.9912962962962963,0.975,0.35833333333333334,0.6416666666666667,0.6666666666666666,0.9505494505494505,0.9588888888888889,0.7152317880794702
0.265,0.989010989010989,0.9912962962962963,0.975,0.38333333333333336,0.6166666666666667,0.6666666666666666,0.9505494505494505,0.9588888888888889,0.7251655629139073
0.27,0.989010989010989,0.9912962962962963,0.975,0.39166666666666666,0.6083333333333333,0.7083333333333334,0.9505494505494505,0.9588888888888889,0.7284768211920529
0.275,0.989010989010989,0.9912962962962963,0.975,0.39166666666666666,0.6083333333333333,0.7083333333333334,0.9505494505494505,0.9588888888888889,0.7284768211920529
0.28,0.989010989010989,0.9912962962962963,0.975,0.4166666666666667,0.5833333333333334,0.75,0.9505494505494505,0.9588888888888889,0.7384105960264901
0.285,0.989010989010989,0.9912962962962963,0.975,0.4166666666666667,0.5833333333333334,0.75,0.9505494505494505,0.9588888888888889,0.7384105960264901
0.29,0.989010989010989,0.9912962962962963,0.975,0.425,0.575,0.75,0.9505494505494505,0.9588888888888889,0.7417218543046358
0.295,0.9835164835164835,0.9875925925925927,0.9629629629629629,0.425,0.575,0.75,0.945054945054945,0.9551851851851852,0.7384105960264901
0.3,0.9835164835164835,0.9875925925925927,0.9629629629629629,0.43333333333333335,0.5666666666666667,0.75,0.945054945054945,0.9551851851851852,0.7417218543046358
0.305,0.978021978021978,0.9825925925925926,0.95,0.44166666666666665,0.5583333333333333,0.75,0.9395604395604396,0.9501851851851851,0.7417218543046358
0.31,0.978021978021978,0.9825925925925926,0.95,0.44166666666666665,0.5583333333333333,0.75,0.9395604395604396,0.9501851851851851,0.7417218543046358
0.315,0.978021978021978,0.9825925925925926,0.95,0.44166666666666665,0.5583333333333333,0.75,0.9395604395604396,0.9501851851851851,0.7417218543046358
0.32,0.978021978021978,0.9825925925925926,0.95,0.44166666666666665,0.5583333333333333,0.75,0.9395604395604396,0.9501851851851851,0.7417218543046358
0.325,0.978021978021978,0.9825925925925926,0.95,0.44166666666666665,0.5583333333333333,0.75,0.9395604395604396,0.9501851851851851,0.7417218543046358
0.33,0.9725274725274725,0.9575925925925926,0.875,0.44166666666666665,0.5583333333333333,0.75,0.9340659340659341,0.9251851851851851,0.7384105960264901
0.335,0.967032967032967,0.9525925925925925,0.875,0.45,0.55,0.75,0.9285714285714286,0.9201851851851852,0.7384105960264901
0.34,0.967032967032967,0.9525925925925925,0.875,0.4583333333333333,0.5416666666666666,0.7916666666666666,0.9285714285714286,0.9201851851851852,0.7417218543046358
0.345,0.967032967032967,0.9525925925925925,0.875,0.4583333333333333,0.5416666666666666,0.7916666666666666,0.9285714285714286,0.9201851851851852,0.7417218543046358
0.35,0.967032967032967,0.9525925925925925,0.875,0.4666666666666667,0.5333333333333333,0.7916666666666666,0.9285714285714286,0.9201851851851852,0.7450331125827815
0.355,0.9615384615384616,0.9488888888888889,0.875,0.48333333333333334,0.5166666666666667,0.7916666666666666,0.9230769230769231,0.9164814814814815,0.7483443708609272
0.36,0.9615384615384616,0.9488888888888889,0.875,0.48333333333333334,0.5166666666666667,0.7916666666666666,0.9230769230769231,0.9164814814814815,0.7483443708609272
0.365,0.9615384615384616,0.9488888888888889,0.875,0.48333333333333334,0.5166666666666667,0.7916666666666666,0.9230769230769231,0.9164814814814815,0.7483443708609272
0.37,0.9615384615384616,0.9488888888888889,0.875,0.5,0.5,0.7916666666666666,0.9230769230769231,0.9164814814814815,0.7549668874172185
0.375,0.9615384615384616,0.9488888888888889,0.875,0.5083333333333333,0.49166666666666664,0.7916666666666666,0.9230769230769231,0.9164814814814815,0.7582781456953642
0.38,0.9615384615384616,0.9488888888888889,0.875,0.5083333333333333,0.49166666666666664,0.7916666666666666,0.9230769230769231,0.9164814814814815,0.7582781456953642
0.385,0.9615384615384616,0.9488888888888889,0.875,0.5083333333333333,0.49166666666666664,0.7916666666666666,0.9230769230769231,0.9164814814814815,0.7582781456953642
0.39,0.9615384615384616,0.9488888888888889,0.875,0.5083333333333333,0.49166666666666664,0.7916666666666666,0.9230769230769231,0.9164814814814815,0.7582781456953642
0.395,0.9615384615384616,0.9488888888888889,0.875,0.5083333333333333,0.49166666666666664,0.7916666666666666,0.9230769230769231,0.9164814814814815,0.7582781456953642
0.4,0.9560439560439561,0.9451851851851852,0.875,0.5083333333333333,0.49166666666666664,0.7916666666666666,0.9175824175824175,0.9127777777777778,0.7549668874172185
0.405,0.9505494505494505,0.9351851851851853,0.875,0.5083333333333333,0.49166666666666664,0.7916666666666666,0.9120879120879121,0.9027777777777779,0.7516556291390728
0.41,0.9505494505494505,0.9351851851851853,0.875,0.5083333333333333,0.49166666666666664,0.7916666666666666,0.9120879120879121,0.9027777777777779,0.7516556291390728
0.415,0.9505494505494505,0.9351851851851853,0.875,0.5166666666666667,0.48333333333333334,0.7916666666666666,0.9120879120879121,0.9027777777777779,0.7549668874172185
0.42,0.9505494505494505,0.9351851851851853,0.875,0.5166666666666667,0.48333333333333334,0.7916666666666666,0.9120879120879121,0.9027777777777779,0.7549668874172185
0.425,0.9505494505494505,0.9351851851851853,0.875,0.5166666666666667,0.48333333333333334,0.7916666666666666,0.9120879120879121,0.9027777777777779,0.7549668874172185
0.43,0.9505494505494505,0.9351851851851853,0.875,0.5333333333333333,0.4666666666666667,0.8333333333333334,0.9120879120879121,0.9027777777777779,0.7615894039735099
0.435,0.9505494505494505,0.9351851851851853,0.875,0.5416666666666666,0.4583333333333333,0.8333333333333334,0.9120879120879121,0.9027777777777779,0.7649006622516556
0.44,0.9505494505494505,0.9351851851851853,0.875,0.55,0.45,0.875,0.9120879120879121,0.9027777777777779,0.7682119205298014
0.445,0.9505494505494505,0.9351851851851853,0.875,0.55,0.45,0.875,0.9120879120879121,0.9027777777777779,0.7682119205298014
0.45,0.9505494505494505,0.9351851851851853,0.875,0.55,0.45,0.875,0.9120879120879121,0.9027777777777779,0.7682119205298014
0.455,0.945054945054945,0.9251851851851853,0.875,0.55,0.45,0.875,0.9065934065934066,0.8927777777777777,0.7649006622516556
0.46,0.9395604395604396,0.9214814814814816,0.875,0.5583333333333333,0.44166666666666665,0.875,0.9065934065934066,0.8927777777777777,0.7682119205298014
0.465,0.9340659340659341,0.9177777777777777,0.875,0.5666666666666667,0.43333333333333335,0.875,0.9010989010989011,0.8890740740740739,0.7682119205298014
0.47,0.9340659340659341,0.9177777777777777,0.875,0.5666666666666667,0.43333333333333335,0.875,0.9010989010989011,0.8890740740740739,0.7682119205298014
0.475,0.9285714285714286,0.9140740740740739,0.8703703703703703,0.5666666666666667,0.43333333333333335,0.875,0.8956043956043956,0.8853703703703705,0.7649006622516556
0.48,0.9230769230769231,0.9040740740740741,0.85,0.575,0.425,0.9166666666666666,0.8901098901098901,0.8753703703703704,0.7649006622516556
0.485,0.9230769230769231,0.9040740740740741,0.85,0.5833333333333334,0.4166666666666667,0.9166666666666666,0.8901098901098901,0.8753703703703704,0.7682119205298014
0.49,0.9230769230769231,0.9040740740740741,0.85,0.5916666666666667,0.4083333333333333,0.9166666666666666,0.8901098901098901,0.8753703703703704,0.7715231788079471
0.495,0.9175824175824175,0.899074074074074,0.85,0.5916666666666667,0.4083333333333333,0.9166666666666666,0.8846153846153846,0.8703703703703705,0.7682119205298014
0.5,0.9175824175824175,0.899074074074074,0.85,0.5916666666666667,0.4083333333333333,0.9166666666666666,0.8846153846153846,0.8703703703703705,0.7682119205298014
0.505,0.9175824175824175,0.899074074074074,0.85,0.5916666666666667,0.4083333333333333,0.9166666666666666,0.8846153846153846,0.8703703703703705,0.7682119205298014
0.51,0.9065934065934066,0.8890740740740741,0.85,0.6166666666666667,0.38333333333333336,0.9166666666666666,0.8736263736263736,0.8603703703703705,0.7715231788079471
0.515,0.9065934065934066,0.8890740740740741,0.85,0.6333333333333333,0.36666666666666664,0.9166666666666666,0.8736263736263736,0.8603703703703705,0.7781456953642384
0.52,0.9065934065934066,0.8890740740740741,0.85,0.6416666666666667,0.35833333333333334,0.9166666666666666,0.8736263736263736,0.8603703703703705,0.7814569536423841
0.525,0.9065934065934066,0.8890740740740741,0.85,0.6583333333333333,0.3416666666666667,0.9166666666666666,0.8736263736263736,0.8603703703703705,0.7880794701986755
0.53,0.9065934065934066,0.8890740740740741,0.85,0.6583333333333333,0.3416666666666667,0.9166666666666666,0.8736263736263736,0.8603703703703705,0.7880794701986755
0.535,0.8956043956043956,0.8803703703703704,0.825,0.6583333333333333,0.3416666666666667,0.9166666666666666,0.8626373626373627,0.8516666666666666,0.7814569536423841
0.54,0.8956043956043956,0.8803703703703704,0.825,0.6583333333333333,0.3416666666666667,0.9166666666666666,0.8626373626373627,0.8516666666666666,0.7814569536423841
0.545,0.8901098901098901,0.8753703703703704,0.8,0.6666666666666666,0.3333333333333333,0.9166666666666666,0.8626373626373627,0.8516666666666666,0.7847682119205298
0.55,0.8846153846153846,0.8653703703703703,0.8,0.6666666666666666,0.3333333333333333,0.9166666666666666,0.8571428571428571,0.8416666666666666,0.7814569536423841
0.555,0.8846153846153846,0.8653703703703703,0.8,0.675,0.325,0.9166666666666666,0.8571428571428571,0.8416666666666666,0.7847682119205298
0.56,0.8791208791208791,0.8553703703703703,0.75,0.6833333333333333,0.31666666666666665,0.9166666666666666,0.8516483516483516,0.8316666666666667,0.7847682119205298
0.565,0.8791208791208791,0.8553703703703703,0.75,0.6916666666666667,0.30833333333333335,0.9166666666666666,0.8516483516483516,0.8316666666666667,0.7880794701986755
0.57,0.8791208791208791,0.8553703703703703,0.75,0.7,0.3,0.9583333333333334,0.8516483516483516,0.8316666666666667,0.7913907284768212
0.575,0.8736263736263736,0.8503703703703703,0.75,0.7,0.3,0.9583333333333334,0.8461538461538461,0.8266666666666668,0.7880794701986755
0.58,0.8736263736263736,0.8503703703703703,0.75,0.7083333333333334,0.2916666666666667,0.9583333333333334,0.8461538461538461,0.8266666666666668,0.7913907284768212
0.585,0.8736263736263736,0.8503703703703703,0.75,0.7166666666666667,0.2833333333333333,0.9583333333333334,0.8461538461538461,0.8266666666666668,0.7947019867549668
0.59,0.8626373626373627,0.8416666666666668,0.75,0.725,0.275,0.9583333333333334,0.8351648351648352,0.817962962962963,0.7913907284768212
0.595,0.8626373626373627,0.8416666666666668,0.75,0.725,0.275,0.9583333333333334,0.8351648351648352,0.817962962962963,0.7913907284768212
0.6,0.8626373626373627,0.8416666666666668,0.75,0.7333333333333333,0.26666666666666666,0.9583333333333334,0.8351648351648352,0.817962962962963,0.7947019867549668
0.605,0.8626373626373627,0.8416666666666668,0.75,0.7333333333333333,0.26666666666666666,0.9583333333333334,0.8351648351648352,0.817962962962963,0.7947019867549668
0.61,0.8571428571428571,0.837962962962963,0.75,0.7416666666666667,0.25833333333333336,0.9583333333333334,0.8296703296703297,0.8142592592592592,0.7947019867549668
0.615,0.8516483516483516,0.8342592592592591,0.75,0.7416666666666667,0.25833333333333336,0.9583333333333334,0.8241758241758241,0.8105555555555555,0.7913907284768212
0.62,0.8516483516483516,0.8342592592592591,0.75,0.7416666666666667,0.25833333333333336,0.9583333333333334,0.8241758241758241,0.8105555555555555,0.7913907284768212
0.625,0.8516483516483516,0.8342592592592591,0.75,0.7416666666666667,0.25833333333333336,0.9583333333333334,0.8241758241758241,0.8105555555555555,0.7913907284768212
0.63,0.8461538461538461,0.8292592592592593,0.725,0.75,0.25,0.9583333333333334,0.8186813186813187,0.8055555555555556,0.7913907284768212
0.635,0.8406593406593407,0.825925925925926,0.725,0.7583333333333333,0.24166666666666667,0.9583333333333334,0.8131868131868132,0.8022222222222222,0.7913907284768212
0.64,0.8351648351648352,0.8222222222222222,0.725,0.7583333333333333,0.24166666666666667,0.9583333333333334,0.8076923076923077,0.7985185185185186,0.7880794701986755
0.645,0.8351648351648352,0.8222222222222222,0.725,0.7583333333333333,0.24166666666666667,0.9583333333333334,0.8076923076923077,0.7985185185185186,0.7880794701986755
0.65,0.8296703296703297,0.8188888888888888,0.725,0.7583333333333333,0.24166666666666667,0.9583333333333334,0.8021978021978022,0.7951851851851852,0.7847682119205298
0.655,0.8241758241758241,0.8155555555555555,0.725,0.7666666666666667,0.23333333333333334,0.9583333333333334,0.7967032967032966,0.7918518518518519,0.7847682119205298
0.66,0.8186813186813187,0.8105555555555556,0.7,0.7666666666666667,0.23333333333333334,0.9583333333333334,0.7912087912087912,0.7868518518518519,0.7814569536423841
0.665,0.8021978021978022,0.7935185185185185,0.7,0.7666666666666667,0.23333333333333334,0.9583333333333334,0.7747252747252747,0.7698148148148147,0.7715231788079471
0.67,0.7967032967032966,0.7885185185185186,0.675,0.7666666666666667,0.23333333333333334,0.9583333333333334,0.7692307692307693,0.7648148148148148,0.7682119205298014
0.675,0.7967032967032966,0.7885185185185186,0.675,0.7666666666666667,0.23333333333333334,0.9583333333333334,0.7692307692307693,0.7648148148148148,0.7682119205298014
0.68,0.7912087912087912,0.7835185185185185,0.65,0.7666666666666667,0.23333333333333334,0.9583333333333334,0.7637362637362637,0.7598148148148148,0.7649006622516556
0.685,0.7692307692307693,0.7677777777777778,0.625,0.7666666666666667,0.23333333333333334,0.9583333333333334,0.7417582417582418,0.7440740740740741,0.7516556291390728
0.69,0.7692307692307693,0.7677777777777778,0.625,0.7666666666666667,0.23333333333333334,0.9583333333333334,0.7417582417582418,0.7440740740740741,0.7516556291390728
0.695,0.7692307692307693,0.7677777777777778,0.625,0.7666666666666667,0.23333333333333334,0.9583333333333334,0.7417582417582418,0.7440740740740741,0.7516556291390728
0.7,0.7692307692307693,0.7677777777777778,0.625,0.7666666666666667,0.23333333333333334,0.9583333333333334,0.7417582417582418,0.7440740740740741,0.7516556291390728
0.705,0.7637362637362637,0.7644444444444445,0.625,0.775,0.225,0.9583333333333334,0.7362637362637363,0.7407407407407407,0.7516556291390728
0.71,0.7637362637362637,0.7644444444444445,0.625,0.775,0.225,0.9583333333333334,0.7362637362637363,0.7407407407407407,0.7516556291390728
0.715,0.7637362637362637,0.7644444444444445,0.625,0.7833333333333333,0.21666666666666667,0.9583333333333334,0.7362637362637363,0.7407407407407407,0.7549668874172185
0.72,0.7527472527472527,0.7561111111111111,0.6,0.8,0.2,0.9583333333333334,0.7252747252747253,0.7324074074074074,0.7549668874172185
0.725,0.7472527472527473,0.7527777777777778,0.6,0.8,0.2,0.9583333333333334,0.7197802197802198,0.729074074074074,0.7516556291390728
0.73,0.7417582417582418,0.7490740740740741,0.6,0.8,0.2,0.9583333333333334,0.7142857142857143,0.7253703703703704,0.7483443708609272
0.735,0.7307692307692307,0.7357407407407408,0.6,0.8166666666666667,0.18333333333333332,1.0,0.7032967032967034,0.712037037037037,0.7483443708609272
0.74,0.7252747252747253,0.7324074074074074,0.6,0.8166666666666667,0.18333333333333332,1.0,0.6978021978021978,0.7087037037037037,0.7450331125827815
0.745,0.7142857142857143,0.7240740740740741,0.575,0.8166666666666667,0.18333333333333332,1.0,0.6868131868131868,0.7003703703703703,0.7384105960264901
0.75,0.7087912087912088,0.7140740740740741,0.575,0.8333333333333334,0.16666666666666666,1.0,0.6813186813186813,0.6903703703703703,0.7417218543046358
0.755,0.6868131868131868,0.6966666666666667,0.525,0.8416666666666667,0.15833333333333333,1.0,0.6593406593406593,0.672962962962963,0.7317880794701986
0.76,0.6813186813186813,0.6716666666666666,0.525,0.8416666666666667,0.15833333333333333,1.0,0.6538461538461539,0.647962962962963,0.7284768211920529
0.765,0.6813186813186813,0.6716666666666666,0.525,0.8416666666666667,0.15833333333333333,1.0,0.6538461538461539,0.647962962962963,0.7284768211920529
0.77,0.6648351648351648,0.6596296296296297,0.5,0.85,0.15,1.0,0.6373626373626373,0.6359259259259259,0.7218543046357616
0.775,0.6538461538461539,0.6312962962962962,0.5,0.85,0.15,1.0,0.6263736263736264,0.6075925925925926,0.7152317880794702
0.78,0.6263736263736264,0.6075925925925926,0.5,0.85,0.15,1.0,0.6043956043956044,0.5875925925925927,0.7019867549668874
0.785,0.6153846153846154,0.6005555555555556,0.5,0.8583333333333333,0.14166666666666666,1.0,0.5934065934065934,0.5805555555555555,0.6986754966887417
0.79,0.6098901098901099,0.5972222222222223,0.5,0.8583333333333333,0.14166666666666666,1.0,0.5879120879120879,0.5772222222222222,0.695364238410596
0.795,0.6043956043956044,0.593888888888889,0.5,0.8583333333333333,0.14166666666666666,1.0,0.5824175824175825,0.5738888888888889,0.6920529801324503
0.8,0.5934065934065934,0.5855555555555555,0.475,0.8583333333333333,0.14166666666666666,1.0,0.5714285714285714,0.5655555555555556,0.6854304635761589
0.805,0.5879120879120879,0.5755555555555556,0.475,0.8583333333333333,0.14166666666666666,1.0,0.5659340659340659,0.5555555555555556,0.6821192052980133
0.81,0.5769230769230769,0.5688888888888889,0.475,0.8666666666666667,0.13333333333333333,1.0,0.554945054945055,0.5488888888888889,0.6788079470198676
0.815,0.5494505494505495,0.5451851851851852,0.45,0.8666666666666667,0.13333333333333333,1.0,0.5274725274725275,0.5251851851851852,0.6622516556291391
0.82,0.5274725274725275,0.5294444444444444,0.45,0.8666666666666667,0.13333333333333333,1.0,0.5054945054945055,0.5094444444444444,0.6490066225165563
0.825,0.4945054945054945,0.49740740740740746,0.375,0.8666666666666667,0.13333333333333333,1.0,0.4725274725274725,0.4774074074074074,0.6291390728476821
0.83,0.46703296703296704,0.45537037037037037,0.325,0.8666666666666667,0.13333333333333333,1.0,0.45054945054945056,0.44037037037037036,0.6158940397350994
0.835,0.44505494505494503,0.41962962962962963,0.325,0.8666666666666667,0.13333333333333333,1.0,0.42857142857142855,0.40462962962962956,0.6026490066225165
0.84,0.42857142857142855,0.40888888888888886,0.325,0.8833333333333333,0.11666666666666667,1.0,0.41208791208791207,0.3938888888888889,0.5993377483443708
0.845,0.4175824175824176,0.4022222222222222,0.325,0.8833333333333333,0.11666666666666667,1.0,0.4010989010989011,0.38722222222222225,0.5927152317880795
0.85,0.3901098901098901,0.3614814814814815,0.25,0.8833333333333333,0.11666666666666667,1.0,0.37362637362637363,0.3464814814814815,0.5761589403973509
0.855,0.36813186813186816,0.34444444444444444,0.25,0.8833333333333333,0.11666666666666667,1.0,0.3516483516483517,0.3294444444444445,0.5629139072847682
0.86,0.3516483516483517,0.3307407407407407,0.2,0.8833333333333333,0.11666666666666667,1.0,0.33516483516483514,0.31574074074074077,0.5529801324503312
0.865,0.34615384615384615,0.327037037037037,0.2,0.8833333333333333,0.11666666666666667,1.0,0.32967032967032966,0.31203703703703706,0.5496688741721855
0.87,0.34065934065934067,0.3233333333333333,0.2,0.8833333333333333,0.11666666666666667,1.0,0.3241758241758242,0.30833333333333335,0.5463576158940397
0.875,0.32967032967032966,0.3166666666666666,0.2,0.8833333333333333,0.11666666666666667,1.0,0.3131868131868132,0.30166666666666664,0.5397350993377483
0.88,0.3021978021978022,0.2912962962962963,0.175,0.8833333333333333,0.11666666666666667,1.0,0.2857142857142857,0.2762962962962963,0.5231788079470199
0.885,0.29120879120879123,0.2846296296296296,0.175,0.8833333333333333,0.11666666666666667,1.0,0.27472527472527475,0.2696296296296296,0.5165562913907285
0.89,0.2802197802197802,0.2762962962962963,0.15,0.8833333333333333,0.11666666666666667,1.0,0.2692307692307692,0.2662962962962963,0.5132450331125827
0.895,0.27472527472527475,0.27296296296296296,0.15,0.8916666666666667,0.10833333333333334,1.0,0.26373626373626374,0.26296296296296295,0.5132450331125827
0.9,0.25274725274725274,0.25888888888888884,0.15,0.8916666666666667,0.10833333333333334,1.0,0.24175824175824176,0.24888888888888888,0.5
0.905,0.25274725274725274,0.25888888888888884,0.15,0.8916666666666667,0.10833333333333334,1.0,0.24175824175824176,0.24888888888888888,0.5
0.91,0.22527472527472528,0.21981481481481482,0.125,0.8916666666666667,0.10833333333333334,1.0,0.21428571428571427,0.20981481481481482,0.48344370860927155
0.915,0.2087912087912088,0.18814814814814812,0.0,0.9,0.1,1.0,0.1978021978021978,0.1781481481481481,0.4768211920529801
0.92,0.2032967032967033,0.18314814814814814,0.0,0.9,0.1,1.0,0.19230769230769232,0.17314814814814813,0.4735099337748344
0.925,0.18681318681318682,0.17277777777777775,0.0,0.9,0.1,1.0,0.17582417582417584,0.16277777777777774,0.46357615894039733
0.93,0.17582417582417584,0.16444444444444445,0.0,0.9,0.1,1.0,0.17032967032967034,0.15944444444444444,0.4602649006622517
0.935,0.15934065934065933,0.15444444444444444,0.0,0.9,0.1,1.0,0.15384615384615385,0.14944444444444444,0.4503311258278146
0.94,0.14835164835164835,0.13944444444444443,0.0,0.9083333333333333,0.09166666666666666,1.0,0.14285714285714285,0.13444444444444442,0.4470198675496689
0.945,0.13736263736263737,0.13240740740740742,0.0,0.9166666666666666,0.08333333333333333,1.0,0.13186813186813187,0.1274074074074074,0.44370860927152317
0.95,0.13186813186813187,0.1287037037037037,0.0,0.925,0.075,1.0,0.12637362637362637,0.12370370370370372,0.44370860927152317
0.955,0.12087912087912088,0.11499999999999999,0.0,0.925,0.075,1.0,0.11538461538461539,0.11000000000000001,0.4370860927152318
0.96,0.10989010989010989,0.1075925925925926,0.0,0.9416666666666667,0.058333333333333334,1.0,0.1043956043956044,0.1025925925925926,0.4370860927152318
0.965,0.10989010989010989,0.1075925925925926,0.0,0.9666666666666667,0.03333333333333333,1.0,0.1043956043956044,0.1025925925925926,0.4470198675496689
0.97,0.09340659340659341,0.09592592592592593,0.0,0.9666666666666667,0.03333333333333333,1.0,0.08791208791208792,0.09092592592592592,0.4370860927152318
0.975,0.08241758241758242,0.08888888888888888,0.0,0.9916666666666667,0.008333333333333333,1.0,0.07692307692307693,0.08388888888888887,0.44039735099337746
0.98,0.054945054945054944,0.06444444444444444,0.0,1.0,0.0,1.0,0.04945054945054945,0.059444444444444446,0.4271523178807947
0.985,0.038461538461538464,0.04740740740740741,0.0,1.0,0.0,1.0,0.03296703296703297,0.04240740740740741,0.41721854304635764
0.99,0.016483516483516484,0.018703703703703705,0.0,1.0,0.0,1.0,0.01098901098901099,0.013703703703703704,0.40397350993377484
0.995,0.016483516483516484,0.018703703703703705,0.0,1.0,0.0,1.0,0.01098901098901099,0.013703703703703704,0.40397350993377484
1.0,0.0,0.0,0.0,1.0,0.0,1.0,0.0,0.0,0.3973509933774834
