clip_id,filename,actual_class,predicted_class,correct,patch_count,top1_score,top2_class,top2_score,top3_class,top3_score,score_dog_bark,score_glass_breaking,score_gunshot_gunfire,score_siren,score_speech,score_thunderstorm
0,dog_bark__esc50__fold_4__182395__0000__r0.wav,dog_bark,dog_bark,1,1,0.8099437952041626,speech,0.10614140331745148,gunshot_gunfire,0.03642287850379944,0.8099437952041626,0.0026036431081593037,0.03642287850379944,0.029408449307084084,0.10614140331745148,0.01547981332987547
1,dog_bark__esc50__fold_4__183992__0001__r0.wav,dog_bark,dog_bark,1,6,0.7586185336112976,thunderstorm,0.09229004383087158,speech,0.08420849591493607,0.7586185336112976,0.013093505054712296,0.033663053065538406,0.01812632568180561,0.08420849591493607,0.09229004383087158
2,dog_bark__esc50__fold_4__184575__0002__r0.wav,dog_bark,dog_bark,1,6,0.953971803188324,siren,0.021937362849712372,speech,0.007499965373426676,0.953971803188324,0.00726978899911046,0.005650881677865982,0.021937362849712372,0.007499965373426676,0.0036702484358102083
3,dog_bark__esc50__fold_4__191687__0003__r0.wav,dog_bark,dog_bark,1,5,0.9949756860733032,speech,0.002418022369965911,siren,0.0019447493832558393,0.9949756860733032,0.00041898846393451095,0.00013049718108959496,0.0019447493832558393,0.002418022369965911,0.00011206565250176936
4,dog_bark__esc50__fold_4__192236__0004__r0.wav,dog_bark,dog_bark,1,6,0.983430802822113,speech,0.013959512114524841,siren,0.001074860687367618,0.983430802822113,0.0008943825378082693,0.0003931121027562767,0.001074860687367618,0.013959512114524841,0.00024737956118769944
5,dog_bark__esc50__fold_4__194754__0005__r0.wav,dog_bark,dog_bark,1,6,0.8090612888336182,thunderstorm,0.11951064318418503,siren,0.022371038794517517,0.8090612888336182,0.016056008636951447,0.020788395777344704,0.022371038794517517,0.012212653644382954,0.11951064318418503
6,dog_bark__esc50__fold_4__199261__0006__r0.wav,dog_bark,dog_bark,1,6,0.7362258434295654,speech,0.2122601866722107,siren,0.02127423882484436,0.7362258434295654,0.014462565071880817,0.009622828103601933,0.02127423882484436,0.2122601866722107,0.006154318805783987
7,dog_bark__esc50__fold_4__207124__0007__r0.wav,dog_bark,dog_bark,1,6,0.9734897613525391,siren,0.013180735521018505,speech,0.007891163229942322,0.9734897613525391,0.0011818647617474198,0.0021268913988023996,0.013180735521018505,0.007891163229942322,0.002129604108631611
8,dog_bark__fsd50k__dev__107190__0008__r0.wav,dog_bark,dog_bark,1,1,0.9346509575843811,thunderstorm,0.019879769533872604,speech,0.014423089101910591,0.9346509575843811,0.007867480628192425,0.008755615912377834,0.014423089101910591,0.014423089101910591,0.019879769533872604
9,dog_bark__fsd50k__dev__108631__0009__r0.wav,dog_bark,siren,0,13,0.5061524510383606,thunderstorm,0.3610031306743622,gunshot_gunfire,0.05408746749162674,0.026065673679113388,0.027907731011509895,0.05408746749162674,0.5061524510383606,0.024783508852124214,0.3610031306743622
10,dog_bark__fsd50k__dev__116400__0010__r0.wav,dog_bark,dog_bark,1,13,0.6872161030769348,speech,0.15659533441066742,thunderstorm,0.08206257224082947,0.6872161030769348,0.01837197318673134,0.02353110909461975,0.03222280368208885,0.15659533441066742,0.08206257224082947
11,dog_bark__fsd50k__dev__11722__0011__r0.wav,dog_bark,dog_bark,1,2,0.5014528632164001,glass_breaking,0.1798824667930603,siren,0.11158347129821777,0.5014528632164001,0.1798824667930603,0.04034770280122757,0.11158347129821777,0.1083366647362709,0.058396801352500916
12,dog_bark__fsd50k__dev__117271__0012__r0.wav,dog_bark,dog_bark,1,13,0.9259694814682007,speech,0.021381817758083344,gunshot_gunfire,0.01730768382549286,0.9259694814682007,0.01278295274823904,0.01730768382549286,0.01362617127597332,0.021381817758083344,0.008931889198720455
13,dog_bark__fsd50k__dev__119420__0013__r0.wav,dog_bark,dog_bark,1,9,0.8441316485404968,thunderstorm,0.06285471469163895,glass_breaking,0.034586187452077866,0.8441316485404968,0.034586187452077866,0.01234148908406496,0.019334014505147934,0.02675197832286358,0.06285471469163895
14,dog_bark__fsd50k__dev__121888__0014__r0.wav,dog_bark,dog_bark,1,1,0.9784914255142212,speech,0.012634187936782837,siren,0.004824893083423376,0.9784914255142212,0.000811528239864856,0.0027273998130112886,0.004824893083423376,0.012634187936782837,0.0005105233285576105
15,dog_bark__fsd50k__dev__128042__0015__r0.wav,dog_bark,dog_bark,1,8,0.6382291316986084,speech,0.20058336853981018,glass_breaking,0.07780309021472931,0.6382291316986084,0.07780309021472931,0.035851433873176575,0.002588530769571662,0.20058336853981018,0.04494442045688629
16,dog_bark__fsd50k__dev__128891__0016__r0.wav,dog_bark,dog_bark,1,13,0.6485405564308167,speech,0.10223881900310516,thunderstorm,0.08096644282341003,0.6485405564308167,0.06138243153691292,0.05632627755403519,0.05054546147584915,0.10223881900310516,0.08096644282341003
17,dog_bark__fsd50k__dev__131258__0017__r0.wav,dog_bark,thunderstorm,0,13,0.24672819674015045,dog_bark,0.21225892007350922,glass_breaking,0.1973203867673874,0.21225892007350922,0.1973203867673874,0.10368259251117706,0.17217549681663513,0.06783434748649597,0.24672819674015045
18,dog_bark__fsd50k__dev__142641__0018__r0.wav,dog_bark,thunderstorm,0,2,0.6078139543533325,dog_bark,0.13996072113513947,speech,0.11249910295009613,0.13996072113513947,0.011936267837882042,0.07519515603780746,0.05259481817483902,0.11249910295009613,0.6078139543533325
19,dog_bark__fsd50k__dev__144028__0019__r0.wav,dog_bark,dog_bark,1,13,0.43208593130111694,speech,0.2699510455131531,gunshot_gunfire,0.1337454617023468,0.43208593130111694,0.08385911583900452,0.1337454617023468,0.0517134815454483,0.2699510455131531,0.028644923120737076
20,dog_bark__fsd50k__dev__146343__0020__r0.wav,dog_bark,dog_bark,1,8,0.9932801723480225,speech,0.0027632578276097775,siren,0.002416214905679226,0.9932801723480225,0.0005482207634486258,0.00044408952817320824,0.002416214905679226,0.0027632578276097775,0.0005479929386638105
21,dog_bark__fsd50k__dev__147672__0021__r0.wav,dog_bark,dog_bark,1,5,0.3829739987850189,siren,0.1524755209684372,gunshot_gunfire,0.15040184557437897,0.3829739987850189,0.12190022319555283,0.15040184557437897,0.1524755209684372,0.1030719056725502,0.08917653560638428
22,dog_bark__fsd50k__dev__157950__0022__r0.wav,dog_bark,dog_bark,1,1,0.9868494272232056,speech,0.008608363568782806,siren,0.0028505355585366488,0.9868494272232056,0.0011281076585873961,0.00041572621557861567,0.0028505355585366488,0.008608363568782806,0.00014783609367441386
23,dog_bark__fsd50k__dev__162148__0023__r0.wav,dog_bark,dog_bark,1,1,0.9957869648933411,speech,0.0013604563428089023,siren,0.0011796409962698817,0.9957869648933411,0.0011796409962698817,0.00033870444167405367,0.0011796409962698817,0.0013604563428089023,0.00015458949201274663
24,dog_bark__fsd50k__dev__167487__0024__r0.wav,dog_bark,thunderstorm,0,9,0.6551153659820557,gunshot_gunfire,0.19902841746807098,siren,0.08537435531616211,0.018759287893772125,0.025560840964317322,0.19902841746807098,0.08537435531616211,0.016161752864718437,0.6551153659820557
25,dog_bark__fsd50k__dev__170015__0025__r0.wav,dog_bark,dog_bark,1,3,0.5328003764152527,glass_breaking,0.1368483603000641,speech,0.13552767038345337,0.5328003764152527,0.1368483603000641,0.041975051164627075,0.025565745308995247,0.13552767038345337,0.12728272378444672
26,dog_bark__fsd50k__dev__178118__0026__r0.wav,dog_bark,siren,0,13,0.5543738007545471,thunderstorm,0.32070523500442505,gunshot_gunfire,0.06877278536558151,0.02968517690896988,0.008664187043905258,0.06877278536558151,0.5543738007545471,0.01779879815876484,0.32070523500442505
27,dog_bark__fsd50k__dev__180052__0027__r0.wav,dog_bark,dog_bark,1,13,0.990729033946991,speech,0.005073439795523882,glass_breaking,0.0015480680158361793,0.990729033946991,0.0015480680158361793,0.0007468098774552345,0.0014636830892413855,0.005073439795523882,0.0004389398091007024
28,dog_bark__fsd50k__dev__182395__0028__r0.wav,dog_bark,dog_bark,1,1,0.9966805577278137,speech,0.0013616771902889013,siren,0.0009533170377835631,0.9966805577278137,0.0005018003867007792,0.00022902879572939128,0.0009533170377835631,0.0013616771902889013,0.0002737210597842932
29,dog_bark__fsd50k__dev__184880__0029__r0.wav,dog_bark,thunderstorm,0,10,0.5788472294807434,gunshot_gunfire,0.17208293080329895,speech,0.15070538222789764,0.061187494546175,0.015499116852879524,0.17208293080329895,0.02167786844074726,0.15070538222789764,0.5788472294807434
30,dog_bark__fsd50k__dev__196127__0030__r0.wav,dog_bark,dog_bark,1,13,0.7418543100357056,glass_breaking,0.07466645538806915,gunshot_gunfire,0.06281621754169464,0.7418543100357056,0.07466645538806915,0.06281621754169464,0.05209304392337799,0.030020002275705338,0.03854990750551224
31,dog_bark__fsd50k__dev__211548__0031__r0.wav,dog_bark,dog_bark,1,1,0.9697052836418152,siren,0.01665327325463295,glass_breaking,0.005514490883797407,0.9697052836418152,0.005514490883797407,0.003117211861535907,0.01665327325463295,0.004146062768995762,0.0008636815473437309
32,dog_bark__fsd50k__dev__220901__0032__r0.wav,dog_bark,dog_bark,1,13,0.6364456415176392,speech,0.24427922070026398,thunderstorm,0.037004243582487106,0.6364456415176392,0.027728358283638954,0.03425907716155052,0.02028350718319416,0.24427922070026398,0.037004243582487106
33,dog_bark__fsd50k__dev__220904__0033__r0.wav,dog_bark,gunshot_gunfire,0,1,0.4055778980255127,siren,0.3776651620864868,glass_breaking,0.0844874382019043,0.017599891871213913,0.0844874382019043,0.4055778980255127,0.3776651620864868,0.07325839251279831,0.041411254554986954
34,dog_bark__fsd50k__dev__221207__0034__r0.wav,dog_bark,dog_bark,1,4,0.988116979598999,speech,0.005674330517649651,siren,0.00291620846837759,0.988116979598999,0.0012311505852267146,0.0010447935201227665,0.00291620846837759,0.005674330517649651,0.001016602385789156
35,dog_bark__fsd50k__dev__232271__0035__r0.wav,dog_bark,siren,0,11,0.3860393762588501,dog_bark,0.22590823471546173,thunderstorm,0.1915147304534912,0.22590823471546173,0.0183927770704031,0.06122608482837677,0.3860393762588501,0.11691875755786896,0.1915147304534912
36,dog_bark__fsd50k__dev__235913__0036__r0.wav,dog_bark,dog_bark,1,5,0.455066442489624,speech,0.37439900636672974,glass_breaking,0.11643218994140625,0.455066442489624,0.11643218994140625,0.012995554134249687,0.006397807504981756,0.37439900636672974,0.034708984196186066
37,dog_bark__fsd50k__dev__236967__0037__r0.wav,dog_bark,dog_bark,1,1,0.4687817096710205,gunshot_gunfire,0.3401085138320923,speech,0.1209457591176033,0.4687817096710205,0.037293143570423126,0.3401085138320923,0.015849683433771133,0.1209457591176033,0.017021114006638527
38,dog_bark__fsd50k__dev__244469__0038__r0.wav,dog_bark,dog_bark,1,13,0.843535304069519,speech,0.08542982488870621,glass_breaking,0.03401052951812744,0.843535304069519,0.03401052951812744,0.0072173746302723885,0.0031138297636061907,0.08542982488870621,0.026693155989050865
39,dog_bark__fsd50k__dev__261286__0039__r0.wav,dog_bark,dog_bark,1,6,0.7148402333259583,glass_breaking,0.10937752574682236,speech,0.1054646372795105,0.7148402333259583,0.10937752574682236,0.01495155319571495,0.003198869526386261,0.1054646372795105,0.052167121320962906
40,dog_bark__fsd50k__dev__264332__0040__r0.wav,dog_bark,dog_bark,1,7,0.7652978897094727,gunshot_gunfire,0.09976751357316971,siren,0.04722878709435463,0.7652978897094727,0.027059661224484444,0.09976751357316971,0.04722878709435463,0.031793396919965744,0.028852788731455803
41,dog_bark__fsd50k__dev__266603__0041__r0.wav,dog_bark,dog_bark,1,13,0.8673372864723206,siren,0.06115802377462387,speech,0.029182307422161102,0.8673372864723206,0.011114821769297123,0.012531949207186699,0.06115802377462387,0.029182307422161102,0.018675565719604492
42,dog_bark__fsd50k__dev__327138__0042__r0.wav,dog_bark,dog_bark,1,13,0.674142599105835,thunderstorm,0.16807416081428528,siren,0.05333708971738815,0.674142599105835,0.01790429651737213,0.034132909029722214,0.05333708971738815,0.05240887403488159,0.16807416081428528
43,dog_bark__fsd50k__dev__348332__0043__r0.wav,dog_bark,dog_bark,1,3,0.7761516571044922,siren,0.13013049960136414,speech,0.052314579486846924,0.7761516571044922,0.03168037533760071,0.007020150776952505,0.13013049960136414,0.052314579486846924,0.002702723490074277
44,dog_bark__fsd50k__dev__34872__0044__r0.wav,dog_bark,dog_bark,1,12,0.9336307644844055,speech,0.0470162071287632,gunshot_gunfire,0.005804507527500391,0.9336307644844055,0.004601961467415094,0.005804507527500391,0.0056298417039215565,0.0470162071287632,0.0033167561050504446
45,dog_bark__fsd50k__dev__35296__0045__r0.wav,dog_bark,thunderstorm,0,13,0.3715279996395111,dog_bark,0.2933570146560669,siren,0.21319474279880524,0.2933570146560669,0.013871814124286175,0.03558191657066345,0.21319474279880524,0.07246656715869904,0.3715279996395111
46,dog_bark__fsd50k__dev__360411__0046__r0.wav,dog_bark,dog_bark,1,13,0.6031523942947388,speech,0.11795973777770996,thunderstorm,0.10757330060005188,0.6031523942947388,0.08841084688901901,0.05898521468043327,0.023918472230434418,0.11795973777770996,0.10757330060005188
47,dog_bark__fsd50k__dev__364662__0047__r0.wav,dog_bark,dog_bark,1,13,0.6828281879425049,thunderstorm,0.19124341011047363,speech,0.06433470547199249,0.6828281879425049,0.04136468842625618,0.010564989410340786,0.009663999080657959,0.06433470547199249,0.19124341011047363
48,dog_bark__fsd50k__dev__365089__0048__r0.wav,dog_bark,dog_bark,1,10,0.915622889995575,speech,0.06395258009433746,siren,0.008951677940785885,0.915622889995575,0.006579081527888775,0.0030968263745307922,0.008951677940785885,0.06395258009433746,0.0017969042528420687
49,dog_bark__fsd50k__dev__36902__0049__r0.wav,dog_bark,dog_bark,1,7,0.9888324737548828,siren,0.006146106403321028,thunderstorm,0.0015958866570144892,0.9888324737548828,0.0011436960194259882,0.0006900043808855116,0.006146106403321028,0.0015918362187221646,0.0015958866570144892
50,dog_bark__fsd50k__dev__369648__0050__r0.wav,dog_bark,dog_bark,1,4,0.807684600353241,siren,0.08771125972270966,speech,0.06163651868700981,0.807684600353241,0.017787881195545197,0.007619128096848726,0.08771125972270966,0.06163651868700981,0.0175606869161129
51,dog_bark__fsd50k__dev__370714__0051__r0.wav,dog_bark,dog_bark,1,13,0.40713661909103394,speech,0.3386583626270294,thunderstorm,0.07458949834108353,0.40713661909103394,0.06596560776233673,0.056200165301561356,0.05744975805282593,0.3386583626270294,0.07458949834108353
52,dog_bark__fsd50k__dev__379531__0052__r0.wav,dog_bark,dog_bark,1,13,0.4621506929397583,glass_breaking,0.17509053647518158,thunderstorm,0.1718675047159195,0.4621506929397583,0.17509053647518158,0.07793612033128738,0.008978201076388359,0.10397693514823914,0.1718675047159195
53,dog_bark__fsd50k__dev__381434__0053__r0.wav,dog_bark,dog_bark,1,6,0.3167194128036499,speech,0.3150496780872345,siren,0.16975091397762299,0.3167194128036499,0.05755285546183586,0.08772750943899155,0.16975091397762299,0.3150496780872345,0.05319961905479431
54,dog_bark__fsd50k__dev__381692__0054__r0.wav,dog_bark,thunderstorm,0,13,0.6970975399017334,gunshot_gunfire,0.12656299769878387,speech,0.08092006295919418,0.059856656938791275,0.014182386919856071,0.12656299769878387,0.021380262449383736,0.08092006295919418,0.6970975399017334
55,dog_bark__fsd50k__dev__381799__0055__r0.wav,dog_bark,siren,0,1,0.8432400822639465,speech,0.0695173516869545,gunshot_gunfire,0.06473301351070404,0.007098023779690266,0.0009301807731389999,0.06473301351070404,0.8432400822639465,0.0695173516869545,0.014481416903436184
56,dog_bark__fsd50k__dev__389254__0056__r0.wav,dog_bark,speech,0,2,0.6405386924743652,dog_bark,0.307076632976532,siren,0.02592841163277626,0.307076632976532,0.007339885924011469,0.011312921531498432,0.02592841163277626,0.6405386924743652,0.007803472690284252
57,dog_bark__fsd50k__dev__398724__0057__r0.wav,dog_bark,dog_bark,1,6,0.5191095471382141,glass_breaking,0.18141603469848633,siren,0.09284215420484543,0.5191095471382141,0.18141603469848633,0.0716167688369751,0.09284215420484543,0.07393763214349747,0.06107783317565918
58,dog_bark__fsd50k__dev__400576__0058__r0.wav,dog_bark,dog_bark,1,12,0.5677093267440796,speech,0.1641196459531784,thunderstorm,0.0991673693060875,0.5677093267440796,0.09001047164201736,0.06588531285524368,0.013107911683619022,0.1641196459531784,0.0991673693060875
59,dog_bark__fsd50k__dev__404233__0059__r0.wav,dog_bark,dog_bark,1,1,0.9951925277709961,speech,0.0024052716325968504,siren,0.0010977995116263628,0.9951925277709961,0.0006664252723567188,0.00048350211000069976,0.0010977995116263628,0.0024052716325968504,0.00015449721831828356
60,glass_breaking__esc50__fold_4__204115__0000__r0.wav,glass_breaking,glass_breaking,1,1,0.980668306350708,gunshot_gunfire,0.005576835013926029,speech,0.005381508730351925,0.005381508730351925,0.980668306350708,0.005576835013926029,0.0022070487029850483,0.005381508730351925,0.0007848469540476799
61,glass_breaking__esc50__fold_4__204119__0001__r0.wav,glass_breaking,glass_breaking,1,1,0.94742351770401,gunshot_gunfire,0.03694270923733711,speech,0.007426135241985321,0.0007316838600672781,0.94742351770401,0.03694270923733711,0.005016979295760393,0.007426135241985321,0.0024590573739260435
62,glass_breaking__esc50__fold_4__204121__0002__r0.wav,glass_breaking,glass_breaking,1,2,0.7801080346107483,dog_bark,0.056172918528318405,gunshot_gunfire,0.05398796126246452,0.056172918528318405,0.7801080346107483,0.05398796126246452,0.03410857915878296,0.04281946271657944,0.032803021371364594
63,glass_breaking__esc50__fold_4__204123__0003__r0.wav,glass_breaking,glass_breaking,1,2,0.9297267198562622,gunshot_gunfire,0.0430818535387516,speech,0.015827449038624763,0.0040993946604430676,0.9297267198562622,0.0430818535387516,0.004083254840224981,0.015827449038624763,0.003181417938321829
64,glass_breaking__esc50__fold_4__204777__0004__r0.wav,glass_breaking,glass_breaking,1,6,0.4929691255092621,gunshot_gunfire,0.3337846100330353,siren,0.08927681297063828,0.00618504174053669,0.4929691255092621,0.3337846100330353,0.08927681297063828,0.016921697184443474,0.06086272373795509
65,glass_breaking__esc50__fold_4__204777__0005__r0.wav,glass_breaking,glass_breaking,1,6,0.32973513007164,gunshot_gunfire,0.2624737024307251,thunderstorm,0.19571936130523682,0.02280699647963047,0.32973513007164,0.2624737024307251,0.13775022327899933,0.051514554768800735,0.19571936130523682
66,glass_breaking__esc50__fold_4__204777__0006__r0.wav,glass_breaking,gunshot_gunfire,0,4,0.42658931016921997,siren,0.3092588782310486,thunderstorm,0.15054571628570557,0.002741539618000388,0.06604336947202682,0.42658931016921997,0.3092588782310486,0.04482118785381317,0.15054571628570557
67,glass_breaking__esc50__fold_4__212698__0007__r0.wav,glass_breaking,gunshot_gunfire,0,2,0.8290180563926697,glass_breaking,0.12823574244976044,thunderstorm,0.031165314838290215,0.001250778092071414,0.12823574244976044,0.8290180563926697,0.005914246663451195,0.004415855742990971,0.031165314838290215
68,glass_breaking__fsd50k__dev__115922__0010__r0.wav,glass_breaking,glass_breaking,1,13,0.3099173307418823,thunderstorm,0.2996978163719177,gunshot_gunfire,0.18615485727787018,0.023789457976818085,0.3099173307418823,0.18615485727787018,0.004605724476277828,0.1758347898721695,0.2996978163719177
69,glass_breaking__fsd50k__dev__118515__0031__r0.wav,glass_breaking,gunshot_gunfire,0,1,0.6517893075942993,glass_breaking,0.2770121395587921,thunderstorm,0.059799883514642715,0.0018167661037296057,0.2770121395587921,0.6517893075942993,0.0027867841999977827,0.006795094348490238,0.059799883514642715
70,glass_breaking__fsd50k__dev__126465__0028__r0.wav,glass_breaking,glass_breaking,1,13,0.88178950548172,siren,0.045763276517391205,gunshot_gunfire,0.0316033698618412,0.008326629176735878,0.88178950548172,0.0316033698618412,0.045763276517391205,0.009083414450287819,0.023433838039636612
71,glass_breaking__fsd50k__dev__127543__0058__r0.wav,glass_breaking,glass_breaking,1,1,0.4887881278991699,gunshot_gunfire,0.42382434010505676,speech,0.0388847179710865,0.012876112945377827,0.4887881278991699,0.42382434010505676,0.024461954832077026,0.0388847179710865,0.011164776049554348
72,glass_breaking__fsd50k__dev__144321__0055__r0.wav,glass_breaking,glass_breaking,1,2,0.8716069459915161,gunshot_gunfire,0.11683855950832367,thunderstorm,0.005133617669343948,0.0013919728808104992,0.8716069459915161,0.11683855950832367,0.002576084341853857,0.0024527697823941708,0.005133617669343948
73,glass_breaking__fsd50k__dev__145209__0014__r0.wav,glass_breaking,gunshot_gunfire,0,13,0.8731569647789001,glass_breaking,0.10153762996196747,thunderstorm,0.018609963357448578,0.00037596106994897127,0.10153762996196747,0.8731569647789001,0.0030942668672651052,0.003225215943530202,0.018609963357448578
74,glass_breaking__fsd50k__dev__147867__0040__r0.wav,glass_breaking,glass_breaking,1,1,0.5628742575645447,speech,0.28590473532676697,gunshot_gunfire,0.08815760165452957,0.024425704032182693,0.5628742575645447,0.08815760165452957,0.026230979710817337,0.28590473532676697,0.012406721711158752
75,glass_breaking__fsd50k__dev__159197__0039__r0.wav,glass_breaking,glass_breaking,1,9,0.9669529795646667,gunshot_gunfire,0.019452108070254326,siren,0.005279681645333767,0.002053297823294997,0.9669529795646667,0.019452108070254326,0.005279681645333767,0.0018653473816812038,0.004396568518131971
76,glass_breaking__fsd50k__dev__161309__0009__r0.wav,glass_breaking,speech,0,2,0.39985474944114685,gunshot_gunfire,0.24354614317417145,glass_breaking,0.22892950475215912,0.02039027214050293,0.22892950475215912,0.24354614317417145,0.00935908779501915,0.39985474944114685,0.0979202389717102
77,glass_breaking__fsd50k__dev__163364__0033__r0.wav,glass_breaking,glass_breaking,1,13,0.8931139707565308,gunshot_gunfire,0.09346314519643784,thunderstorm,0.004871736746281385,0.0029105423018336296,0.8931139707565308,0.09346314519643784,0.00288748717866838,0.0027531678788363934,0.004871736746281385
78,glass_breaking__fsd50k__dev__199906__0050__r0.wav,glass_breaking,glass_breaking,1,1,0.987854540348053,gunshot_gunfire,0.011059831827878952,dog_bark,0.0004469068080652505,0.0004469068080652505,0.987854540348053,0.011059831827878952,0.00011126358731416985,0.00041614961810410023,0.00011126358731416985
79,glass_breaking__fsd50k__dev__202093__0025__r0.wav,glass_breaking,glass_breaking,1,1,0.970600962638855,gunshot_gunfire,0.022974899038672447,siren,0.002184391487389803,0.0015293033793568611,0.970600962638855,0.022974899038672447,0.002184391487389803,0.001475740340538323,0.0012347857700660825
80,glass_breaking__fsd50k__dev__204777__0022__r0.wav,glass_breaking,glass_breaking,1,13,0.6669344305992126,gunshot_gunfire,0.1827569305896759,siren,0.05943110212683678,0.020487526431679726,0.6669344305992126,0.1827569305896759,0.05943110212683678,0.024074869230389595,0.046315114945173264
81,glass_breaking__fsd50k__dev__208696__0018__r0.wav,glass_breaking,glass_breaking,1,6,0.6537821888923645,gunshot_gunfire,0.13831587135791779,speech,0.11407520622015,0.03199257329106331,0.6537821888923645,0.13831587135791779,0.010949082672595978,0.11407520622015,0.050885070115327835
82,glass_breaking__fsd50k__dev__212698__0036__r0.wav,glass_breaking,gunshot_gunfire,0,2,0.708936333656311,glass_breaking,0.24868685007095337,thunderstorm,0.024328581988811493,0.0015003513544797897,0.24868685007095337,0.708936333656311,0.003645071294158697,0.012902765534818172,0.024328581988811493
83,glass_breaking__fsd50k__dev__223552__0013__r0.wav,glass_breaking,glass_breaking,1,1,0.5331300497055054,gunshot_gunfire,0.2521597445011139,thunderstorm,0.15863092243671417,0.029693033546209335,0.5331300497055054,0.2521597445011139,0.016196902841329575,0.010189292021095753,0.15863092243671417
84,glass_breaking__fsd50k__dev__244238__0043__r0.wav,glass_breaking,glass_breaking,1,1,0.48524466156959534,gunshot_gunfire,0.46824923157691956,siren,0.018921054899692535,0.001016911817714572,0.48524466156959534,0.46824923157691956,0.018921054899692535,0.017618868499994278,0.0089492779225111
85,glass_breaking__fsd50k__dev__245410__0059__r0.wav,glass_breaking,glass_breaking,1,3,0.9289905428886414,gunshot_gunfire,0.046069130301475525,thunderstorm,0.011139730922877789,0.00338429375551641,0.9289905428886414,0.046069130301475525,0.005338480230420828,0.005077871959656477,0.011139730922877789
86,glass_breaking__fsd50k__dev__249874__0044__r0.wav,glass_breaking,glass_breaking,1,1,0.8136986494064331,gunshot_gunfire,0.16356778144836426,speech,0.01730715110898018,0.0012371803168207407,0.8136986494064331,0.16356778144836426,0.0027106530033051968,0.01730715110898018,0.0014786013634875417
87,glass_breaking__fsd50k__dev__260433__0057__r0.wav,glass_breaking,glass_breaking,1,1,0.9729787111282349,gunshot_gunfire,0.02386711910367012,siren,0.001035704161040485,0.0005451667821034789,0.9729787111282349,0.02386711910367012,0.001035704161040485,0.0008980509010143578,0.0006751984474249184
88,glass_breaking__fsd50k__dev__272065__0049__r0.wav,glass_breaking,glass_breaking,1,2,0.9662142395973206,gunshot_gunfire,0.029756711795926094,thunderstorm,0.0012541853357106447,0.0007686138269491494,0.9662142395973206,0.029756711795926094,0.001002870500087738,0.0010034805163741112,0.0012541853357106447
89,glass_breaking__fsd50k__dev__272489__0024__r0.wav,glass_breaking,glass_breaking,1,2,0.7263675928115845,gunshot_gunfire,0.08880029618740082,thunderstorm,0.06868649274110794,0.042211584746837616,0.7263675928115845,0.08880029618740082,0.013941958546638489,0.05999207869172096,0.06868649274110794
90,glass_breaking__fsd50k__dev__273647__0035__r0.wav,glass_breaking,glass_breaking,1,3,0.4200764000415802,thunderstorm,0.21071934700012207,gunshot_gunfire,0.20648784935474396,0.08193057030439377,0.4200764000415802,0.20648784935474396,0.033024754375219345,0.047761064022779465,0.21071934700012207
91,glass_breaking__fsd50k__dev__276938__0026__r0.wav,glass_breaking,glass_breaking,1,2,0.5717636346817017,thunderstorm,0.26438039541244507,gunshot_gunfire,0.0973309576511383,0.0035643368028104305,0.5717636346817017,0.0973309576511383,0.003515111980959773,0.059445470571517944,0.26438039541244507
92,glass_breaking__fsd50k__dev__321143__0051__r0.wav,glass_breaking,glass_breaking,1,4,0.6121433973312378,gunshot_gunfire,0.20090211927890778,thunderstorm,0.09893637895584106,0.010075286030769348,0.6121433973312378,0.20090211927890778,0.004916520789265633,0.07302630692720413,0.09893637895584106
93,glass_breaking__fsd50k__dev__326422__0011__r0.wav,glass_breaking,glass_breaking,1,6,0.4292432963848114,gunshot_gunfire,0.349661260843277,thunderstorm,0.12974049150943756,0.01290083397179842,0.4292432963848114,0.349661260843277,0.01481064036488533,0.06364349275827408,0.12974049150943756
94,glass_breaking__fsd50k__dev__327591__0054__r0.wav,glass_breaking,glass_breaking,1,13,0.3749472200870514,gunshot_gunfire,0.31360924243927,thunderstorm,0.17455121874809265,0.02025524713099003,0.3749472200870514,0.31360924243927,0.025899898260831833,0.09073717147111893,0.17455121874809265
95,glass_breaking__fsd50k__dev__328611__0021__r0.wav,glass_breaking,gunshot_gunfire,0,13,0.3872501254081726,glass_breaking,0.3763663172721863,thunderstorm,0.15739358961582184,0.0054558683186769485,0.3763663172721863,0.3872501254081726,0.005318507552146912,0.06821557134389877,0.15739358961582184
96,glass_breaking__fsd50k__dev__352331__0053__r0.wav,glass_breaking,speech,0,7,0.2890433669090271,gunshot_gunfire,0.25041481852531433,glass_breaking,0.23444092273712158,0.005615768488496542,0.23444092273712158,0.25041481852531433,0.0081776799634099,0.2890433669090271,0.21230743825435638
97,glass_breaking__fsd50k__dev__353626__0016__r0.wav,glass_breaking,glass_breaking,1,2,0.9583951234817505,gunshot_gunfire,0.030573951080441475,siren,0.004870209377259016,0.002091482514515519,0.9583951234817505,0.030573951080441475,0.004870209377259016,0.0024128586519509554,0.0016564070247113705
98,glass_breaking__fsd50k__dev__353928__0038__r0.wav,glass_breaking,thunderstorm,0,8,0.5311270356178284,gunshot_gunfire,0.35115861892700195,siren,0.0410090871155262,0.014644688926637173,0.03530034422874451,0.35115861892700195,0.0410090871155262,0.026760248467326164,0.5311270356178284
99,glass_breaking__fsd50k__dev__355340__0045__r0.wav,glass_breaking,glass_breaking,1,9,0.600325345993042,gunshot_gunfire,0.35314691066741943,thunderstorm,0.02606039121747017,0.005370968487113714,0.600325345993042,0.35314691066741943,0.006702138110995293,0.008394170552492142,0.02606039121747017
100,glass_breaking__fsd50k__dev__360410__0023__r0.wav,glass_breaking,glass_breaking,1,7,0.956703782081604,gunshot_gunfire,0.028709471225738525,speech,0.0073041957803070545,0.003163877408951521,0.956703782081604,0.028709471225738525,0.0027799606323242188,0.0073041957803070545,0.0013387277722358704
101,glass_breaking__fsd50k__dev__366179__0012__r0.wav,glass_breaking,glass_breaking,1,2,0.9589543342590332,gunshot_gunfire,0.036131396889686584,thunderstorm,0.002035935176536441,0.001345976023003459,0.9589543342590332,0.036131396889686584,0.0008336956379935145,0.0006986403022892773,0.002035935176536441
102,glass_breaking__fsd50k__dev__367624__0034__r0.wav,glass_breaking,gunshot_gunfire,0,1,0.683906078338623,glass_breaking,0.14763793349266052,thunderstorm,0.12801571190357208,0.002535466104745865,0.14763793349266052,0.683906078338623,0.02573341503739357,0.012171386741101742,0.12801571190357208
103,glass_breaking__fsd50k__dev__371093__0017__r0.wav,glass_breaking,glass_breaking,1,1,0.9187964797019958,gunshot_gunfire,0.078495554625988,thunderstorm,0.0015546755166724324,0.000280816457234323,0.9187964797019958,0.078495554625988,0.0002349657006561756,0.0006375989760272205,0.0015546755166724324
104,glass_breaking__fsd50k__dev__372919__0008__r0.wav,glass_breaking,glass_breaking,1,13,0.9837313294410706,gunshot_gunfire,0.008565625175833702,siren,0.0028006015345454216,0.002122561214491725,0.9837313294410706,0.008565625175833702,0.0028006015345454216,0.0025905484799295664,0.00018930825171992183
105,glass_breaking__fsd50k__dev__376197__0029__r0.wav,glass_breaking,glass_breaking,1,11,0.5666922926902771,gunshot_gunfire,0.22609509527683258,speech,0.10763395577669144,0.01209394633769989,0.5666922926902771,0.22609509527683258,0.04766489565372467,0.10763395577669144,0.03981979563832283
106,glass_breaking__fsd50k__dev__378321__0019__r0.wav,glass_breaking,glass_breaking,1,7,0.7087476849555969,gunshot_gunfire,0.12977372109889984,thunderstorm,0.08965129405260086,0.008314167149364948,0.7087476849555969,0.12977372109889984,0.008233840577304363,0.05527934804558754,0.08965129405260086
107,glass_breaking__fsd50k__dev__379015__0020__r0.wav,glass_breaking,glass_breaking,1,13,0.858978807926178,gunshot_gunfire,0.06368351727724075,siren,0.028358059003949165,0.007838341407477856,0.858978807926178,0.06368351727724075,0.028358059003949165,0.014504283666610718,0.02663693018257618
108,glass_breaking__fsd50k__dev__380840__0027__r0.wav,glass_breaking,thunderstorm,0,13,0.39920780062675476,glass_breaking,0.33043724298477173,gunshot_gunfire,0.190486878156662,0.012656648643314838,0.33043724298477173,0.190486878156662,0.0044615971855819225,0.06274981051683426,0.39920780062675476
109,glass_breaking__fsd50k__dev__387177__0052__r0.wav,glass_breaking,thunderstorm,0,6,0.3732292652130127,glass_breaking,0.270255982875824,speech,0.16333183646202087,0.09025972336530685,0.270255982875824,0.07337626069784164,0.029546961188316345,0.16333183646202087,0.3732292652130127
110,glass_breaking__fsd50k__dev__401619__0048__r0.wav,glass_breaking,glass_breaking,1,2,0.9592140913009644,gunshot_gunfire,0.034595366567373276,speech,0.002008972456678748,0.0012656385079026222,0.9592140913009644,0.034595366567373276,0.0018814582144841552,0.002008972456678748,0.0010345224291086197
111,glass_breaking__fsd50k__dev__408218__0056__r0.wav,glass_breaking,glass_breaking,1,1,0.9622546434402466,gunshot_gunfire,0.02446078695356846,thunderstorm,0.0049170502461493015,0.004114206880331039,0.9622546434402466,0.02446078695356846,0.0026821435894817114,0.0015711820451542735,0.0049170502461493015
112,glass_breaking__fsd50k__dev__41348__0037__r0.wav,glass_breaking,glass_breaking,1,1,0.8612403869628906,gunshot_gunfire,0.11696018278598785,siren,0.008067920804023743,0.0036823113914579153,0.8612403869628906,0.11696018278598785,0.008067920804023743,0.004400874953716993,0.00564839132130146
113,glass_breaking__fsd50k__dev__420356__0047__r0.wav,glass_breaking,gunshot_gunfire,0,2,0.6275814175605774,thunderstorm,0.2313966453075409,glass_breaking,0.08217889070510864,0.008441411890089512,0.08217889070510864,0.6275814175605774,0.03351043537259102,0.016891278326511383,0.2313966453075409
114,glass_breaking__fsd50k__dev__426204__0041__r0.wav,glass_breaking,glass_breaking,1,1,0.8175106048583984,gunshot_gunfire,0.15857835114002228,speech,0.01619153469800949,0.0023613967932760715,0.8175106048583984,0.15857835114002228,0.0025359252467751503,0.01619153469800949,0.00282219797372818
115,glass_breaking__fsd50k__dev__430702__0046__r0.wav,glass_breaking,dog_bark,0,2,0.4062921106815338,glass_breaking,0.32213255763053894,speech,0.15515968203544617,0.4062921106815338,0.32213255763053894,0.019885890185832977,0.030827010050415993,0.15515968203544617,0.06570272147655487
116,glass_breaking__fsd50k__dev__47012__0032__r0.wav,glass_breaking,thunderstorm,0,13,0.4810488820075989,gunshot_gunfire,0.17013026773929596,glass_breaking,0.11992602795362473,0.03926083818078041,0.11992602795362473,0.17013026773929596,0.11455361545085907,0.07508032768964767,0.4810488820075989
117,glass_breaking__fsd50k__dev__68449__0030__r0.wav,glass_breaking,glass_breaking,1,1,0.9939994812011719,speech,0.0028711885679513216,gunshot_gunfire,0.0015661707147955894,0.0009852604707702994,0.9939994812011719,0.0015661707147955894,0.00046600832138210535,0.0028711885679513216,0.00011195569823030382
118,glass_breaking__fsd50k__dev__85550__0015__r0.wav,glass_breaking,glass_breaking,1,2,0.9900214672088623,gunshot_gunfire,0.0045278738252818584,dog_bark,0.002846195362508297,0.002846195362508297,0.9900214672088623,0.0045278738252818584,0.0008988360641524196,0.00120964040979743,0.0004959680954925716
119,glass_breaking__fsd50k__dev__92019__0042__r0.wav,glass_breaking,glass_breaking,1,9,0.5976380109786987,thunderstorm,0.17100319266319275,gunshot_gunfire,0.12283001840114594,0.015317734330892563,0.5976380109786987,0.12283001840114594,0.05228748172521591,0.04092356935143471,0.17100319266319275
120,gunshot_gunfire__fsd50k__dev__100465__0000__r0.wav,gunshot_gunfire,gunshot_gunfire,1,1,0.5211837291717529,siren,0.1990358680486679,thunderstorm,0.13934600353240967,0.015833964571356773,0.08459076285362244,0.5211837291717529,0.1990358680486679,0.04000971466302872,0.13934600353240967
121,gunshot_gunfire__fsd50k__dev__115295__0001__r0.wav,gunshot_gunfire,gunshot_gunfire,1,1,0.6896809935569763,siren,0.2633835971355438,speech,0.037066880613565445,0.0007884027436375618,0.006234501488506794,0.6896809935569763,0.2633835971355438,0.037066880613565445,0.0028455134015530348
122,gunshot_gunfire__fsd50k__dev__128979__0002__r0.wav,gunshot_gunfire,gunshot_gunfire,1,2,0.8707520961761475,thunderstorm,0.11871445924043655,speech,0.004971456713974476,0.0004969435394741595,0.0010284832678735256,0.8707520961761475,0.0040365406312048435,0.004971456713974476,0.11871445924043655
123,gunshot_gunfire__fsd50k__dev__128981__0003__r0.wav,gunshot_gunfire,gunshot_gunfire,1,13,0.8424898982048035,thunderstorm,0.11497238278388977,glass_breaking,0.020232578739523888,0.002312295138835907,0.020232578739523888,0.8424898982048035,0.01054389402270317,0.009448973461985588,0.11497238278388977
124,gunshot_gunfire__fsd50k__dev__137034__0004__r0.wav,gunshot_gunfire,gunshot_gunfire,1,2,0.9736143350601196,thunderstorm,0.01763654500246048,glass_breaking,0.0062076617032289505,0.00013312979717738926,0.0062076617032289505,0.9736143350601196,0.0014195088297128677,0.0009888295317068696,0.01763654500246048
125,gunshot_gunfire__fsd50k__dev__138679__0005__r0.wav,gunshot_gunfire,gunshot_gunfire,1,1,0.960411548614502,glass_breaking,0.021937480196356773,thunderstorm,0.014301535673439503,0.00031523036886937916,0.021937480196356773,0.960411548614502,0.0016250914195552468,0.0014091032790020108,0.014301535673439503
126,gunshot_gunfire__fsd50k__dev__146323__0006__r0.wav,gunshot_gunfire,gunshot_gunfire,1,2,0.7312344312667847,glass_breaking,0.22443877160549164,thunderstorm,0.030367638915777206,0.0016280070412904024,0.22443877160549164,0.7312344312667847,0.006063173525035381,0.006268004421144724,0.030367638915777206
127,gunshot_gunfire__fsd50k__dev__147317__0007__r0.wav,gunshot_gunfire,gunshot_gunfire,1,1,0.976503312587738,thunderstorm,0.01800946705043316,siren,0.002721858210861683,0.00010998507787007838,0.0016523192171007395,0.976503312587738,0.002721858210861683,0.001003049430437386,0.01800946705043316
128,gunshot_gunfire__fsd50k__dev__147901__0008__r0.wav,gunshot_gunfire,gunshot_gunfire,1,1,0.99017333984375,thunderstorm,0.007761219050735235,glass_breaking,0.001401887508109212,0.00011152475781273097,0.001401887508109212,0.99017333984375,0.00017727982776705176,0.00037481478648260236,0.007761219050735235
129,gunshot_gunfire__fsd50k__dev__148166__0009__r0.wav,gunshot_gunfire,gunshot_gunfire,1,1,0.8983539342880249,thunderstorm,0.0985051617026329,glass_breaking,0.002171223284676671,0.00014452551840804517,0.002171223284676671,0.8983539342880249,0.0005405560950748622,0.000284534296952188,0.0985051617026329
130,gunshot_gunfire__fsd50k__dev__149177__0010__r0.wav,gunshot_gunfire,gunshot_gunfire,1,1,0.9478241801261902,thunderstorm,0.044170357286930084,glass_breaking,0.006441869772970676,0.00011880625243065879,0.006441869772970676,0.9478241801261902,0.0010455474257469177,0.0003992863930761814,0.044170357286930084
131,gunshot_gunfire__fsd50k__dev__150139__0011__r0.wav,gunshot_gunfire,gunshot_gunfire,1,2,0.9713729619979858,thunderstorm,0.020218629390001297,glass_breaking,0.003963472321629524,0.00012234090536367148,0.003963472321629524,0.9713729619979858,0.0021625994704663754,0.0021599463652819395,0.020218629390001297
132,gunshot_gunfire__fsd50k__dev__155654__0012__r0.wav,gunshot_gunfire,gunshot_gunfire,1,5,0.5893081426620483,thunderstorm,0.29859787225723267,glass_breaking,0.06405390053987503,0.014108908362686634,0.06405390053987503,0.5893081426620483,0.014243128709495068,0.019688067957758904,0.29859787225723267
133,gunshot_gunfire__fsd50k__dev__155790__0013__r0.wav,gunshot_gunfire,gunshot_gunfire,1,2,0.6666780710220337,thunderstorm,0.2967320680618286,siren,0.01681169681251049,0.0007850299007259309,0.011683918535709381,0.6666780710220337,0.01681169681251049,0.007309231907129288,0.2967320680618286
134,gunshot_gunfire__fsd50k__dev__156904__0014__r0.wav,gunshot_gunfire,gunshot_gunfire,1,1,0.974304735660553,thunderstorm,0.021475359797477722,glass_breaking,0.002192727057263255,0.00010973744792863727,0.002192727057263255,0.974304735660553,0.0005862571415491402,0.0013311071088537574,0.021475359797477722
135,gunshot_gunfire__fsd50k__dev__160590__0015__r0.wav,gunshot_gunfire,gunshot_gunfire,1,1,0.8248623609542847,thunderstorm,0.12919026613235474,speech,0.026912106201052666,0.000430368265369907,0.003924900200217962,0.8248623609542847,0.014679959043860435,0.026912106201052666,0.12919026613235474
136,gunshot_gunfire__fsd50k__dev__161195__0016__r0.wav,gunshot_gunfire,gunshot_gunfire,1,1,0.9802289009094238,thunderstorm,0.012656621634960175,glass_breaking,0.004833460319787264,0.00011040469689760357,0.004833460319787264,0.9802289009094238,0.0006802297430112958,0.0014903789851814508,0.012656621634960175
137,gunshot_gunfire__fsd50k__dev__161475__0017__r0.wav,gunshot_gunfire,gunshot_gunfire,1,2,0.8862489461898804,thunderstorm,0.0813610851764679,glass_breaking,0.016052071005105972,0.0004316287231631577,0.016052071005105972,0.8862489461898804,0.011118446476757526,0.004787787329405546,0.0813610851764679
138,gunshot_gunfire__fsd50k__dev__162455__0018__r0.wav,gunshot_gunfire,gunshot_gunfire,1,3,0.7788784503936768,thunderstorm,0.21039243042469025,siren,0.006865847855806351,0.00023677642457187176,0.002579913241788745,0.7788784503936768,0.006865847855806351,0.0010465950472280383,0.21039243042469025
139,gunshot_gunfire__fsd50k__dev__164020__0019__r0.wav,gunshot_gunfire,gunshot_gunfire,1,2,0.45951318740844727,siren,0.1810135841369629,thunderstorm,0.16741304099559784,0.010755231603980064,0.0772399976849556,0.45951318740844727,0.1810135841369629,0.1040649265050888,0.16741304099559784
140,gunshot_gunfire__fsd50k__dev__165795__0020__r0.wav,gunshot_gunfire,gunshot_gunfire,1,1,0.8576573729515076,siren,0.07868771255016327,thunderstorm,0.03465630114078522,0.0005542103317566216,0.013715328648686409,0.8576573729515076,0.07868771255016327,0.014729012735188007,0.03465630114078522
141,gunshot_gunfire__fsd50k__dev__180961__0021__r0.wav,gunshot_gunfire,gunshot_gunfire,1,3,0.6882920265197754,thunderstorm,0.2711993455886841,dog_bark,0.023087510839104652,0.023087510839104652,0.0040350984781980515,0.6882920265197754,0.0015011400682851672,0.011884874664247036,0.2711993455886841
142,gunshot_gunfire__fsd50k__dev__184651__0022__r0.wav,gunshot_gunfire,gunshot_gunfire,1,1,0.756925106048584,thunderstorm,0.21733210980892181,glass_breaking,0.015535715036094189,0.000674166192766279,0.015535715036094189,0.756925106048584,0.005524644628167152,0.004008215386420488,0.21733210980892181
143,gunshot_gunfire__fsd50k__dev__187534__0023__r0.wav,gunshot_gunfire,gunshot_gunfire,1,2,0.9890975952148438,thunderstorm,0.0053946478292346,glass_breaking,0.003670639358460903,0.00011140359856653959,0.003670639358460903,0.9890975952148438,0.0001474465971114114,0.0015782014233991504,0.0053946478292346
144,gunshot_gunfire__fsd50k__dev__197322__0024__r0.wav,gunshot_gunfire,gunshot_gunfire,1,13,0.7451798915863037,thunderstorm,0.23202203214168549,glass_breaking,0.013424842618405819,0.002705695340409875,0.013424842618405819,0.7451798915863037,0.003194949124008417,0.0034725661389529705,0.23202203214168549
145,gunshot_gunfire__fsd50k__dev__198952__0025__r0.wav,gunshot_gunfire,gunshot_gunfire,1,13,0.6441099643707275,glass_breaking,0.12256480008363724,speech,0.11865366250276566,0.03184211999177933,0.12256480008363724,0.6441099643707275,0.008868420496582985,0.11865366250276566,0.07396107167005539
146,gunshot_gunfire__fsd50k__dev__201667__0026__r0.wav,gunshot_gunfire,gunshot_gunfire,1,3,0.9843056797981262,thunderstorm,0.011154744774103165,glass_breaking,0.0031740430276840925,0.00011086387530667707,0.0031740430276840925,0.9843056797981262,0.00036074360832571983,0.0008938874234445393,0.011154744774103165
147,gunshot_gunfire__fsd50k__dev__212600__0027__r0.wav,gunshot_gunfire,gunshot_gunfire,1,1,0.9859759211540222,glass_breaking,0.008600744418799877,thunderstorm,0.004527200013399124,0.00011105199519079179,0.008600744418799877,0.9859759211540222,0.00017034541815519333,0.0006148134707473218,0.004527200013399124
148,gunshot_gunfire__fsd50k__dev__212602__0028__r0.wav,gunshot_gunfire,gunshot_gunfire,1,1,0.7050090432167053,siren,0.2024257332086563,glass_breaking,0.05222586542367935,0.0009631920256651938,0.05222586542367935,0.7050090432167053,0.2024257332086563,0.023836610838770866,0.015539618209004402
149,gunshot_gunfire__fsd50k__dev__217805__0029__r0.wav,gunshot_gunfire,gunshot_gunfire,1,1,0.9779111742973328,thunderstorm,0.015638381242752075,glass_breaking,0.005178423598408699,0.0001101436500903219,0.005178423598408699,0.9779111742973328,0.0009026034967973828,0.00025916003505699337,0.015638381242752075
150,gunshot_gunfire__fsd50k__dev__220612__0030__r0.wav,gunshot_gunfire,gunshot_gunfire,1,1,0.9529293775558472,speech,0.023375310003757477,thunderstorm,0.0163651704788208,0.000479772686958313,0.006476567592471838,0.9529293775558472,0.00037380916182883084,0.023375310003757477,0.0163651704788208
151,gunshot_gunfire__fsd50k__dev__220613__0031__r0.wav,gunshot_gunfire,gunshot_gunfire,1,1,0.8571674227714539,glass_breaking,0.10459916293621063,thunderstorm,0.01957920379936695,0.0027554479893296957,0.10459916293621063,0.8571674227714539,0.008936221711337566,0.0069625466130673885,0.01957920379936695
152,gunshot_gunfire__fsd50k__dev__221640__0032__r0.wav,gunshot_gunfire,gunshot_gunfire,1,3,0.8822253346443176,thunderstorm,0.10498031228780746,glass_breaking,0.007441200781613588,0.000290271156700328,0.007441200781613588,0.8822253346443176,0.0017091360641643405,0.0033537058625370264,0.10498031228780746
153,gunshot_gunfire__fsd50k__dev__238159__0033__r0.wav,gunshot_gunfire,gunshot_gunfire,1,1,0.3861905634403229,gunshot_gunfire,0.3861905634403229,siren,0.137332946062088,0.00535499956458807,0.02860833704471588,0.3861905634403229,0.137332946062088,0.3861905634403229,0.05632258579134941
154,gunshot_gunfire__fsd50k__dev__255216__0034__r0.wav,gunshot_gunfire,gunshot_gunfire,1,3,0.8709126114845276,thunderstorm,0.07419747859239578,glass_breaking,0.02996979095041752,0.0011278152232989669,0.02996979095041752,0.8709126114845276,0.017654800787568092,0.006137540563941002,0.07419747859239578
155,gunshot_gunfire__fsd50k__dev__257963__0035__r0.wav,gunshot_gunfire,gunshot_gunfire,1,2,0.5723838806152344,thunderstorm,0.3699524998664856,glass_breaking,0.035378746688365936,0.0032996167428791523,0.035378746688365936,0.5723838806152344,0.015377999283373356,0.0036072467919439077,0.3699524998664856
156,gunshot_gunfire__fsd50k__dev__260939__0036__r0.wav,gunshot_gunfire,gunshot_gunfire,1,3,0.8469265103340149,thunderstorm,0.13991691172122955,speech,0.007380407303571701,0.0005762496148236096,0.0021594329737126827,0.8469265103340149,0.0030404350254684687,0.007380407303571701,0.13991691172122955
157,gunshot_gunfire__fsd50k__dev__266105__0037__r0.wav,gunshot_gunfire,gunshot_gunfire,1,1,0.9841058850288391,speech,0.009553502313792706,siren,0.0025542674120515585,0.0002800773363560438,0.002062359359115362,0.9841058850288391,0.0025542674120515585,0.009553502313792706,0.001443867338821292
158,gunshot_gunfire__fsd50k__dev__273303__0038__r0.wav,gunshot_gunfire,gunshot_gunfire,1,3,0.7156617641448975,thunderstorm,0.23408494889736176,glass_breaking,0.027312757447361946,0.002650858135893941,0.027312757447361946,0.7156617641448975,0.009488883428275585,0.010800778865814209,0.23408494889736176
159,gunshot_gunfire__fsd50k__dev__329716__0039__r0.wav,gunshot_gunfire,gunshot_gunfire,1,1,0.9127575755119324,glass_breaking,0.06296207010746002,speech,0.012213200330734253,0.002934148069471121,0.06296207010746002,0.9127575755119324,0.0017188061028718948,0.012213200330734253,0.007414090912789106
160,gunshot_gunfire__fsd50k__dev__345844__0040__r0.wav,gunshot_gunfire,thunderstorm,0,7,0.8594827651977539,gunshot_gunfire,0.10812752693891525,speech,0.013243837282061577,0.007176097482442856,0.00905659794807434,0.10812752693891525,0.0029131160117685795,0.013243837282061577,0.8594827651977539
161,gunshot_gunfire__fsd50k__dev__350264__0041__r0.wav,gunshot_gunfire,gunshot_gunfire,1,1,0.8755630254745483,thunderstorm,0.0696539431810379,glass_breaking,0.04876508191227913,0.00033143084147013724,0.04876508191227913,0.8755630254745483,0.003246001899242401,0.0024405033327639103,0.0696539431810379
162,gunshot_gunfire__fsd50k__dev__353093__0042__r0.wav,gunshot_gunfire,gunshot_gunfire,1,8,0.895942211151123,thunderstorm,0.08361691236495972,glass_breaking,0.014685329049825668,0.0004517461056821048,0.014685329049825668,0.895942211151123,0.00329869007691741,0.0020051011815667152,0.08361691236495972
163,gunshot_gunfire__fsd50k__dev__35799__0043__r0.wav,gunshot_gunfire,gunshot_gunfire,1,1,0.530896782875061,siren,0.35866546630859375,glass_breaking,0.06957288831472397,0.003608228638768196,0.06957288831472397,0.530896782875061,0.35866546630859375,0.00661479914560914,0.030641870573163033
164,gunshot_gunfire__fsd50k__dev__35800__0044__r0.wav,gunshot_gunfire,siren,0,6,0.4546905755996704,gunshot_gunfire,0.4192716181278229,speech,0.0815267339348793,0.001729078940115869,0.034388069063425064,0.4192716181278229,0.4546905755996704,0.0815267339348793,0.00839390978217125
165,gunshot_gunfire__fsd50k__dev__36815__0045__r0.wav,gunshot_gunfire,gunshot_gunfire,1,11,0.8735130429267883,glass_breaking,0.08107516914606094,thunderstorm,0.031084882095456123,0.0008394569740630686,0.08107516914606094,0.8735130429267883,0.008934044279158115,0.00455339252948761,0.031084882095456123
166,gunshot_gunfire__fsd50k__dev__368736__0046__r0.wav,gunshot_gunfire,gunshot_gunfire,1,1,0.6196964383125305,thunderstorm,0.2931039333343506,glass_breaking,0.06105755269527435,0.0021393068600445986,0.06105755269527435,0.6196964383125305,0.020218325778841972,0.0037845298647880554,0.2931039333343506
167,gunshot_gunfire__fsd50k__dev__368805__0047__r0.wav,gunshot_gunfire,gunshot_gunfire,1,4,0.9783520698547363,thunderstorm,0.017543265596032143,glass_breaking,0.0031342285219579935,0.00011019331577699631,0.0031342285219579935,0.9783520698547363,0.00047347910003736615,0.00038671691436320543,0.017543265596032143
168,gunshot_gunfire__fsd50k__dev__369124__0048__r0.wav,gunshot_gunfire,gunshot_gunfire,1,1,0.9625443816184998,thunderstorm,0.027230285108089447,glass_breaking,0.00609168503433466,0.00017858821956906468,0.00609168503433466,0.9625443816184998,0.002326364628970623,0.0016286995960399508,0.027230285108089447
169,gunshot_gunfire__fsd50k__dev__369126__0049__r0.wav,gunshot_gunfire,gunshot_gunfire,1,1,0.9901679754257202,thunderstorm,0.006493952125310898,speech,0.0025700016412883997,0.00011152415390824899,0.000281802611425519,0.9901679754257202,0.0003748127492144704,0.0025700016412883997,0.006493952125310898
170,gunshot_gunfire__fsd50k__dev__369395__0050__r0.wav,gunshot_gunfire,glass_breaking,0,6,0.5393118262290955,gunshot_gunfire,0.23034195601940155,thunderstorm,0.134889155626297,0.008793833665549755,0.5393118262290955,0.23034195601940155,0.06868179142475128,0.017981337383389473,0.134889155626297
171,gunshot_gunfire__fsd50k__dev__371158__0051__r0.wav,gunshot_gunfire,gunshot_gunfire,1,1,0.6771091222763062,thunderstorm,0.1569739431142807,glass_breaking,0.13134367763996124,0.004942083731293678,0.13134367763996124,0.6771091222763062,0.02057110331952572,0.009060094133019447,0.1569739431142807
172,gunshot_gunfire__fsd50k__dev__52593__0052__r0.wav,gunshot_gunfire,gunshot_gunfire,1,2,0.5859087705612183,thunderstorm,0.1534639447927475,siren,0.12089355289936066,0.004156478680670261,0.059902340173721313,0.5859087705612183,0.12089355289936066,0.07567485421895981,0.1534639447927475
173,gunshot_gunfire__fsd50k__dev__89147__0053__r0.wav,gunshot_gunfire,gunshot_gunfire,1,2,0.6427245140075684,thunderstorm,0.27198946475982666,siren,0.06118183583021164,0.001921089249663055,0.00833862368017435,0.6427245140075684,0.06118183583021164,0.013844512403011322,0.27198946475982666
174,siren__esc50__fold_4__102871__0000__r0.wav,siren,siren,1,6,0.9965837597846985,speech,0.0018847944447770715,thunderstorm,0.0006559856701642275,0.00011224678019061685,0.00011224678019061685,0.0006508808583021164,0.9965837597846985,0.0018847944447770715,0.0006559856701642275
175,siren__esc50__fold_4__111671__0001__r0.wav,siren,siren,1,6,0.9963670372962952,speech,0.002590443938970566,glass_breaking,0.0006184811354614794,0.00018777283548843116,0.0006184811354614794,0.00012188485561637208,0.9963670372962952,0.002590443938970566,0.00011433487088652328
176,siren__esc50__fold_4__111671__0002__r0.wav,siren,siren,1,6,0.9992371201515198,speech,0.0003126134106423706,thunderstorm,0.00011254561832174659,0.00011254561832174659,0.00011254561832174659,0.00011254561832174659,0.9992371201515198,0.0003126134106423706,0.00011254561832174659
177,siren__esc50__fold_4__121532__0003__r0.wav,siren,siren,1,6,0.9977531433105469,dog_bark,0.0013143675168976188,speech,0.0004051488358527422,0.0013143675168976188,0.0002903975546360016,0.00011237848229939118,0.9977531433105469,0.0004051488358527422,0.00012450113717932254
178,siren__esc50__fold_4__67358__0004__r0.wav,siren,siren,1,5,0.9558588862419128,dog_bark,0.017549913376569748,speech,0.015518009662628174,0.017549913376569748,0.006026600021868944,0.003482084721326828,0.9558588862419128,0.015518009662628174,0.001564505510032177
179,siren__esc50__fold_4__80761__0005__r0.wav,siren,siren,1,6,0.9468199610710144,thunderstorm,0.024608001112937927,gunshot_gunfire,0.01803542487323284,0.0019914202857762575,0.002349651185795665,0.01803542487323284,0.9468199610710144,0.006195616442710161,0.024608001112937927
180,siren__esc50__fold_4__90014__0006__r0.wav,siren,siren,1,6,0.9509149193763733,speech,0.025857577100396156,glass_breaking,0.01272295881062746,0.0012953492114320397,0.01272295881062746,0.0055399611592292786,0.9509149193763733,0.025857577100396156,0.0036692051216959953
181,siren__esc50__fold_4__90014__0007__r0.wav,siren,siren,1,6,0.9842280745506287,speech,0.008412422612309456,gunshot_gunfire,0.0028886031359434128,0.0002778103807941079,0.002207452431321144,0.0028886031359434128,0.9842280745506287,0.008412422612309456,0.0019856449216604233
182,siren__fsd50k__dev__181601__0008__r0.wav,siren,siren,1,13,0.8775149583816528,speech,0.07286960631608963,glass_breaking,0.02534915693104267,0.021733760833740234,0.02534915693104267,0.0018578891176730394,0.8775149583816528,0.07286960631608963,0.0006746113649569452
183,siren__fsd50k__dev__268221__0009__r0.wav,siren,siren,1,1,0.9993433356285095,speech,0.00020634662359952927,thunderstorm,0.00011255758727202192,0.00011255758727202192,0.00011255758727202192,0.00011255758727202192,0.9993433356285095,0.00020634662359952927,0.00011255758727202192
184,siren__fsd50k__dev__320767__0010__r0.wav,siren,siren,1,13,0.6865432262420654,speech,0.23986949026584625,gunshot_gunfire,0.0385725237429142,0.009393787011504173,0.008157303556799889,0.0385725237429142,0.6865432262420654,0.23986949026584625,0.017463618889451027
185,siren__fsd50k__dev__324275__0011__r0.wav,siren,siren,1,6,0.27460798621177673,dog_bark,0.257156103849411,speech,0.1964985877275467,0.257156103849411,0.10111627727746964,0.08804339915513992,0.27460798621177673,0.1964985877275467,0.08257763832807541
186,siren__fsd50k__dev__34733__0012__r0.wav,siren,siren,1,13,0.6977757811546326,speech,0.13913162052631378,glass_breaking,0.09331488609313965,0.009972881525754929,0.09331488609313965,0.05075899139046669,0.6977757811546326,0.13913162052631378,0.009045804850757122
187,siren__fsd50k__dev__34952__0013__r0.wav,siren,siren,1,13,0.5160864591598511,thunderstorm,0.22833125293254852,gunshot_gunfire,0.08516311645507812,0.035709086805582047,0.07927287369966507,0.08516311645507812,0.5160864591598511,0.055437225848436356,0.22833125293254852
188,siren__fsd50k__dev__353265__0014__r0.wav,siren,siren,1,13,0.917338490486145,thunderstorm,0.05359184741973877,gunshot_gunfire,0.011753533966839314,0.006128260865807533,0.006854995619505644,0.011753533966839314,0.917338490486145,0.0043328506872057915,0.05359184741973877
189,siren__fsd50k__dev__353956__0015__r0.wav,siren,siren,1,13,0.875788152217865,dog_bark,0.07492982596158981,glass_breaking,0.03468531742691994,0.07492982596158981,0.03468531742691994,0.002715055365115404,0.875788152217865,0.011075075715780258,0.0008064856519922614
190,siren__fsd50k__dev__382620__0016__r0.wav,siren,siren,1,3,0.9861182570457458,speech,0.01038087997585535,gunshot_gunfire,0.001156858284957707,0.001115763676352799,0.0010976559715345502,0.001156858284957707,0.9861182570457458,0.01038087997585535,0.0001305457262787968
191,siren__fsd50k__dev__388972__0017__r0.wav,siren,siren,1,13,0.9681267142295837,glass_breaking,0.012917171232402325,speech,0.008930366486310959,0.0005524655571207404,0.012917171232402325,0.0061477068811655045,0.9681267142295837,0.008930366486310959,0.003325590630993247
192,siren__fsd50k__dev__421017__0018__r0.wav,siren,siren,1,13,0.9367120265960693,speech,0.042589619755744934,gunshot_gunfire,0.008956880308687687,0.002080753445625305,0.0012806430459022522,0.008956880308687687,0.9367120265960693,0.042589619755744934,0.008379967883229256
193,siren__fsd50k__dev__62878__0019__r0.wav,siren,siren,1,12,0.9980928897857666,speech,0.0013546030968427658,glass_breaking,0.00019073659495916218,0.0001258977281395346,0.00019073659495916218,0.0001127566720242612,0.9980928897857666,0.0013546030968427658,0.00012305250857025385
194,speech__fsd50k__val__speech__12712__0017.wav,speech,thunderstorm,0,7,0.433974951505661,speech,0.3818037807941437,siren,0.0846068412065506,0.03470095247030258,0.010326881892979145,0.05458658188581467,0.0846068412065506,0.3818037807941437,0.433974951505661
195,speech__fsd50k__val__speech__132738__0023.wav,speech,siren,0,10,0.3457706570625305,dog_bark,0.2259540855884552,speech,0.21106891334056854,0.2259540855884552,0.09391429275274277,0.06051287055015564,0.3457706570625305,0.21106891334056854,0.06277918070554733
196,speech__fsd50k__val__speech__139086__0020.wav,speech,speech,1,6,0.9235336780548096,dog_bark,0.054156217724084854,siren,0.013571351766586304,0.054156217724084854,0.007175140548497438,0.0010534357279539108,0.013571351766586304,0.9235336780548096,0.0005101255374029279
197,speech__fsd50k__val__speech__149825__0000.wav,speech,siren,0,4,0.5401597023010254,speech,0.3354417383670807,gunshot_gunfire,0.040768079459667206,0.031849998980760574,0.0331464558839798,0.040768079459667206,0.5401597023010254,0.3354417383670807,0.018634067848324776
198,speech__fsd50k__val__speech__174948__0018.wav,speech,speech,1,2,0.8177194595336914,dog_bark,0.1256732940673828,thunderstorm,0.028453638777136803,0.1256732940673828,0.016121776774525642,0.004308084025979042,0.00772376824170351,0.8177194595336914,0.028453638777136803
199,speech__fsd50k__val__speech__174955__0015.wav,speech,speech,1,3,0.8470690846443176,gunshot_gunfire,0.053157392889261246,thunderstorm,0.043443113565444946,0.006184969563037157,0.010645677335560322,0.053157392889261246,0.039499714970588684,0.8470690846443176,0.043443113565444946
200,speech__fsd50k__val__speech__19188__0014.wav,speech,speech,1,1,0.8122948408126831,siren,0.11431704461574554,gunshot_gunfire,0.04365675896406174,0.017277292907238007,0.0015851438511162996,0.04365675896406174,0.11431704461574554,0.8122948408126831,0.010868953540921211
201,speech__fsd50k__val__speech__19199__0016.wav,speech,speech,1,1,0.8009619116783142,dog_bark,0.16685135662555695,thunderstorm,0.014254613779485226,0.16685135662555695,0.007240446284413338,0.00674214493483305,0.003949505742639303,0.8009619116783142,0.014254613779485226
202,speech__fsd50k__val__speech__219772__0011.wav,speech,speech,1,5,0.9935296177864075,dog_bark,0.002961491933092475,gunshot_gunfire,0.0014188610948622227,0.002961491933092475,0.0010395633289590478,0.0014188610948622227,0.0007833297131583095,0.9935296177864075,0.00026720023015514016
203,speech__fsd50k__val__speech__220372__0013.wav,speech,speech,1,13,0.3879375457763672,siren,0.24984249472618103,dog_bark,0.1306031495332718,0.1306031495332718,0.09741612523794174,0.04637913033366203,0.24984249472618103,0.3879375457763672,0.08782155066728592
204,speech__fsd50k__val__speech__239902__0005.wav,speech,speech,1,5,0.7423075437545776,dog_bark,0.1264772117137909,siren,0.10061923414468765,0.1264772117137909,0.01949307508766651,0.00803634524345398,0.10061923414468765,0.7423075437545776,0.0030665830709040165
205,speech__fsd50k__val__speech__255880__0022.wav,speech,speech,1,2,0.7500565052032471,glass_breaking,0.17242100834846497,dog_bark,0.03707375004887581,0.03707375004887581,0.17242100834846497,0.017231667414307594,0.006115203257650137,0.7500565052032471,0.01710187830030918
206,speech__fsd50k__val__speech__257344__0009.wav,speech,speech,1,12,0.7610435485839844,gunshot_gunfire,0.1105031669139862,siren,0.04735654592514038,0.028834564611315727,0.010623549111187458,0.1105031669139862,0.04735654592514038,0.7610435485839844,0.04163866862654686
207,speech__fsd50k__val__speech__258371__0007.wav,speech,speech,1,3,0.8193120956420898,glass_breaking,0.06336673349142075,gunshot_gunfire,0.054701823741197586,0.03589536249637604,0.06336673349142075,0.054701823741197586,0.01825983077287674,0.8193120956420898,0.00846418458968401
208,speech__fsd50k__val__speech__259674__0010.wav,speech,speech,1,3,0.8781113624572754,gunshot_gunfire,0.09039905667304993,glass_breaking,0.02748844586312771,0.0004018137988168746,0.02748844586312771,0.09039905667304993,0.002474206732586026,0.8781113624572754,0.0011250738753005862
209,speech__fsd50k__val__speech__316648__0019.wav,speech,speech,1,2,0.9909040927886963,dog_bark,0.005486378911882639,gunshot_gunfire,0.0024628269020467997,0.005486378911882639,0.00015449849888682365,0.0024628269020467997,0.0008445180719718337,0.9909040927886963,0.00014770831330679357
210,speech__fsd50k__val__speech__371385__0008.wav,speech,speech,1,1,0.9970459342002869,gunshot_gunfire,0.0011811323929578066,glass_breaking,0.0005999409477226436,0.0005586518091149628,0.0005999409477226436,0.0011811323929578066,0.0005019843811169267,0.9970459342002869,0.0001122988251154311
211,speech__fsd50k__val__speech__379393__0012.wav,speech,speech,1,1,0.91685551404953,dog_bark,0.039786580950021744,siren,0.025937750935554504,0.039786580950021744,0.013174745254218578,0.0029473211616277695,0.025937750935554504,0.91685551404953,0.001298083458095789
212,speech__fsd50k__val__speech__411018__0021.wav,speech,speech,1,13,0.688742995262146,dog_bark,0.12762384116649628,glass_breaking,0.0729701966047287,0.12762384116649628,0.0729701966047287,0.04714271053671837,0.04781346768140793,0.688742995262146,0.015706781297922134
213,speech__fsd50k__val__speech__60689__0001.wav,speech,speech,1,13,0.8591985106468201,thunderstorm,0.04603135585784912,gunshot_gunfire,0.037856802344322205,0.011234893463551998,0.01727878674864769,0.037856802344322205,0.02839967980980873,0.8591985106468201,0.04603135585784912
214,speech__fsd50k__val__speech__63276__0002.wav,speech,speech,1,12,0.4131542146205902,siren,0.28566864132881165,dog_bark,0.13883675634860992,0.13883675634860992,0.03508353233337402,0.07285340875387192,0.28566864132881165,0.4131542146205902,0.054403454065322876
215,speech__fsd50k__val__speech__87703__0003.wav,speech,speech,1,1,0.9701657295227051,siren,0.01298135332763195,dog_bark,0.009760013781487942,0.009760013781487942,0.00045483477879315615,0.004454608540982008,0.01298135332763195,0.9701657295227051,0.0021834110375493765
216,speech__fsd50k__val__speech__87704__0004.wav,speech,speech,1,1,0.9634775519371033,dog_bark,0.01908254064619541,siren,0.010409110225737095,0.01908254064619541,0.0007180206594057381,0.005287173204123974,0.010409110225737095,0.9634775519371033,0.0010255904635414481
217,speech__fsd50k__val__speech__90177__0006.wav,speech,speech,1,1,0.9208807945251465,gunshot_gunfire,0.028992513194680214,glass_breaking,0.0169836338609457,0.01031001191586256,0.0169836338609457,0.028992513194680214,0.009600452147424221,0.9208807945251465,0.013232585974037647
218,thunderstorm__esc50__fold_4__125070__0000__r0.wav,thunderstorm,thunderstorm,1,6,0.9070627093315125,gunshot_gunfire,0.03826814517378807,speech,0.015439593233168125,0.01288106944411993,0.013298645615577698,0.03826814517378807,0.013049855828285217,0.015439593233168125,0.9070627093315125
219,thunderstorm__esc50__fold_4__125071__0001__r0.wav,thunderstorm,thunderstorm,1,6,0.9708960056304932,gunshot_gunfire,0.012069438584148884,dog_bark,0.005644808057695627,0.005644808057695627,0.005201051943004131,0.012069438584148884,0.0028640220407396555,0.0033246709499508142,0.9708960056304932
220,thunderstorm__esc50__fold_4__125072__0002__r0.wav,thunderstorm,thunderstorm,1,6,0.9673266410827637,gunshot_gunfire,0.0213527362793684,siren,0.003775603836402297,0.0010881437920033932,0.003110261633992195,0.0213527362793684,0.003775603836402297,0.0033466173335909843,0.9673266410827637
221,thunderstorm__esc50__fold_4__125072__0003__r0.wav,thunderstorm,thunderstorm,1,6,0.8051686882972717,gunshot_gunfire,0.12078098207712173,siren,0.03755649924278259,0.003068601479753852,0.006903672590851784,0.12078098207712173,0.03755649924278259,0.026521503925323486,0.8051686882972717
222,thunderstorm__esc50__fold_4__156993__0004__r0.wav,thunderstorm,thunderstorm,1,6,0.7349212169647217,gunshot_gunfire,0.1974695771932602,glass_breaking,0.04490881785750389,0.002987990155816078,0.04490881785750389,0.1974695771932602,0.015888864174485207,0.0038235641550272703,0.7349212169647217
223,thunderstorm__esc50__fold_4__161519__0005__r0.wav,thunderstorm,thunderstorm,1,6,0.9965569376945496,gunshot_gunfire,0.002106878673657775,speech,0.0005161951412446797,0.0001264900784008205,0.00027155139832757413,0.002106878673657775,0.0004219663387630135,0.0005161951412446797,0.9965569376945496
224,thunderstorm__esc50__fold_4__165813__0006__r0.wav,thunderstorm,thunderstorm,1,6,0.9047039151191711,gunshot_gunfire,0.04510357603430748,siren,0.023325100541114807,0.002897157333791256,0.015023410320281982,0.04510357603430748,0.023325100541114807,0.008946849033236504,0.9047039151191711
225,thunderstorm__esc50__fold_4__165813__0007__r0.wav,thunderstorm,thunderstorm,1,6,0.7865695953369141,gunshot_gunfire,0.09422985464334488,dog_bark,0.056010276079177856,0.056010276079177856,0.007448457181453705,0.09422985464334488,0.023385226726531982,0.03235660120844841,0.7865695953369141
226,thunderstorm__fsd50k__dev__124587__0008__r0.wav,thunderstorm,thunderstorm,1,13,0.9128203988075256,glass_breaking,0.04510859400033951,gunshot_gunfire,0.016396937891840935,0.009587003849446774,0.04510859400033951,0.016396937891840935,0.009213538840413094,0.0068735177628695965,0.9128203988075256
227,thunderstorm__fsd50k__dev__125634__0009__r0.wav,thunderstorm,thunderstorm,1,13,0.967133104801178,siren,0.014131981879472733,gunshot_gunfire,0.00702174287289381,0.0032684318721294403,0.0022082144860178232,0.00702174287289381,0.014131981879472733,0.006236600689589977,0.967133104801178
228,thunderstorm__fsd50k__dev__128343__0010__r0.wav,thunderstorm,gunshot_gunfire,0,13,0.323275625705719,siren,0.3150162994861603,thunderstorm,0.19841457903385162,0.01693733036518097,0.025236589834094048,0.323275625705719,0.3150162994861603,0.12111962586641312,0.19841457903385162
229,thunderstorm__fsd50k__dev__135104__0011__r0.wav,thunderstorm,thunderstorm,1,13,0.9067344665527344,gunshot_gunfire,0.03125466778874397,speech,0.025500062853097916,0.0069032832980155945,0.014300144277513027,0.03125466778874397,0.015307437628507614,0.025500062853097916,0.9067344665527344
230,thunderstorm__fsd50k__dev__155833__0012__r0.wav,thunderstorm,thunderstorm,1,13,0.8744041919708252,gunshot_gunfire,0.11058160662651062,glass_breaking,0.008060421794652939,0.0009329368476755917,0.008060421794652939,0.11058160662651062,0.004671297036111355,0.001349642057903111,0.8744041919708252
231,thunderstorm__fsd50k__dev__163287__0013__r0.wav,thunderstorm,thunderstorm,1,13,0.9794924855232239,gunshot_gunfire,0.006697936914861202,speech,0.004778733942657709,0.003958568442612886,0.0021098055876791477,0.006697936914861202,0.002962457947432995,0.004778733942657709,0.9794924855232239
232,thunderstorm__fsd50k__dev__165299__0014__r0.wav,thunderstorm,thunderstorm,1,13,0.8369306325912476,siren,0.07061409950256348,gunshot_gunfire,0.059067849069833755,0.0035514263436198235,0.007200103718787432,0.059067849069833755,0.07061409950256348,0.02263600565493107,0.8369306325912476
233,thunderstorm__fsd50k__dev__165874__0015__r0.wav,thunderstorm,thunderstorm,1,13,0.9660282135009766,gunshot_gunfire,0.029304219409823418,glass_breaking,0.002476056572049856,0.0005470680771395564,0.002476056572049856,0.029304219409823418,0.0009831381030380726,0.0006613009027205408,0.9660282135009766
234,thunderstorm__fsd50k__dev__186907__0016__r0.wav,thunderstorm,thunderstorm,1,13,0.6944298148155212,gunshot_gunfire,0.13831713795661926,glass_breaking,0.06466919928789139,0.017244581133127213,0.06466919928789139,0.13831713795661926,0.061518725007772446,0.0238205473870039,0.6944298148155212
235,thunderstorm__fsd50k__dev__189794__0017__r0.wav,thunderstorm,thunderstorm,1,13,0.964712381362915,gunshot_gunfire,0.016977056860923767,glass_breaking,0.006224101409316063,0.004211797378957272,0.006224101409316063,0.016977056860923767,0.0018065401818603277,0.0060681733302772045,0.964712381362915
236,thunderstorm__fsd50k__dev__191992__0018__r0.wav,thunderstorm,thunderstorm,1,13,0.8105833530426025,gunshot_gunfire,0.09844867140054703,siren,0.08081506937742233,0.0016067002434283495,0.0010468433611094952,0.09844867140054703,0.08081506937742233,0.007499421015381813,0.8105833530426025
237,thunderstorm__fsd50k__dev__193170__0019__r0.wav,thunderstorm,thunderstorm,1,7,0.9874897003173828,gunshot_gunfire,0.00862936582416296,glass_breaking,0.00212078052572906,0.0004714758542831987,0.00212078052572906,0.00862936582416296,0.0006982666673138738,0.0005904537392780185,0.9874897003173828
238,thunderstorm__fsd50k__dev__194849__0020__r0.wav,thunderstorm,thunderstorm,1,13,0.8558773398399353,gunshot_gunfire,0.0839255228638649,speech,0.023970484733581543,0.010569727048277855,0.019125904887914658,0.0839255228638649,0.006531036924570799,0.023970484733581543,0.8558773398399353
239,thunderstorm__fsd50k__dev__195344__0021__r0.wav,thunderstorm,thunderstorm,1,13,0.9117427468299866,gunshot_gunfire,0.03207188844680786,glass_breaking,0.024157194420695305,0.01541673019528389,0.024157194420695305,0.03207188844680786,0.005628698039799929,0.010982771404087543,0.9117427468299866
240,thunderstorm__fsd50k__dev__195738__0022__r0.wav,thunderstorm,siren,0,13,0.40493491291999817,gunshot_gunfire,0.30513137578964233,thunderstorm,0.20179282128810883,0.013591497205197811,0.022730210795998573,0.30513137578964233,0.40493491291999817,0.05181923881173134,0.20179282128810883
241,thunderstorm__fsd50k__dev__198496__0023__r0.wav,thunderstorm,thunderstorm,1,13,0.8273626565933228,gunshot_gunfire,0.10145575553178787,speech,0.030789297074079514,0.008260943926870823,0.01348929014056921,0.10145575553178787,0.018641948699951172,0.030789297074079514,0.8273626565933228
242,thunderstorm__fsd50k__dev__203721__0024__r0.wav,thunderstorm,thunderstorm,1,6,0.7617425918579102,gunshot_gunfire,0.20856039226055145,siren,0.011931215412914753,0.002733694389462471,0.007791013922542334,0.20856039226055145,0.011931215412914753,0.0072411163710057735,0.7617425918579102
243,thunderstorm__fsd50k__dev__203830__0025__r0.wav,thunderstorm,thunderstorm,1,13,0.8375235795974731,glass_breaking,0.045811258256435394,speech,0.03615166246891022,0.02561834082007408,0.045811258256435394,0.03058154694736004,0.02431361749768257,0.03615166246891022,0.8375235795974731
244,thunderstorm__fsd50k__dev__205832__0026__r0.wav,thunderstorm,thunderstorm,1,13,0.9284070134162903,glass_breaking,0.038205333054065704,gunshot_gunfire,0.013824880123138428,0.006694813258945942,0.038205333054065704,0.013824880123138428,0.0067808497697114944,0.0060872104950249195,0.9284070134162903
245,thunderstorm__fsd50k__dev__210044__0027__r0.wav,thunderstorm,thunderstorm,1,2,0.8389509916305542,gunshot_gunfire,0.13009370863437653,siren,0.017113570123910904,0.0024889130145311356,0.0023041293025016785,0.13009370863437653,0.017113570123910904,0.009048671461641788,0.8389509916305542
246,thunderstorm__fsd50k__dev__21847__0028__r0.wav,thunderstorm,thunderstorm,1,13,0.7905855178833008,glass_breaking,0.10483180731534958,gunshot_gunfire,0.04313640296459198,0.0086326003074646,0.10483180731534958,0.04313640296459198,0.030263755470514297,0.022549914196133614,0.7905855178833008
247,thunderstorm__fsd50k__dev__22033__0029__r0.wav,thunderstorm,thunderstorm,1,13,0.7316567897796631,gunshot_gunfire,0.190113365650177,siren,0.04576212912797928,0.004088025540113449,0.009265116415917873,0.190113365650177,0.04576212912797928,0.01911448873579502,0.7316567897796631
248,thunderstorm__fsd50k__dev__222601__0030__r0.wav,thunderstorm,thunderstorm,1,13,0.8524112701416016,gunshot_gunfire,0.0931180864572525,speech,0.028676820918917656,0.0024678094778209925,0.005249274428933859,0.0931180864572525,0.018076715990900993,0.028676820918917656,0.8524112701416016
249,thunderstorm__fsd50k__dev__22874__0031__r0.wav,thunderstorm,thunderstorm,1,13,0.8668375611305237,gunshot_gunfire,0.09554966539144516,siren,0.01955275796353817,0.0027930517680943012,0.003048345912247896,0.09554966539144516,0.01955275796353817,0.012218566611409187,0.8668375611305237
250,thunderstorm__fsd50k__dev__237519__0032__r0.wav,thunderstorm,thunderstorm,1,13,0.900379478931427,gunshot_gunfire,0.0471160002052784,glass_breaking,0.026111681014299393,0.009871039539575577,0.026111681014299393,0.0471160002052784,0.0036386114079505205,0.012883259914815426,0.900379478931427
251,thunderstorm__fsd50k__dev__242048__0033__r0.wav,thunderstorm,thunderstorm,1,13,0.6571572422981262,gunshot_gunfire,0.1332249939441681,siren,0.1216738224029541,0.01213388703763485,0.03423861414194107,0.1332249939441681,0.1216738224029541,0.0415714755654335,0.6571572422981262
252,thunderstorm__fsd50k__dev__242981__0034__r0.wav,thunderstorm,thunderstorm,1,13,0.7992192506790161,siren,0.13540562987327576,gunshot_gunfire,0.03361781686544418,0.0025043324567377567,0.003958336543291807,0.03361781686544418,0.13540562987327576,0.025294622406363487,0.7992192506790161
253,thunderstorm__fsd50k__dev__243757__0035__r0.wav,thunderstorm,thunderstorm,1,13,0.8471750617027283,glass_breaking,0.04518180340528488,siren,0.04411478713154793,0.013345575891435146,0.04518180340528488,0.03381551057100296,0.04411478713154793,0.016367269679903984,0.8471750617027283
254,thunderstorm__fsd50k__dev__243965__0036__r0.wav,thunderstorm,thunderstorm,1,4,0.8510805368423462,dog_bark,0.04321267455816269,gunshot_gunfire,0.033309295773506165,0.04321267455816269,0.03246378153562546,0.033309295773506165,0.017715521156787872,0.02221819944679737,0.8510805368423462
255,thunderstorm__fsd50k__dev__243968__0037__r0.wav,thunderstorm,thunderstorm,1,4,0.5045393705368042,gunshot_gunfire,0.1993449330329895,siren,0.1223025768995285,0.07424238324165344,0.04518153890967369,0.1993449330329895,0.1223025768995285,0.05438923090696335,0.5045393705368042
256,thunderstorm__fsd50k__dev__244693__0038__r0.wav,thunderstorm,thunderstorm,1,11,0.9302260875701904,gunshot_gunfire,0.02377970702946186,glass_breaking,0.022382361814379692,0.008202088065445423,0.022382361814379692,0.02377970702946186,0.00490019004791975,0.010509567335247993,0.9302260875701904
257,thunderstorm__fsd50k__dev__248110__0039__r0.wav,thunderstorm,thunderstorm,1,13,0.890286386013031,gunshot_gunfire,0.05968916788697243,siren,0.023200076073408127,0.0040987106040120125,0.009330964647233486,0.05968916788697243,0.023200076073408127,0.013394773006439209,0.890286386013031
258,thunderstorm__fsd50k__dev__253763__0040__r0.wav,thunderstorm,thunderstorm,1,13,0.9905270934104919,gunshot_gunfire,0.0048145269975066185,siren,0.0023493117187172174,0.0004695045354310423,0.0005483434651978314,0.0048145269975066185,0.0023493117187172174,0.0012911928351968527,0.9905270934104919
259,thunderstorm__fsd50k__dev__259316__0041__r0.wav,thunderstorm,thunderstorm,1,13,0.7809115648269653,siren,0.10140804201364517,gunshot_gunfire,0.0846000611782074,0.0025376048870384693,0.005713063292205334,0.0846000611782074,0.10140804201364517,0.024829668924212456,0.7809115648269653
260,thunderstorm__fsd50k__dev__29675__0042__r0.wav,thunderstorm,thunderstorm,1,13,0.7687616944313049,gunshot_gunfire,0.1471882164478302,glass_breaking,0.03263520449399948,0.006316423416137695,0.03263520449399948,0.1471882164478302,0.028583576902747154,0.016514986753463745,0.7687616944313049
261,thunderstorm__fsd50k__dev__31452__0043__r0.wav,thunderstorm,thunderstorm,1,13,0.6276021599769592,gunshot_gunfire,0.21589502692222595,glass_breaking,0.054854538291692734,0.011456127278506756,0.054854538291692734,0.21589502692222595,0.050897326320409775,0.039294805377721786,0.6276021599769592
262,thunderstorm__fsd50k__dev__328391__0044__r0.wav,thunderstorm,thunderstorm,1,13,0.7890371084213257,gunshot_gunfire,0.12547041475772858,siren,0.0454033799469471,0.007923281751573086,0.011464079841971397,0.12547041475772858,0.0454033799469471,0.020701715722680092,0.7890371084213257
263,thunderstorm__fsd50k__dev__33246__0045__r0.wav,thunderstorm,thunderstorm,1,13,0.7977715730667114,gunshot_gunfire,0.11738335341215134,siren,0.054343342781066895,0.004134988412261009,0.011738578788936138,0.11738335341215134,0.054343342781066895,0.014628126285970211,0.7977715730667114
264,thunderstorm__fsd50k__dev__341960__0046__r0.wav,thunderstorm,thunderstorm,1,4,0.9427464604377747,siren,0.0302386786788702,gunshot_gunfire,0.020941223949193954,0.00024252700677607208,0.0044244728051126,0.020941223949193954,0.0302386786788702,0.0014066565781831741,0.9427464604377747
265,thunderstorm__fsd50k__dev__344434__0047__r0.wav,thunderstorm,thunderstorm,1,13,0.9131801128387451,siren,0.06243258714675903,gunshot_gunfire,0.014192800037562847,0.0005854778573848307,0.0016921114875003695,0.014192800037562847,0.06243258714675903,0.007916871458292007,0.9131801128387451
266,thunderstorm__fsd50k__dev__344435__0048__r0.wav,thunderstorm,thunderstorm,1,13,0.7940075993537903,glass_breaking,0.10057529807090759,speech,0.0448228195309639,0.04054511338472366,0.10057529807090759,0.015831228345632553,0.004218048881739378,0.0448228195309639,0.7940075993537903
267,thunderstorm__fsd50k__dev__345920__0049__r0.wav,thunderstorm,thunderstorm,1,4,0.7199087738990784,gunshot_gunfire,0.2745935916900635,siren,0.00252472679130733,0.0002705110819078982,0.0013049999251961708,0.2745935916900635,0.00252472679130733,0.0013974353205412626,0.7199087738990784
268,thunderstorm__fsd50k__dev__359151__0050__r0.wav,thunderstorm,thunderstorm,1,13,0.968345046043396,dog_bark,0.01539146713912487,speech,0.006066880188882351,0.01539146713912487,0.002839525928720832,0.004514122381806374,0.0028430637903511524,0.006066880188882351,0.968345046043396
269,thunderstorm__fsd50k__dev__363252__0051__r0.wav,thunderstorm,thunderstorm,1,13,0.9566161632537842,gunshot_gunfire,0.018486283719539642,glass_breaking,0.012123951688408852,0.003397117368876934,0.012123951688408852,0.018486283719539642,0.005715676583349705,0.003660799702629447,0.9566161632537842
270,thunderstorm__fsd50k__dev__367510__0052__r0.wav,thunderstorm,thunderstorm,1,13,0.9062540531158447,gunshot_gunfire,0.061163824051618576,glass_breaking,0.010485903359949589,0.0035500687081366777,0.010485903359949589,0.061163824051618576,0.008675968274474144,0.009870176203548908,0.9062540531158447
271,thunderstorm__fsd50k__dev__37299__0053__r0.wav,thunderstorm,thunderstorm,1,13,0.782846987247467,gunshot_gunfire,0.1589675098657608,glass_breaking,0.023757480084896088,0.00723083782941103,0.023757480084896088,0.1589675098657608,0.012663738802075386,0.01453340519219637,0.782846987247467
272,thunderstorm__fsd50k__dev__37304__0054__r0.wav,thunderstorm,thunderstorm,1,13,0.8878796696662903,siren,0.03076176904141903,gunshot_gunfire,0.029612423852086067,0.013259931467473507,0.02821684256196022,0.029612423852086067,0.03076176904141903,0.010269294492900372,0.8878796696662903
273,thunderstorm__fsd50k__dev__375999__0055__r0.wav,thunderstorm,thunderstorm,1,13,0.868408739566803,gunshot_gunfire,0.0732244923710823,speech,0.03454343602061272,0.01869122125208378,0.002569932257756591,0.0732244923710823,0.0025622022803872824,0.03454343602061272,0.868408739566803
274,thunderstorm__fsd50k__dev__394070__0056__r0.wav,thunderstorm,thunderstorm,1,6,0.6144055128097534,gunshot_gunfire,0.2954113483428955,glass_breaking,0.04633396863937378,0.005980068352073431,0.04633396863937378,0.2954113483428955,0.027038125321269035,0.010830976068973541,0.6144055128097534
275,thunderstorm__fsd50k__dev__394071__0057__r0.wav,thunderstorm,thunderstorm,1,13,0.9289886951446533,gunshot_gunfire,0.02185804396867752,glass_breaking,0.020341409370303154,0.005813382100313902,0.020341409370303154,0.02185804396867752,0.013251900672912598,0.009746583178639412,0.9289886951446533
276,thunderstorm__fsd50k__dev__399870__0058__r0.wav,thunderstorm,thunderstorm,1,12,0.9453051090240479,gunshot_gunfire,0.030907539650797844,glass_breaking,0.01004324946552515,0.0011183045571669936,0.01004324946552515,0.030907539650797844,0.007039604242891073,0.005586122628301382,0.9453051090240479
277,thunderstorm__fsd50k__dev__414050__0059__r0.wav,thunderstorm,thunderstorm,1,13,0.958476185798645,gunshot_gunfire,0.03594987839460373,siren,0.00282274023629725,0.00037337717367336154,0.000980223761871457,0.03594987839460373,0.00282274023629725,0.0013974515022709966,0.958476185798645
