clip_id,filename,actual_class,predicted_class,correct,patch_count,top1_score,top2_class,top2_score,top3_class,top3_score,score_background_other,score_dog_bark,score_glass_breaking,score_gunshot_gunfire,score_siren,score_thunderstorm
0,dog_bark__esc50__fold_4__182395__0000__r0.wav,dog_bark,dog_bark,1,1,0.453125,gunshot_gunfire,0.2265625,background_other,0.1796875,0.1796875,0.453125,0.11328125,0.2265625,0.02734375,0.0
1,dog_bark__esc50__fold_4__183992__0001__r0.wav,dog_bark,dog_bark,1,6,0.4446614682674408,thunderstorm,0.2708333432674408,background_other,0.2200520783662796,0.2200520783662796,0.4446614682674408,0.0052083334885537624,0.03515625,0.02278645895421505,0.2708333432674408
2,dog_bark__esc50__fold_4__184575__0002__r0.wav,dog_bark,background_other,0,6,0.4908854067325592,dog_bark,0.4720052182674408,gunshot_gunfire,0.02213541604578495,0.4908854067325592,0.4720052182674408,0.011067708022892475,0.02213541604578495,0.0032552082557231188,0.0006510416860692203
3,dog_bark__esc50__fold_4__191687__0003__r0.wav,dog_bark,dog_bark,1,5,0.8492187261581421,background_other,0.10468749701976776,gunshot_gunfire,0.02109375037252903,0.10468749701976776,0.8492187261581421,0.014843749813735485,0.02109375037252903,0.00937500037252903,0.0
4,dog_bark__esc50__fold_4__192236__0004__r0.wav,dog_bark,dog_bark,1,6,0.7604166865348816,background_other,0.1998697966337204,siren,0.02213541604578495,0.1998697966337204,0.7604166865348816,0.0065104165114462376,0.005859375,0.02213541604578495,0.0045572915114462376
5,dog_bark__esc50__fold_4__194754__0005__r0.wav,dog_bark,background_other,0,6,0.5065104365348816,thunderstorm,0.1868489533662796,dog_bark,0.181640625,0.5065104365348816,0.181640625,0.010416666977107525,0.0533854179084301,0.0598958320915699,0.1868489533662796
6,dog_bark__esc50__fold_4__199261__0006__r0.wav,dog_bark,background_other,0,6,0.5208333134651184,dog_bark,0.380859375,siren,0.0364583320915699,0.5208333134651184,0.380859375,0.013671875,0.03059895895421505,0.0364583320915699,0.017578125
7,dog_bark__esc50__fold_4__207124__0007__r0.wav,dog_bark,dog_bark,1,6,0.5846354365348816,background_other,0.3990885317325592,siren,0.008463541977107525,0.3990885317325592,0.5846354365348816,0.0006510416860692203,0.0071614584885537624,0.008463541977107525,0.0
8,dog_bark__fsd50k__dev__107190__0008__r0.wav,dog_bark,dog_bark,1,1,0.5546875,background_other,0.44140625,siren,0.00390625,0.44140625,0.5546875,0.0,0.0,0.00390625,0.0
9,dog_bark__fsd50k__dev__108631__0009__r0.wav,dog_bark,background_other,0,13,0.3930288553237915,thunderstorm,0.3272235691547394,siren,0.21814903616905212,0.3930288553237915,0.011418269015848637,0.00390625,0.04627403989434242,0.21814903616905212,0.3272235691547394
10,dog_bark__fsd50k__dev__116400__0010__r0.wav,dog_bark,dog_bark,1,13,0.5525841116905212,background_other,0.2944711446762085,gunshot_gunfire,0.059795673936605453,0.2944711446762085,0.5525841116905212,0.026442307978868484,0.059795673936605453,0.012920673005282879,0.05258413404226303
11,dog_bark__fsd50k__dev__11722__0011__r0.wav,dog_bark,dog_bark,1,2,0.419921875,background_other,0.35546875,glass_breaking,0.16796875,0.35546875,0.419921875,0.16796875,0.005859375,0.0546875,0.0
12,dog_bark__fsd50k__dev__117271__0012__r0.wav,dog_bark,dog_bark,1,13,0.803786039352417,background_other,0.18960335850715637,siren,0.005408653989434242,0.18960335850715637,0.803786039352417,0.0,0.0012019231216982007,0.005408653989434242,0.0
13,dog_bark__fsd50k__dev__119420__0013__r0.wav,dog_bark,dog_bark,1,9,0.5355902910232544,background_other,0.2504340410232544,thunderstorm,0.0811631977558136,0.2504340410232544,0.5355902910232544,0.02864583395421505,0.02473958395421505,0.0798611119389534,0.0811631977558136
14,dog_bark__fsd50k__dev__121888__0014__r0.wav,dog_bark,dog_bark,1,1,0.609375,background_other,0.38671875,gunshot_gunfire,0.00390625,0.38671875,0.609375,0.0,0.00390625,0.0,0.0
15,dog_bark__fsd50k__dev__128042__0015__r0.wav,dog_bark,dog_bark,1,8,0.47265625,background_other,0.31884765625,glass_breaking,0.1181640625,0.31884765625,0.47265625,0.1181640625,0.03369140625,0.03369140625,0.02392578125
16,dog_bark__fsd50k__dev__128891__0016__r0.wav,dog_bark,background_other,0,13,0.5090144276618958,dog_bark,0.20282451808452606,thunderstorm,0.09525240212678909,0.5090144276618958,0.20282451808452606,0.09014423191547394,0.04477163404226303,0.05919471010565758,0.09525240212678909
17,dog_bark__fsd50k__dev__131258__0017__r0.wav,dog_bark,background_other,0,13,0.3804086446762085,thunderstorm,0.22085335850715637,siren,0.20973557233810425,0.3804086446762085,0.07662259787321091,0.08413461595773697,0.027944711968302727,0.20973557233810425,0.22085335850715637
18,dog_bark__fsd50k__dev__142641__0018__r0.wav,dog_bark,background_other,0,2,0.77734375,thunderstorm,0.08984375,gunshot_gunfire,0.0703125,0.77734375,0.0,0.009765625,0.0703125,0.052734375,0.08984375
19,dog_bark__fsd50k__dev__144028__0019__r0.wav,dog_bark,dog_bark,1,13,0.62890625,background_other,0.28695914149284363,glass_breaking,0.042067307978868484,0.28695914149284363,0.62890625,0.042067307978868484,0.016526442021131516,0.008112980984151363,0.016225961968302727
20,dog_bark__fsd50k__dev__146343__0020__r0.wav,dog_bark,dog_bark,1,8,0.5625,background_other,0.353515625,thunderstorm,0.0244140625,0.353515625,0.5625,0.02001953125,0.0146484375,0.02392578125,0.0244140625
21,dog_bark__fsd50k__dev__147672__0021__r0.wav,dog_bark,background_other,0,5,0.4359374940395355,glass_breaking,0.3179687559604645,gunshot_gunfire,0.15390625596046448,0.4359374940395355,0.06093750149011612,0.3179687559604645,0.15390625596046448,0.012500000186264515,0.01718750037252903
22,dog_bark__fsd50k__dev__157950__0022__r0.wav,dog_bark,dog_bark,1,1,0.55078125,background_other,0.4375,siren,0.0078125,0.4375,0.55078125,0.0,0.0,0.0078125,0.0
23,dog_bark__fsd50k__dev__162148__0023__r0.wav,dog_bark,dog_bark,1,1,0.6640625,background_other,0.296875,glass_breaking,0.03125,0.296875,0.6640625,0.03125,0.00390625,0.0078125,0.0
24,dog_bark__fsd50k__dev__167487__0024__r0.wav,dog_bark,thunderstorm,0,9,0.5008680820465088,background_other,0.2934027910232544,gunshot_gunfire,0.0846354141831398,0.2934027910232544,0.02690972201526165,0.0256076380610466,0.0846354141831398,0.0681423619389534,0.5008680820465088
25,dog_bark__fsd50k__dev__170015__0025__r0.wav,dog_bark,dog_bark,1,3,0.4244791567325592,background_other,0.2838541567325592,glass_breaking,0.2174479216337204,0.2838541567325592,0.4244791567325592,0.2174479216337204,0.05859375,0.0052083334885537624,0.0078125
26,dog_bark__fsd50k__dev__178118__0026__r0.wav,dog_bark,thunderstorm,0,13,0.6893028616905212,siren,0.12169471383094788,background_other,0.10576923191547394,0.10576923191547394,0.0003004807804245502,0.0,0.08173076808452606,0.12169471383094788,0.6893028616905212
27,dog_bark__fsd50k__dev__180052__0027__r0.wav,dog_bark,dog_bark,1,13,0.6628605723381042,background_other,0.18359375,thunderstorm,0.11177884787321091,0.18359375,0.6628605723381042,0.010216346010565758,0.016826923936605453,0.014423076994717121,0.11177884787321091
28,dog_bark__fsd50k__dev__182395__0028__r0.wav,dog_bark,dog_bark,1,1,0.91015625,background_other,0.08203125,siren,0.00390625,0.08203125,0.91015625,0.00390625,0.00390625,0.00390625,0.0
29,dog_bark__fsd50k__dev__184880__0029__r0.wav,dog_bark,thunderstorm,0,10,0.392578125,background_other,0.345703125,glass_breaking,0.15078124403953552,0.345703125,0.01132812537252903,0.15078124403953552,0.09726562350988388,0.0027343749534338713,0.392578125
30,dog_bark__fsd50k__dev__196127__0030__r0.wav,dog_bark,dog_bark,1,13,0.5006009340286255,background_other,0.34585335850715637,gunshot_gunfire,0.08293269574642181,0.34585335850715637,0.5006009340286255,0.04266826808452606,0.08293269574642181,0.020432692021131516,0.0072115384973585606
31,dog_bark__fsd50k__dev__211548__0031__r0.wav,dog_bark,dog_bark,1,1,0.96875,background_other,0.03125,thunderstorm,0.0,0.03125,0.96875,0.0,0.0,0.0,0.0
32,dog_bark__fsd50k__dev__220901__0032__r0.wav,dog_bark,background_other,0,13,0.5652043223381042,dog_bark,0.39332932233810425,glass_breaking,0.01953125,0.5652043223381042,0.39332932233810425,0.01953125,0.007512019015848637,0.0078125,0.006310096010565758
33,dog_bark__fsd50k__dev__220904__0033__r0.wav,dog_bark,background_other,0,1,0.51171875,dog_bark,0.32421875,siren,0.14453125,0.51171875,0.32421875,0.0,0.015625,0.14453125,0.00390625
34,dog_bark__fsd50k__dev__221207__0034__r0.wav,dog_bark,background_other,0,4,0.6787109375,dog_bark,0.291015625,gunshot_gunfire,0.0166015625,0.6787109375,0.291015625,0.001953125,0.0166015625,0.0087890625,0.001953125
35,dog_bark__fsd50k__dev__232271__0035__r0.wav,dog_bark,background_other,0,11,0.47372159361839294,siren,0.21342329680919647,thunderstorm,0.20667614042758942,0.47372159361839294,0.055397726595401764,0.031960226595401764,0.01953125,0.21342329680919647,0.20667614042758942
36,dog_bark__fsd50k__dev__235913__0036__r0.wav,dog_bark,background_other,0,5,0.5,dog_bark,0.2679687440395355,glass_breaking,0.10312499850988388,0.5,0.2679687440395355,0.10312499850988388,0.05546874925494194,0.02187499962747097,0.05078125
37,dog_bark__fsd50k__dev__236967__0037__r0.wav,dog_bark,dog_bark,1,1,0.86328125,background_other,0.109375,gunshot_gunfire,0.0234375,0.109375,0.86328125,0.0078125,0.0234375,0.0,0.0
38,dog_bark__fsd50k__dev__244469__0038__r0.wav,dog_bark,dog_bark,1,13,0.5357571840286255,background_other,0.2983773946762085,gunshot_gunfire,0.07932692021131516,0.2983773946762085,0.5357571840286255,0.03185096010565758,0.07932692021131516,0.006009615492075682,0.047776442021131516
39,dog_bark__fsd50k__dev__261286__0039__r0.wav,dog_bark,dog_bark,1,6,0.44140625,background_other,0.3639322817325592,glass_breaking,0.0950520858168602,0.3639322817325592,0.44140625,0.0950520858168602,0.0403645820915699,0.0065104165114462376,0.0533854179084301
40,dog_bark__fsd50k__dev__264332__0040__r0.wav,dog_bark,dog_bark,1,7,0.5792410969734192,background_other,0.3671875,gunshot_gunfire,0.0318080373108387,0.3671875,0.5792410969734192,0.010044642724096775,0.0318080373108387,0.010602678172290325,0.0011160714784637094
41,dog_bark__fsd50k__dev__266603__0041__r0.wav,dog_bark,dog_bark,1,13,0.7926682829856873,background_other,0.18269230425357819,siren,0.01171875,0.18269230425357819,0.7926682829856873,0.010216346010565758,0.0015024038730189204,0.01171875,0.0
42,dog_bark__fsd50k__dev__327138__0042__r0.wav,dog_bark,background_other,0,13,0.5294471383094788,dog_bark,0.18780048191547394,thunderstorm,0.1313100904226303,0.5294471383094788,0.18780048191547394,0.010817307978868484,0.03575721010565758,0.10396634787321091,0.1313100904226303
43,dog_bark__fsd50k__dev__348332__0043__r0.wav,dog_bark,dog_bark,1,3,0.8619791865348816,background_other,0.1315104216337204,gunshot_gunfire,0.0026041667442768812,0.1315104216337204,0.8619791865348816,0.0,0.0026041667442768812,0.0013020833721384406,0.0
44,dog_bark__fsd50k__dev__34872__0044__r0.wav,dog_bark,dog_bark,1,12,0.6005859375,background_other,0.3704427182674408,glass_breaking,0.013020833022892475,0.3704427182674408,0.6005859375,0.013020833022892475,0.008138020522892475,0.0068359375,0.0006510416860692203
45,dog_bark__fsd50k__dev__35296__0045__r0.wav,dog_bark,siren,0,13,0.42698317766189575,thunderstorm,0.32632210850715637,background_other,0.20372596383094788,0.20372596383094788,0.014122596010565758,0.005408653989434242,0.02524038404226303,0.42698317766189575,0.32632210850715637
46,dog_bark__fsd50k__dev__360411__0046__r0.wav,dog_bark,dog_bark,1,13,0.4837740361690521,background_other,0.27373796701431274,thunderstorm,0.08653846383094788,0.27373796701431274,0.4837740361690521,0.07542067021131516,0.045673076063394547,0.034254807978868484,0.08653846383094788
47,dog_bark__fsd50k__dev__364662__0047__r0.wav,dog_bark,background_other,0,13,0.4873798191547394,dog_bark,0.34795671701431274,thunderstorm,0.06189903989434242,0.4873798191547394,0.34795671701431274,0.034254807978868484,0.010516826994717121,0.057391826063394547,0.06189903989434242
48,dog_bark__fsd50k__dev__365089__0048__r0.wav,dog_bark,dog_bark,1,10,0.596484363079071,background_other,0.3480468690395355,gunshot_gunfire,0.01953125,0.3480468690395355,0.596484363079071,0.017578125,0.01953125,0.009765625,0.00937500037252903
49,dog_bark__fsd50k__dev__36902__0049__r0.wav,dog_bark,dog_bark,1,7,0.6958705186843872,background_other,0.2516741156578064,siren,0.0446428582072258,0.2516741156578064,0.6958705186843872,0.0066964286379516125,0.0005580357392318547,0.0446428582072258,0.0
50,dog_bark__fsd50k__dev__369648__0050__r0.wav,dog_bark,dog_bark,1,4,0.3974609375,background_other,0.328125,siren,0.251953125,0.328125,0.3974609375,0.0068359375,0.0029296875,0.251953125,0.01171875
51,dog_bark__fsd50k__dev__370714__0051__r0.wav,dog_bark,background_other,0,13,0.7857571840286255,dog_bark,0.16045673191547394,siren,0.018028846010565758,0.7857571840286255,0.16045673191547394,0.01592548005282879,0.013521634973585606,0.018028846010565758,0.006610576994717121
52,dog_bark__fsd50k__dev__379531__0052__r0.wav,dog_bark,dog_bark,1,13,0.43780046701431274,background_other,0.2860576808452606,glass_breaking,0.10847355425357819,0.2860576808452606,0.43780046701431274,0.10847355425357819,0.05408653989434242,0.016225961968302727,0.09675480425357819
53,dog_bark__fsd50k__dev__381434__0053__r0.wav,dog_bark,background_other,0,6,0.4720052182674408,dog_bark,0.375,siren,0.14453125,0.4720052182674408,0.375,0.0,0.0045572915114462376,0.14453125,0.0026041667442768812
54,dog_bark__fsd50k__dev__381692__0054__r0.wav,dog_bark,thunderstorm,0,13,0.612379789352417,background_other,0.2436899095773697,dog_bark,0.049879807978868484,0.2436899095773697,0.049879807978868484,0.007512019015848637,0.04326923191547394,0.04146634787321091,0.612379789352417
55,dog_bark__fsd50k__dev__381799__0055__r0.wav,dog_bark,dog_bark,1,1,0.953125,background_other,0.0390625,gunshot_gunfire,0.0078125,0.0390625,0.953125,0.0,0.0078125,0.0,0.0
56,dog_bark__fsd50k__dev__389254__0056__r0.wav,dog_bark,dog_bark,1,2,0.787109375,background_other,0.208984375,siren,0.00390625,0.208984375,0.787109375,0.0,0.0,0.00390625,0.0
57,dog_bark__fsd50k__dev__398724__0057__r0.wav,dog_bark,background_other,0,6,0.453125,gunshot_gunfire,0.1770833283662796,dog_bark,0.173828125,0.453125,0.173828125,0.1647135466337204,0.1770833283662796,0.02994791604578495,0.0
58,dog_bark__fsd50k__dev__400576__0058__r0.wav,dog_bark,dog_bark,1,12,0.4287109375,background_other,0.40625,glass_breaking,0.10546875,0.40625,0.4287109375,0.10546875,0.03092447854578495,0.009765625,0.01888020895421505
59,dog_bark__fsd50k__dev__404233__0059__r0.wav,dog_bark,dog_bark,1,1,0.73046875,background_other,0.18359375,gunshot_gunfire,0.05078125,0.18359375,0.73046875,0.02734375,0.05078125,0.01171875,0.0
60,glass_breaking__esc50__fold_4__204115__0000__r0.wav,glass_breaking,glass_breaking,1,1,0.80859375,background_other,0.14453125,dog_bark,0.02734375,0.14453125,0.02734375,0.80859375,0.015625,0.00390625,0.0
61,glass_breaking__esc50__fold_4__204119__0001__r0.wav,glass_breaking,glass_breaking,1,1,0.70703125,background_other,0.19921875,gunshot_gunfire,0.0625,0.19921875,0.02734375,0.70703125,0.0625,0.00390625,0.0
62,glass_breaking__esc50__fold_4__204121__0002__r0.wav,glass_breaking,glass_breaking,1,2,0.49609375,background_other,0.26171875,gunshot_gunfire,0.13671875,0.26171875,0.025390625,0.49609375,0.13671875,0.0078125,0.072265625
63,glass_breaking__esc50__fold_4__204123__0003__r0.wav,glass_breaking,background_other,0,2,0.39453125,glass_breaking,0.369140625,gunshot_gunfire,0.115234375,0.39453125,0.095703125,0.369140625,0.115234375,0.01953125,0.0078125
64,glass_breaking__esc50__fold_4__204777__0004__r0.wav,glass_breaking,glass_breaking,1,6,0.7916666865348816,background_other,0.166015625,gunshot_gunfire,0.03515625,0.166015625,0.0013020833721384406,0.7916666865348816,0.03515625,0.005859375,0.0
65,glass_breaking__esc50__fold_4__204777__0005__r0.wav,glass_breaking,glass_breaking,1,6,0.4348958432674408,background_other,0.28125,gunshot_gunfire,0.2565104067325592,0.28125,0.015625,0.4348958432674408,0.2565104067325592,0.0032552082557231188,0.008463541977107525
66,glass_breaking__esc50__fold_4__204777__0006__r0.wav,glass_breaking,glass_breaking,1,4,0.40625,background_other,0.3720703125,gunshot_gunfire,0.1669921875,0.3720703125,0.01171875,0.40625,0.1669921875,0.041015625,0.0
67,glass_breaking__esc50__fold_4__212698__0007__r0.wav,glass_breaking,glass_breaking,1,2,0.3671875,background_other,0.328125,gunshot_gunfire,0.2734375,0.328125,0.005859375,0.3671875,0.2734375,0.001953125,0.0234375
68,glass_breaking__fsd50k__dev__100021__0008__r0.wav,glass_breaking,glass_breaking,1,1,0.62109375,background_other,0.34765625,gunshot_gunfire,0.0234375,0.34765625,0.00390625,0.62109375,0.0234375,0.00390625,0.0
69,glass_breaking__fsd50k__dev__109754__0009__r0.wav,glass_breaking,background_other,0,1,0.6640625,glass_breaking,0.2109375,dog_bark,0.10546875,0.6640625,0.10546875,0.2109375,0.0,0.015625,0.0
70,glass_breaking__fsd50k__dev__115916__0010__r0.wav,glass_breaking,thunderstorm,0,10,0.42656248807907104,background_other,0.21367187798023224,gunshot_gunfire,0.16718749701976776,0.21367187798023224,0.02304687537252903,0.14882811903953552,0.16718749701976776,0.02109375037252903,0.42656248807907104
71,glass_breaking__fsd50k__dev__115922__0011__r0.wav,glass_breaking,background_other,0,13,0.37469953298568726,glass_breaking,0.20222355425357819,thunderstorm,0.15564903616905212,0.37469953298568726,0.10546875,0.20222355425357819,0.12890625,0.03365384787321091,0.15564903616905212
72,glass_breaking__fsd50k__dev__118515__0012__r0.wav,glass_breaking,glass_breaking,1,1,0.3984375,gunshot_gunfire,0.31640625,background_other,0.28125,0.28125,0.0,0.3984375,0.31640625,0.0,0.0
73,glass_breaking__fsd50k__dev__120527__0013__r0.wav,glass_breaking,background_other,0,5,0.7007812261581421,glass_breaking,0.24687500298023224,dog_bark,0.01875000074505806,0.7007812261581421,0.01875000074505806,0.24687500298023224,0.007031249813735485,0.01171875,0.014843749813735485
74,glass_breaking__fsd50k__dev__126465__0014__r0.wav,glass_breaking,glass_breaking,1,13,0.840745210647583,background_other,0.15294471383094788,dog_bark,0.0033052884973585606,0.15294471383094788,0.0033052884973585606,0.840745210647583,0.003004807746037841,0.0006009615608491004,0.0003004807804245502
75,glass_breaking__fsd50k__dev__127543__0015__r0.wav,glass_breaking,glass_breaking,1,1,0.55078125,background_other,0.24609375,gunshot_gunfire,0.1953125,0.24609375,0.00390625,0.55078125,0.1953125,0.0,0.0
76,glass_breaking__fsd50k__dev__131879__0016__r0.wav,glass_breaking,glass_breaking,1,4,0.6767578125,background_other,0.27734375,dog_bark,0.0205078125,0.27734375,0.0205078125,0.6767578125,0.0087890625,0.0029296875,0.013671875
77,glass_breaking__fsd50k__dev__132918__0017__r0.wav,glass_breaking,background_other,0,5,0.675000011920929,dog_bark,0.24296875298023224,siren,0.046875,0.675000011920929,0.24296875298023224,0.03359375149011612,0.0,0.046875,0.0
78,glass_breaking__fsd50k__dev__135039__0018__r0.wav,glass_breaking,glass_breaking,1,1,0.55078125,background_other,0.34765625,gunshot_gunfire,0.078125,0.34765625,0.00390625,0.55078125,0.078125,0.015625,0.0
79,glass_breaking__fsd50k__dev__144321__0019__r0.wav,glass_breaking,glass_breaking,1,2,0.78515625,background_other,0.197265625,gunshot_gunfire,0.0078125,0.197265625,0.005859375,0.78515625,0.0078125,0.00390625,0.0
80,glass_breaking__fsd50k__dev__145209__0020__r0.wav,glass_breaking,glass_breaking,1,13,0.4170673191547394,gunshot_gunfire,0.34945914149284363,background_other,0.20703125,0.20703125,0.02373798005282879,0.4170673191547394,0.34945914149284363,0.0003004807804245502,0.0009014423121698201
81,glass_breaking__fsd50k__dev__147867__0021__r0.wav,glass_breaking,glass_breaking,1,1,0.921875,background_other,0.07421875,thunderstorm,0.0,0.07421875,0.0,0.921875,0.0,0.0,0.0
82,glass_breaking__fsd50k__dev__156031__0022__r0.wav,glass_breaking,thunderstorm,0,9,0.4583333432674408,background_other,0.2764756977558136,gunshot_gunfire,0.1597222238779068,0.2764756977558136,0.0147569440305233,0.0403645820915699,0.1597222238779068,0.0499131940305233,0.4583333432674408
83,glass_breaking__fsd50k__dev__159197__0023__r0.wav,glass_breaking,glass_breaking,1,9,0.6870659589767456,background_other,0.2795138955116272,siren,0.015625,0.2795138955116272,0.0125868059694767,0.6870659589767456,0.0047743055038154125,0.015625,0.0008680555620230734
84,glass_breaking__fsd50k__dev__161309__0024__r0.wav,glass_breaking,glass_breaking,1,2,0.6796875,background_other,0.162109375,gunshot_gunfire,0.138671875,0.162109375,0.0078125,0.6796875,0.138671875,0.0,0.01171875
85,glass_breaking__fsd50k__dev__162169__0025__r0.wav,glass_breaking,glass_breaking,1,1,0.66796875,background_other,0.265625,gunshot_gunfire,0.05859375,0.265625,0.0078125,0.66796875,0.05859375,0.0,0.0
86,glass_breaking__fsd50k__dev__163364__0026__r0.wav,glass_breaking,glass_breaking,1,13,0.7512019276618958,gunshot_gunfire,0.12229567021131516,background_other,0.11778846383094788,0.11778846383094788,0.004807692486792803,0.7512019276618958,0.12229567021131516,0.0036057692486792803,0.0003004807804245502
87,glass_breaking__fsd50k__dev__178178__0027__r0.wav,glass_breaking,glass_breaking,1,2,0.78515625,background_other,0.13671875,siren,0.060546875,0.13671875,0.0078125,0.78515625,0.0078125,0.060546875,0.0
88,glass_breaking__fsd50k__dev__181716__0028__r0.wav,glass_breaking,glass_breaking,1,8,0.919921875,background_other,0.0673828125,dog_bark,0.005859375,0.0673828125,0.005859375,0.919921875,0.00439453125,0.0029296875,0.00048828125
89,glass_breaking__fsd50k__dev__182510__0029__r0.wav,glass_breaking,glass_breaking,1,13,0.7046273946762085,background_other,0.25510817766189575,dog_bark,0.018329326063394547,0.25510817766189575,0.018329326063394547,0.7046273946762085,0.006610576994717121,0.007512019015848637,0.0078125
90,glass_breaking__fsd50k__dev__199906__0030__r0.wav,glass_breaking,glass_breaking,1,1,0.95703125,background_other,0.0390625,gunshot_gunfire,0.00390625,0.0390625,0.0,0.95703125,0.00390625,0.0,0.0
91,glass_breaking__fsd50k__dev__202093__0031__r0.wav,glass_breaking,glass_breaking,1,1,0.859375,background_other,0.109375,gunshot_gunfire,0.02734375,0.109375,0.00390625,0.859375,0.02734375,0.0,0.0
92,glass_breaking__fsd50k__dev__204777__0032__r0.wav,glass_breaking,glass_breaking,1,13,0.6403245329856873,background_other,0.2758413553237915,gunshot_gunfire,0.06430288404226303,0.2758413553237915,0.008112980984151363,0.6403245329856873,0.06430288404226303,0.005108173005282879,0.006009615492075682
93,glass_breaking__fsd50k__dev__208696__0033__r0.wav,glass_breaking,background_other,0,6,0.4342447817325592,glass_breaking,0.2779947817325592,gunshot_gunfire,0.1744791716337204,0.4342447817325592,0.0065104165114462376,0.2779947817325592,0.1744791716337204,0.0013020833721384406,0.1041666641831398
94,glass_breaking__fsd50k__dev__212698__0034__r0.wav,glass_breaking,glass_breaking,1,2,0.4375,background_other,0.296875,gunshot_gunfire,0.234375,0.296875,0.005859375,0.4375,0.234375,0.001953125,0.025390625
95,glass_breaking__fsd50k__dev__2139__0035__r0.wav,glass_breaking,glass_breaking,1,1,0.55078125,background_other,0.390625,gunshot_gunfire,0.02734375,0.390625,0.00390625,0.55078125,0.02734375,0.01171875,0.0234375
96,glass_breaking__fsd50k__dev__216001__0036__r0.wav,glass_breaking,background_other,0,13,0.5760216116905212,thunderstorm,0.30588942766189575,glass_breaking,0.03665865212678909,0.5760216116905212,0.009915865026414394,0.03665865212678909,0.036358173936605453,0.03545673191547394,0.30588942766189575
97,glass_breaking__fsd50k__dev__220959__0037__r0.wav,glass_breaking,glass_breaking,1,13,0.5952523946762085,background_other,0.2554086446762085,gunshot_gunfire,0.08143028616905212,0.2554086446762085,0.024939903989434242,0.5952523946762085,0.08143028616905212,0.003004807746037841,0.0390625
98,glass_breaking__fsd50k__dev__223552__0038__r0.wav,glass_breaking,glass_breaking,1,1,0.484375,gunshot_gunfire,0.4296875,background_other,0.078125,0.078125,0.0,0.484375,0.4296875,0.0,0.0078125
99,glass_breaking__fsd50k__dev__233381__0039__r0.wav,glass_breaking,background_other,0,1,0.40234375,glass_breaking,0.3203125,gunshot_gunfire,0.16015625,0.40234375,0.08984375,0.3203125,0.16015625,0.0234375,0.0
100,glass_breaking__fsd50k__dev__233586__0040__r0.wav,glass_breaking,glass_breaking,1,9,0.8394097089767456,background_other,0.1584201455116272,gunshot_gunfire,0.002170138992369175,0.1584201455116272,0.0,0.8394097089767456,0.002170138992369175,0.0,0.0
101,glass_breaking__fsd50k__dev__238409__0041__r0.wav,glass_breaking,glass_breaking,1,9,0.9796006679534912,background_other,0.01953125,thunderstorm,0.0,0.01953125,0.0,0.9796006679534912,0.0,0.0,0.0
102,glass_breaking__fsd50k__dev__240785__0042__r0.wav,glass_breaking,glass_breaking,1,1,0.74609375,background_other,0.2109375,gunshot_gunfire,0.03515625,0.2109375,0.0078125,0.74609375,0.03515625,0.0,0.0
103,glass_breaking__fsd50k__dev__244238__0043__r0.wav,glass_breaking,glass_breaking,1,1,0.6953125,background_other,0.27734375,gunshot_gunfire,0.0234375,0.27734375,0.0,0.6953125,0.0234375,0.0,0.0
104,glass_breaking__fsd50k__dev__244925__0044__r0.wav,glass_breaking,background_other,0,13,0.6325120329856873,glass_breaking,0.23016826808452606,gunshot_gunfire,0.05919471010565758,0.6325120329856873,0.026742788031697273,0.23016826808452606,0.05919471010565758,0.003004807746037841,0.04837740212678909
105,glass_breaking__fsd50k__dev__245410__0045__r0.wav,glass_breaking,glass_breaking,1,3,0.7265625,background_other,0.2356770783662796,gunshot_gunfire,0.02473958395421505,0.2356770783662796,0.0065104165114462376,0.7265625,0.02473958395421505,0.0013020833721384406,0.0026041667442768812
106,glass_breaking__fsd50k__dev__249873__0046__r0.wav,glass_breaking,glass_breaking,1,1,0.5390625,gunshot_gunfire,0.37890625,background_other,0.07421875,0.07421875,0.00390625,0.5390625,0.37890625,0.0,0.0
107,glass_breaking__fsd50k__dev__249874__0047__r0.wav,glass_breaking,glass_breaking,1,1,0.6015625,gunshot_gunfire,0.33984375,background_other,0.0546875,0.0546875,0.00390625,0.6015625,0.33984375,0.0,0.0
108,glass_breaking__fsd50k__dev__255208__0048__r0.wav,glass_breaking,background_other,0,4,0.484375,dog_bark,0.2734375,glass_breaking,0.201171875,0.484375,0.2734375,0.201171875,0.0322265625,0.005859375,0.0
109,glass_breaking__fsd50k__dev__260432__0049__r0.wav,glass_breaking,glass_breaking,1,1,0.85546875,background_other,0.13671875,gunshot_gunfire,0.0078125,0.13671875,0.0,0.85546875,0.0078125,0.0,0.0
110,glass_breaking__fsd50k__dev__260433__0050__r0.wav,glass_breaking,glass_breaking,1,1,0.96875,background_other,0.03125,thunderstorm,0.0,0.03125,0.0,0.96875,0.0,0.0,0.0
111,glass_breaking__fsd50k__dev__260434__0051__r0.wav,glass_breaking,glass_breaking,1,1,0.9921875,background_other,0.0078125,thunderstorm,0.0,0.0078125,0.0,0.9921875,0.0,0.0,0.0
112,glass_breaking__fsd50k__dev__272065__0052__r0.wav,glass_breaking,glass_breaking,1,2,0.970703125,background_other,0.02734375,gunshot_gunfire,0.001953125,0.02734375,0.0,0.970703125,0.001953125,0.0,0.0
113,glass_breaking__fsd50k__dev__272489__0053__r0.wav,glass_breaking,glass_breaking,1,2,0.720703125,background_other,0.1484375,gunshot_gunfire,0.11328125,0.1484375,0.005859375,0.720703125,0.11328125,0.001953125,0.0078125
114,glass_breaking__fsd50k__dev__273647__0054__r0.wav,glass_breaking,glass_breaking,1,3,0.7044270634651184,background_other,0.1875,gunshot_gunfire,0.0924479141831398,0.1875,0.0026041667442768812,0.7044270634651184,0.0924479141831398,0.0013020833721384406,0.01171875
115,glass_breaking__fsd50k__dev__276938__0055__r0.wav,glass_breaking,glass_breaking,1,2,0.6015625,background_other,0.267578125,gunshot_gunfire,0.0625,0.267578125,0.025390625,0.6015625,0.0625,0.00390625,0.041015625
116,glass_breaking__fsd50k__dev__276939__0056__r0.wav,glass_breaking,glass_breaking,1,2,0.80859375,background_other,0.171875,gunshot_gunfire,0.015625,0.171875,0.00390625,0.80859375,0.015625,0.0,0.0
117,glass_breaking__fsd50k__dev__321143__0057__r0.wav,glass_breaking,glass_breaking,1,4,0.607421875,background_other,0.19921875,gunshot_gunfire,0.1328125,0.19921875,0.0126953125,0.607421875,0.1328125,0.0048828125,0.0439453125
118,glass_breaking__fsd50k__dev__326422__0058__r0.wav,glass_breaking,glass_breaking,1,6,0.5045573115348816,background_other,0.2330729216337204,gunshot_gunfire,0.171875,0.2330729216337204,0.01627604104578495,0.5045573115348816,0.171875,0.0065104165114462376,0.0677083358168602
119,glass_breaking__fsd50k__dev__326669__0059__r0.wav,glass_breaking,glass_breaking,1,2,0.9609375,background_other,0.03515625,siren,0.001953125,0.03515625,0.0,0.9609375,0.001953125,0.001953125,0.0
120,gunshot_gunfire__fsd50k__dev__100465__0000__r0.wav,gunshot_gunfire,gunshot_gunfire,1,1,0.828125,dog_bark,0.1171875,background_other,0.03125,0.03125,0.1171875,0.01953125,0.828125,0.0,0.0
121,gunshot_gunfire__fsd50k__dev__115295__0001__r0.wav,gunshot_gunfire,gunshot_gunfire,1,1,0.9921875,background_other,0.00390625,thunderstorm,0.0,0.00390625,0.0,0.0,0.9921875,0.0,0.0
122,gunshot_gunfire__fsd50k__dev__128979__0002__r0.wav,gunshot_gunfire,gunshot_gunfire,1,2,0.56640625,background_other,0.3671875,glass_breaking,0.037109375,0.3671875,0.009765625,0.037109375,0.56640625,0.005859375,0.009765625
123,gunshot_gunfire__fsd50k__dev__128981__0003__r0.wav,gunshot_gunfire,gunshot_gunfire,1,13,0.6331129670143127,background_other,0.21995192766189575,thunderstorm,0.07662259787321091,0.21995192766189575,0.0072115384973585606,0.05709134787321091,0.6331129670143127,0.006009615492075682,0.07662259787321091
124,gunshot_gunfire__fsd50k__dev__137034__0004__r0.wav,gunshot_gunfire,gunshot_gunfire,1,2,0.818359375,background_other,0.130859375,glass_breaking,0.02734375,0.130859375,0.0,0.02734375,0.818359375,0.0078125,0.017578125
125,gunshot_gunfire__fsd50k__dev__138679__0005__r0.wav,gunshot_gunfire,glass_breaking,0,1,0.34375,glass_breaking,0.34375,background_other,0.3046875,0.3046875,0.00390625,0.34375,0.34375,0.00390625,0.0
126,gunshot_gunfire__fsd50k__dev__146323__0006__r0.wav,gunshot_gunfire,gunshot_gunfire,1,2,0.59375,glass_breaking,0.232421875,background_other,0.1640625,0.1640625,0.00390625,0.232421875,0.59375,0.00390625,0.0
127,gunshot_gunfire__fsd50k__dev__147317__0007__r0.wav,gunshot_gunfire,gunshot_gunfire,1,1,0.9140625,background_other,0.05078125,glass_breaking,0.01953125,0.05078125,0.0,0.01953125,0.9140625,0.0,0.015625
128,gunshot_gunfire__fsd50k__dev__147901__0008__r0.wav,gunshot_gunfire,gunshot_gunfire,1,1,0.84375,background_other,0.09375,glass_breaking,0.046875,0.09375,0.0078125,0.046875,0.84375,0.0,0.00390625
129,gunshot_gunfire__fsd50k__dev__148166__0009__r0.wav,gunshot_gunfire,background_other,0,1,0.78125,thunderstorm,0.08984375,gunshot_gunfire,0.078125,0.78125,0.0234375,0.01171875,0.078125,0.015625,0.08984375
130,gunshot_gunfire__fsd50k__dev__149177__0010__r0.wav,gunshot_gunfire,gunshot_gunfire,1,1,0.7421875,background_other,0.1875,thunderstorm,0.05859375,0.1875,0.00390625,0.0078125,0.7421875,0.00390625,0.05859375
131,gunshot_gunfire__fsd50k__dev__150139__0011__r0.wav,gunshot_gunfire,gunshot_gunfire,1,2,0.96484375,background_other,0.0234375,thunderstorm,0.0078125,0.0234375,0.0,0.001953125,0.96484375,0.001953125,0.0078125
132,gunshot_gunfire__fsd50k__dev__155654__0012__r0.wav,gunshot_gunfire,background_other,0,5,0.3414062559604645,glass_breaking,0.23359374701976776,gunshot_gunfire,0.23281249403953552,0.3414062559604645,0.03593749925494194,0.23359374701976776,0.23281249403953552,0.0054687499068677425,0.15156249701976776
133,gunshot_gunfire__fsd50k__dev__155790__0013__r0.wav,gunshot_gunfire,gunshot_gunfire,1,2,0.7890625,thunderstorm,0.14453125,background_other,0.056640625,0.056640625,0.0,0.00390625,0.7890625,0.005859375,0.14453125
134,gunshot_gunfire__fsd50k__dev__156904__0014__r0.wav,gunshot_gunfire,gunshot_gunfire,1,1,0.84375,background_other,0.10546875,thunderstorm,0.0234375,0.10546875,0.0,0.0234375,0.84375,0.0,0.0234375
135,gunshot_gunfire__fsd50k__dev__160590__0015__r0.wav,gunshot_gunfire,gunshot_gunfire,1,1,0.91796875,background_other,0.05859375,glass_breaking,0.01953125,0.05859375,0.0,0.01953125,0.91796875,0.00390625,0.0
136,gunshot_gunfire__fsd50k__dev__161195__0016__r0.wav,gunshot_gunfire,gunshot_gunfire,1,1,0.99609375,thunderstorm,0.0,siren,0.0,0.0,0.0,0.0,0.99609375,0.0,0.0
137,gunshot_gunfire__fsd50k__dev__161475__0017__r0.wav,gunshot_gunfire,gunshot_gunfire,1,2,0.974609375,background_other,0.01171875,thunderstorm,0.009765625,0.01171875,0.001953125,0.001953125,0.974609375,0.0,0.009765625
138,gunshot_gunfire__fsd50k__dev__162455__0018__r0.wav,gunshot_gunfire,gunshot_gunfire,1,3,0.8463541865348816,thunderstorm,0.1080729141831398,background_other,0.02994791604578495,0.02994791604578495,0.0,0.0013020833721384406,0.8463541865348816,0.013020833022892475,0.1080729141831398
139,gunshot_gunfire__fsd50k__dev__164020__0019__r0.wav,gunshot_gunfire,gunshot_gunfire,1,2,0.84375,background_other,0.115234375,glass_breaking,0.021484375,0.115234375,0.0078125,0.021484375,0.84375,0.005859375,0.005859375
140,gunshot_gunfire__fsd50k__dev__165795__0020__r0.wav,gunshot_gunfire,gunshot_gunfire,1,1,0.4375,background_other,0.30859375,glass_breaking,0.24609375,0.30859375,0.0,0.24609375,0.4375,0.0078125,0.0
141,gunshot_gunfire__fsd50k__dev__180961__0021__r0.wav,gunshot_gunfire,gunshot_gunfire,1,3,0.6028645634651184,thunderstorm,0.1770833283662796,background_other,0.1484375,0.1484375,0.01171875,0.0559895820915699,0.6028645634651184,0.0065104165114462376,0.1770833283662796
142,gunshot_gunfire__fsd50k__dev__184651__0022__r0.wav,gunshot_gunfire,gunshot_gunfire,1,1,0.89453125,background_other,0.078125,glass_breaking,0.01953125,0.078125,0.00390625,0.01953125,0.89453125,0.0,0.0
143,gunshot_gunfire__fsd50k__dev__187534__0023__r0.wav,gunshot_gunfire,gunshot_gunfire,1,2,0.771484375,background_other,0.17578125,glass_breaking,0.052734375,0.17578125,0.0,0.052734375,0.771484375,0.0,0.0
144,gunshot_gunfire__fsd50k__dev__197322__0024__r0.wav,gunshot_gunfire,gunshot_gunfire,1,13,0.4498197138309479,background_other,0.2545072138309479,thunderstorm,0.21183894574642181,0.2545072138309479,0.016526442021131516,0.0546875,0.4498197138309479,0.014423076994717121,0.21183894574642181
145,gunshot_gunfire__fsd50k__dev__198952__0025__r0.wav,gunshot_gunfire,glass_breaking,0,13,0.3975360691547394,background_other,0.29296875,gunshot_gunfire,0.24338942766189575,0.29296875,0.033954326063394547,0.3975360691547394,0.24338942766189575,0.002704326994717121,0.028545673936605453
146,gunshot_gunfire__fsd50k__dev__201667__0026__r0.wav,gunshot_gunfire,gunshot_gunfire,1,3,0.6419270634651184,background_other,0.25,glass_breaking,0.0598958320915699,0.25,0.0052083334885537624,0.0598958320915699,0.6419270634651184,0.00390625,0.0403645820915699
147,gunshot_gunfire__fsd50k__dev__212600__0027__r0.wav,gunshot_gunfire,gunshot_gunfire,1,1,0.99609375,background_other,0.00390625,thunderstorm,0.0,0.00390625,0.0,0.0,0.99609375,0.0,0.0
148,gunshot_gunfire__fsd50k__dev__212602__0028__r0.wav,gunshot_gunfire,gunshot_gunfire,1,1,0.85546875,thunderstorm,0.09765625,background_other,0.0390625,0.0390625,0.0,0.0078125,0.85546875,0.0,0.09765625
149,gunshot_gunfire__fsd50k__dev__217805__0029__r0.wav,gunshot_gunfire,gunshot_gunfire,1,1,0.93359375,background_other,0.0390625,glass_breaking,0.0234375,0.0390625,0.0,0.0234375,0.93359375,0.0,0.0
150,gunshot_gunfire__fsd50k__dev__220612__0030__r0.wav,gunshot_gunfire,gunshot_gunfire,1,1,0.9375,background_other,0.03125,dog_bark,0.01953125,0.03125,0.01953125,0.01171875,0.9375,0.0,0.0
151,gunshot_gunfire__fsd50k__dev__220613__0031__r0.wav,gunshot_gunfire,gunshot_gunfire,1,1,0.51171875,glass_breaking,0.2265625,background_other,0.203125,0.203125,0.05078125,0.2265625,0.51171875,0.00390625,0.00390625
152,gunshot_gunfire__fsd50k__dev__221640__0032__r0.wav,gunshot_gunfire,gunshot_gunfire,1,3,0.5481770634651184,background_other,0.2161458283662796,thunderstorm,0.15625,0.2161458283662796,0.0403645820915699,0.02213541604578495,0.5481770634651184,0.01822916604578495,0.15625
153,gunshot_gunfire__fsd50k__dev__238159__0033__r0.wav,gunshot_gunfire,gunshot_gunfire,1,1,0.4921875,background_other,0.34765625,thunderstorm,0.0859375,0.34765625,0.015625,0.00390625,0.4921875,0.05078125,0.0859375
154,gunshot_gunfire__fsd50k__dev__255216__0034__r0.wav,gunshot_gunfire,gunshot_gunfire,1,3,0.9791666865348816,glass_breaking,0.009114583022892475,dog_bark,0.0078125,0.0052083334885537624,0.0078125,0.009114583022892475,0.9791666865348816,0.0,0.0
155,gunshot_gunfire__fsd50k__dev__257963__0035__r0.wav,gunshot_gunfire,gunshot_gunfire,1,2,0.90625,thunderstorm,0.0546875,background_other,0.021484375,0.021484375,0.00390625,0.01171875,0.90625,0.001953125,0.0546875
156,gunshot_gunfire__fsd50k__dev__260939__0036__r0.wav,gunshot_gunfire,gunshot_gunfire,1,3,0.6471354365348816,thunderstorm,0.28125,background_other,0.05859375,0.05859375,0.0,0.0026041667442768812,0.6471354365348816,0.009114583022892475,0.28125
157,gunshot_gunfire__fsd50k__dev__266105__0037__r0.wav,gunshot_gunfire,gunshot_gunfire,1,1,0.921875,background_other,0.046875,glass_breaking,0.02734375,0.046875,0.0,0.02734375,0.921875,0.0,0.0
158,gunshot_gunfire__fsd50k__dev__273303__0038__r0.wav,gunshot_gunfire,gunshot_gunfire,1,3,0.44140625,thunderstorm,0.3333333432674408,background_other,0.1875,0.1875,0.0052083334885537624,0.01692708395421505,0.44140625,0.01692708395421505,0.3333333432674408
159,gunshot_gunfire__fsd50k__dev__329716__0039__r0.wav,gunshot_gunfire,gunshot_gunfire,1,1,0.625,background_other,0.17578125,glass_breaking,0.109375,0.17578125,0.08984375,0.109375,0.625,0.0,0.0
160,gunshot_gunfire__fsd50k__dev__345844__0040__r0.wav,gunshot_gunfire,thunderstorm,0,7,0.640625,gunshot_gunfire,0.171875,background_other,0.1143973246216774,0.1143973246216774,0.0066964286379516125,0.0569196417927742,0.171875,0.010602678172290325,0.640625
161,gunshot_gunfire__fsd50k__dev__350264__0041__r0.wav,gunshot_gunfire,gunshot_gunfire,1,1,0.95703125,glass_breaking,0.02734375,background_other,0.01171875,0.01171875,0.0,0.02734375,0.95703125,0.0,0.0
162,gunshot_gunfire__fsd50k__dev__353093__0042__r0.wav,gunshot_gunfire,gunshot_gunfire,1,8,0.91455078125,background_other,0.03369140625,glass_breaking,0.02783203125,0.03369140625,0.00439453125,0.02783203125,0.91455078125,0.00146484375,0.01708984375
163,gunshot_gunfire__fsd50k__dev__35799__0043__r0.wav,gunshot_gunfire,gunshot_gunfire,1,1,0.78515625,background_other,0.15625,dog_bark,0.0234375,0.15625,0.0234375,0.015625,0.78515625,0.01953125,0.0
164,gunshot_gunfire__fsd50k__dev__35800__0044__r0.wav,gunshot_gunfire,gunshot_gunfire,1,6,0.7291666865348816,background_other,0.212890625,siren,0.0436197929084301,0.212890625,0.0052083334885537624,0.0052083334885537624,0.7291666865348816,0.0436197929084301,0.0026041667442768812
165,gunshot_gunfire__fsd50k__dev__36815__0045__r0.wav,gunshot_gunfire,gunshot_gunfire,1,11,0.6697443127632141,background_other,0.15767045319080353,glass_breaking,0.13174715638160706,0.15767045319080353,0.037997160106897354,0.13174715638160706,0.6697443127632141,0.0017755682347342372,0.0007102272938936949
166,gunshot_gunfire__fsd50k__dev__368736__0046__r0.wav,gunshot_gunfire,gunshot_gunfire,1,1,0.99609375,thunderstorm,0.0,siren,0.0,0.0,0.0,0.0,0.99609375,0.0,0.0
167,gunshot_gunfire__fsd50k__dev__368805__0047__r0.wav,gunshot_gunfire,gunshot_gunfire,1,4,0.8505859375,thunderstorm,0.0703125,background_other,0.056640625,0.056640625,0.0048828125,0.005859375,0.8505859375,0.01171875,0.0703125
168,gunshot_gunfire__fsd50k__dev__369124__0048__r0.wav,gunshot_gunfire,gunshot_gunfire,1,1,0.9296875,glass_breaking,0.046875,background_other,0.01953125,0.01953125,0.00390625,0.046875,0.9296875,0.0,0.0
169,gunshot_gunfire__fsd50k__dev__369126__0049__r0.wav,gunshot_gunfire,gunshot_gunfire,1,1,0.97265625,glass_breaking,0.0234375,background_other,0.00390625,0.00390625,0.0,0.0234375,0.97265625,0.0,0.0
170,gunshot_gunfire__fsd50k__dev__369395__0050__r0.wav,gunshot_gunfire,glass_breaking,0,6,0.3984375,gunshot_gunfire,0.2747395932674408,background_other,0.2513020932674408,0.2513020932674408,0.0234375,0.3984375,0.2747395932674408,0.009114583022892475,0.041015625
171,gunshot_gunfire__fsd50k__dev__371158__0051__r0.wav,gunshot_gunfire,gunshot_gunfire,1,1,0.92578125,background_other,0.05859375,glass_breaking,0.01171875,0.05859375,0.0,0.01171875,0.92578125,0.0,0.00390625
172,gunshot_gunfire__fsd50k__dev__52593__0052__r0.wav,gunshot_gunfire,gunshot_gunfire,1,2,0.908203125,background_other,0.0546875,siren,0.01171875,0.0546875,0.01171875,0.005859375,0.908203125,0.01171875,0.005859375
173,gunshot_gunfire__fsd50k__dev__89147__0053__r0.wav,gunshot_gunfire,gunshot_gunfire,1,2,0.76171875,thunderstorm,0.12109375,background_other,0.1015625,0.1015625,0.001953125,0.005859375,0.76171875,0.0078125,0.12109375
174,siren__esc50__fold_4__102871__0000__r0.wav,siren,siren,1,6,0.7233073115348816,background_other,0.248046875,dog_bark,0.0234375,0.248046875,0.0234375,0.005859375,0.0,0.7233073115348816,0.0
175,siren__esc50__fold_4__111671__0001__r0.wav,siren,siren,1,6,0.974609375,background_other,0.01692708395421505,dog_bark,0.008463541977107525,0.01692708395421505,0.008463541977107525,0.0006510416860692203,0.0,0.974609375,0.0
176,siren__esc50__fold_4__111671__0002__r0.wav,siren,siren,1,6,0.9954426884651184,dog_bark,0.0013020833721384406,background_other,0.0006510416860692203,0.0006510416860692203,0.0013020833721384406,0.0,0.0,0.9954426884651184,0.0
177,siren__esc50__fold_4__121532__0003__r0.wav,siren,siren,1,6,0.6555989384651184,background_other,0.2513020932674408,dog_bark,0.0774739608168602,0.2513020932674408,0.0774739608168602,0.0013020833721384406,0.0,0.6555989384651184,0.013020833022892475
178,siren__esc50__fold_4__67358__0004__r0.wav,siren,siren,1,5,0.9898437261581421,background_other,0.0054687499068677425,dog_bark,0.004687500186264515,0.0054687499068677425,0.004687500186264515,0.0,0.0,0.9898437261581421,0.0
179,siren__esc50__fold_4__80761__0005__r0.wav,siren,siren,1,6,0.6653645634651184,thunderstorm,0.171875,background_other,0.1458333283662796,0.1458333283662796,0.014322916977107525,0.0006510416860692203,0.0006510416860692203,0.6653645634651184,0.171875
180,siren__esc50__fold_4__90014__0006__r0.wav,siren,siren,1,6,0.7447916865348816,background_other,0.189453125,glass_breaking,0.046875,0.189453125,0.01692708395421505,0.046875,0.0,0.7447916865348816,0.0
181,siren__esc50__fold_4__90014__0007__r0.wav,siren,siren,1,6,0.5807291865348816,background_other,0.298828125,glass_breaking,0.0462239570915699,0.298828125,0.03515625,0.0462239570915699,0.001953125,0.5807291865348816,0.03515625
182,siren__fsd50k__dev__181601__0008__r0.wav,siren,siren,1,13,0.9711538553237915,background_other,0.026442307978868484,glass_breaking,0.0009014423121698201,0.026442307978868484,0.0003004807804245502,0.0009014423121698201,0.0,0.9711538553237915,0.0
183,siren__fsd50k__dev__268221__0009__r0.wav,siren,siren,1,1,0.99609375,thunderstorm,0.0,gunshot_gunfire,0.0,0.0,0.0,0.0,0.0,0.99609375,0.0
184,siren__fsd50k__dev__320767__0010__r0.wav,siren,siren,1,13,0.7614182829856873,background_other,0.22836539149284363,dog_bark,0.007512019015848637,0.22836539149284363,0.007512019015848637,0.0003004807804245502,0.0,0.7614182829856873,0.0024038462433964014
185,siren__fsd50k__dev__324275__0011__r0.wav,siren,background_other,0,6,0.56640625,dog_bark,0.1940104216337204,siren,0.1373697966337204,0.56640625,0.1940104216337204,0.02864583395421505,0.02213541604578495,0.1373697966337204,0.0514322929084301
186,siren__fsd50k__dev__34733__0012__r0.wav,siren,siren,1,13,0.6511418223381042,background_other,0.23617789149284363,dog_bark,0.08112980425357819,0.23617789149284363,0.08112980425357819,0.011418269015848637,0.017127403989434242,0.6511418223381042,0.0012019231216982007
187,siren__fsd50k__dev__34952__0013__r0.wav,siren,dog_bark,0,13,0.3037860691547394,background_other,0.2743389308452606,siren,0.19891826808452606,0.2743389308452606,0.3037860691547394,0.05048076808452606,0.042067307978868484,0.19891826808452606,0.1304086595773697
188,siren__fsd50k__dev__353265__0014__r0.wav,siren,siren,1,13,0.73046875,background_other,0.16376201808452606,thunderstorm,0.08353365212678909,0.16376201808452606,0.0009014423121698201,0.018629807978868484,0.0024038462433964014,0.73046875,0.08353365212678909
189,siren__fsd50k__dev__353956__0015__r0.wav,siren,siren,1,13,0.612379789352417,background_other,0.28245192766189575,glass_breaking,0.08413461595773697,0.28245192766189575,0.02163461595773697,0.08413461595773697,0.0,0.612379789352417,0.0
190,siren__fsd50k__dev__382620__0016__r0.wav,siren,siren,1,3,0.93359375,background_other,0.046875,dog_bark,0.015625,0.046875,0.015625,0.0026041667442768812,0.0,0.93359375,0.0
191,siren__fsd50k__dev__388972__0017__r0.wav,siren,siren,1,13,0.8383413553237915,background_other,0.12830528616905212,glass_breaking,0.028245192021131516,0.12830528616905212,0.0021033654920756817,0.028245192021131516,0.0,0.8383413553237915,0.0015024038730189204
192,siren__fsd50k__dev__421017__0018__r0.wav,siren,siren,1,13,0.7364783883094788,background_other,0.2319711595773697,dog_bark,0.024338942021131516,0.2319711595773697,0.024338942021131516,0.0012019231216982007,0.0024038462433964014,0.7364783883094788,0.0036057692486792803
193,siren__fsd50k__dev__62878__0019__r0.wav,siren,siren,1,12,0.9892578125,background_other,0.009440104477107525,dog_bark,0.0006510416860692203,0.009440104477107525,0.0006510416860692203,0.0,0.0,0.9892578125,0.0
194,thunderstorm__esc50__fold_4__125070__0000__r0.wav,thunderstorm,thunderstorm,1,6,0.787109375,gunshot_gunfire,0.08984375,background_other,0.0846354141831398,0.0846354141831398,0.008463541977107525,0.0013020833721384406,0.08984375,0.02669270895421505,0.787109375
195,thunderstorm__esc50__fold_4__125071__0001__r0.wav,thunderstorm,thunderstorm,1,6,0.9016926884651184,background_other,0.044921875,gunshot_gunfire,0.03125,0.044921875,0.00390625,0.012369791977107525,0.03125,0.00390625,0.9016926884651184
196,thunderstorm__esc50__fold_4__125072__0002__r0.wav,thunderstorm,thunderstorm,1,6,0.79296875,background_other,0.1197916641831398,gunshot_gunfire,0.0553385429084301,0.1197916641831398,0.014322916977107525,0.008463541977107525,0.0553385429084301,0.008463541977107525,0.79296875
197,thunderstorm__esc50__fold_4__125072__0003__r0.wav,thunderstorm,thunderstorm,1,6,0.8203125,gunshot_gunfire,0.1028645858168602,background_other,0.0618489570915699,0.0618489570915699,0.001953125,0.0006510416860692203,0.1028645858168602,0.010416666977107525,0.8203125
198,thunderstorm__esc50__fold_4__156993__0004__r0.wav,thunderstorm,thunderstorm,1,6,0.724609375,gunshot_gunfire,0.1627604216337204,background_other,0.0911458358168602,0.0911458358168602,0.001953125,0.0045572915114462376,0.1627604216337204,0.013671875,0.724609375
199,thunderstorm__esc50__fold_4__161519__0005__r0.wav,thunderstorm,thunderstorm,1,6,0.9661458134651184,background_other,0.013020833022892475,gunshot_gunfire,0.010416666977107525,0.013020833022892475,0.0,0.0,0.010416666977107525,0.0078125,0.9661458134651184
200,thunderstorm__esc50__fold_4__165813__0006__r0.wav,thunderstorm,thunderstorm,1,6,0.9622395634651184,background_other,0.02408854104578495,gunshot_gunfire,0.009114583022892475,0.02408854104578495,0.0013020833721384406,0.0006510416860692203,0.009114583022892475,0.0026041667442768812,0.9622395634651184
201,thunderstorm__esc50__fold_4__165813__0007__r0.wav,thunderstorm,thunderstorm,1,6,0.89453125,gunshot_gunfire,0.0442708320915699,background_other,0.0397135429084301,0.0397135429084301,0.001953125,0.0006510416860692203,0.0442708320915699,0.01627604104578495,0.89453125
202,thunderstorm__fsd50k__dev__124587__0008__r0.wav,thunderstorm,thunderstorm,1,13,0.8371394276618958,background_other,0.09675480425357819,gunshot_gunfire,0.034254807978868484,0.09675480425357819,0.0006009615608491004,0.01923076994717121,0.034254807978868484,0.011418269015848637,0.8371394276618958
203,thunderstorm__fsd50k__dev__125634__0009__r0.wav,thunderstorm,thunderstorm,1,13,0.8804086446762085,background_other,0.07091346383094788,gunshot_gunfire,0.02914663404226303,0.07091346383094788,0.0015024038730189204,0.005108173005282879,0.02914663404226303,0.013521634973585606,0.8804086446762085
204,thunderstorm__fsd50k__dev__128343__0010__r0.wav,thunderstorm,thunderstorm,1,13,0.760817289352417,gunshot_gunfire,0.2055288404226303,background_other,0.030348557978868484,0.030348557978868484,0.0,0.0,0.2055288404226303,0.0021033654920756817,0.760817289352417
205,thunderstorm__fsd50k__dev__135104__0011__r0.wav,thunderstorm,thunderstorm,1,13,0.9290865659713745,background_other,0.030348557978868484,siren,0.018629807978868484,0.030348557978868484,0.0024038462433964014,0.0015024038730189204,0.018629807978868484,0.018629807978868484,0.9290865659713745
206,thunderstorm__fsd50k__dev__155833__0012__r0.wav,thunderstorm,thunderstorm,1,13,0.9359976053237915,gunshot_gunfire,0.03485576808452606,background_other,0.020733173936605453,0.020733173936605453,0.0003004807804245502,0.0009014423121698201,0.03485576808452606,0.006911057513207197,0.9359976053237915
207,thunderstorm__fsd50k__dev__163287__0013__r0.wav,thunderstorm,thunderstorm,1,13,0.9263821840286255,background_other,0.03936298191547394,gunshot_gunfire,0.01742788404226303,0.03936298191547394,0.0006009615608491004,0.0018028846243396401,0.01742788404226303,0.012920673005282879,0.9263821840286255
208,thunderstorm__fsd50k__dev__165299__0014__r0.wav,thunderstorm,thunderstorm,1,13,0.592848539352417,background_other,0.2860576808452606,gunshot_gunfire,0.06971153616905212,0.2860576808452606,0.0033052884973585606,0.0024038462433964014,0.06971153616905212,0.04507211595773697,0.592848539352417
209,thunderstorm__fsd50k__dev__165874__0015__r0.wav,thunderstorm,thunderstorm,1,13,0.9338942170143127,gunshot_gunfire,0.026141826063394547,background_other,0.024639423936605453,0.024639423936605453,0.0018028846243396401,0.0009014423121698201,0.026141826063394547,0.012019230984151363,0.9338942170143127
210,thunderstorm__fsd50k__dev__186907__0016__r0.wav,thunderstorm,thunderstorm,1,13,0.6466346383094788,background_other,0.19741585850715637,gunshot_gunfire,0.09735576808452606,0.19741585850715637,0.008112980984151363,0.020132211968302727,0.09735576808452606,0.03185096010565758,0.6466346383094788
211,thunderstorm__fsd50k__dev__189794__0017__r0.wav,thunderstorm,thunderstorm,1,13,0.8978365659713745,background_other,0.04537259787321091,gunshot_gunfire,0.036057692021131516,0.04537259787321091,0.003004807746037841,0.010817307978868484,0.036057692021131516,0.005408653989434242,0.8978365659713745
212,thunderstorm__fsd50k__dev__191992__0018__r0.wav,thunderstorm,thunderstorm,1,13,0.9035456776618958,gunshot_gunfire,0.05679086595773697,background_other,0.02133413404226303,0.02133413404226303,0.0,0.0,0.05679086595773697,0.017127403989434242,0.9035456776618958
213,thunderstorm__fsd50k__dev__193170__0019__r0.wav,thunderstorm,thunderstorm,1,7,0.9447544813156128,gunshot_gunfire,0.03125,background_other,0.02176339365541935,0.02176339365541935,0.0005580357392318547,0.0005580357392318547,0.03125,0.0,0.9447544813156128
214,thunderstorm__fsd50k__dev__194849__0020__r0.wav,thunderstorm,thunderstorm,1,13,0.8647836446762085,background_other,0.05498798191547394,gunshot_gunfire,0.04657451808452606,0.05498798191547394,0.006911057513207197,0.02163461595773697,0.04657451808452606,0.004206730984151363,0.8647836446762085
215,thunderstorm__fsd50k__dev__195344__0021__r0.wav,thunderstorm,thunderstorm,1,13,0.828125,background_other,0.07932692021131516,gunshot_gunfire,0.05318509787321091,0.07932692021131516,0.008713942021131516,0.009314903989434242,0.05318509787321091,0.020432692021131516,0.828125
216,thunderstorm__fsd50k__dev__195738__0022__r0.wav,thunderstorm,thunderstorm,1,13,0.47085335850715637,background_other,0.2475961595773697,gunshot_gunfire,0.19230769574642181,0.2475961595773697,0.0006009615608491004,0.003004807746037841,0.19230769574642181,0.08443509787321091,0.47085335850715637
217,thunderstorm__fsd50k__dev__198496__0023__r0.wav,thunderstorm,thunderstorm,1,13,0.746995210647583,background_other,0.10817307978868484,gunshot_gunfire,0.09735576808452606,0.10817307978868484,0.009014423005282879,0.015024038031697273,0.09735576808452606,0.022836538031697273,0.746995210647583
218,thunderstorm__fsd50k__dev__203721__0024__r0.wav,thunderstorm,thunderstorm,1,6,0.6959635615348816,background_other,0.166015625,gunshot_gunfire,0.109375,0.166015625,0.0026041667442768812,0.01627604104578495,0.109375,0.008463541977107525,0.6959635615348816
219,thunderstorm__fsd50k__dev__203830__0025__r0.wav,thunderstorm,thunderstorm,1,13,0.5865384340286255,background_other,0.23768028616905212,gunshot_gunfire,0.11268028616905212,0.23768028616905212,0.0021033654920756817,0.045673076063394547,0.11268028616905212,0.014423076994717121,0.5865384340286255
220,thunderstorm__fsd50k__dev__205832__0026__r0.wav,thunderstorm,thunderstorm,1,13,0.9038461446762085,background_other,0.05108173191547394,gunshot_gunfire,0.027944711968302727,0.05108173191547394,0.0003004807804245502,0.009014423005282879,0.027944711968302727,0.006911057513207197,0.9038461446762085
221,thunderstorm__fsd50k__dev__210044__0027__r0.wav,thunderstorm,thunderstorm,1,2,0.814453125,gunshot_gunfire,0.158203125,background_other,0.01953125,0.01953125,0.0,0.005859375,0.158203125,0.001953125,0.814453125
222,thunderstorm__fsd50k__dev__21847__0028__r0.wav,thunderstorm,background_other,0,13,0.4717548191547394,thunderstorm,0.35817307233810425,siren,0.12620192766189575,0.4717548191547394,0.006009615492075682,0.0033052884973585606,0.03515625,0.12620192766189575,0.35817307233810425
223,thunderstorm__fsd50k__dev__22033__0029__r0.wav,thunderstorm,thunderstorm,1,13,0.8356370329856873,gunshot_gunfire,0.10126201808452606,background_other,0.04356971010565758,0.04356971010565758,0.0,0.0003004807804245502,0.10126201808452606,0.018329326063394547,0.8356370329856873
224,thunderstorm__fsd50k__dev__222601__0030__r0.wav,thunderstorm,thunderstorm,1,13,0.9215745329856873,gunshot_gunfire,0.055588942021131516,background_other,0.018629807978868484,0.018629807978868484,0.0,0.0,0.055588942021131516,0.0033052884973585606,0.9215745329856873
225,thunderstorm__fsd50k__dev__22874__0031__r0.wav,thunderstorm,thunderstorm,1,13,0.8713942170143127,gunshot_gunfire,0.06430288404226303,background_other,0.05528846010565758,0.05528846010565758,0.0006009615608491004,0.0024038462433964014,0.06430288404226303,0.004206730984151363,0.8713942170143127
226,thunderstorm__fsd50k__dev__237519__0032__r0.wav,thunderstorm,thunderstorm,1,13,0.9212740659713745,gunshot_gunfire,0.037860576063394547,background_other,0.028245192021131516,0.028245192021131516,0.0024038462433964014,0.0072115384973585606,0.037860576063394547,0.0018028846243396401,0.9212740659713745
227,thunderstorm__fsd50k__dev__242048__0033__r0.wav,thunderstorm,background_other,0,13,0.6721754670143127,thunderstorm,0.15805289149284363,siren,0.06610576808452606,0.6721754670143127,0.033954326063394547,0.013521634973585606,0.05618990212678909,0.06610576808452606,0.15805289149284363
228,thunderstorm__fsd50k__dev__242981__0034__r0.wav,thunderstorm,thunderstorm,1,13,0.82421875,background_other,0.10817307978868484,siren,0.036057692021131516,0.10817307978868484,0.0003004807804245502,0.0006009615608491004,0.02944711595773697,0.036057692021131516,0.82421875
229,thunderstorm__fsd50k__dev__243757__0035__r0.wav,thunderstorm,thunderstorm,1,13,0.77734375,background_other,0.11568509787321091,gunshot_gunfire,0.05889423191547394,0.11568509787321091,0.002704326994717121,0.03155048191547394,0.05889423191547394,0.014122596010565758,0.77734375
230,thunderstorm__fsd50k__dev__243965__0036__r0.wav,thunderstorm,thunderstorm,1,4,0.5498046875,background_other,0.263671875,dog_bark,0.09765625,0.263671875,0.09765625,0.0068359375,0.0302734375,0.05078125,0.5498046875
231,thunderstorm__fsd50k__dev__243968__0037__r0.wav,thunderstorm,thunderstorm,1,4,0.3603515625,background_other,0.326171875,gunshot_gunfire,0.1240234375,0.326171875,0.1123046875,0.0068359375,0.1240234375,0.0693359375,0.3603515625
232,thunderstorm__fsd50k__dev__244693__0038__r0.wav,thunderstorm,thunderstorm,1,11,0.8650568127632141,gunshot_gunfire,0.07244317978620529,background_other,0.035866476595401764,0.035866476595401764,0.00390625,0.011363636702299118,0.07244317978620529,0.01065340917557478,0.8650568127632141
233,thunderstorm__fsd50k__dev__248110__0039__r0.wav,thunderstorm,thunderstorm,1,13,0.7794471383094788,background_other,0.10877403616905212,gunshot_gunfire,0.06760817021131516,0.10877403616905212,0.0006009615608491004,0.0045072115026414394,0.06760817021131516,0.0390625,0.7794471383094788
234,thunderstorm__fsd50k__dev__253763__0040__r0.wav,thunderstorm,thunderstorm,1,13,0.9504206776618958,background_other,0.02313701994717121,gunshot_gunfire,0.015625,0.02313701994717121,0.0,0.0,0.015625,0.010817307978868484,0.9504206776618958
235,thunderstorm__fsd50k__dev__259316__0041__r0.wav,thunderstorm,thunderstorm,1,13,0.8969351053237915,gunshot_gunfire,0.04897836595773697,background_other,0.045673076063394547,0.045673076063394547,0.0009014423121698201,0.0009014423121698201,0.04897836595773697,0.006009615492075682,0.8969351053237915
236,thunderstorm__fsd50k__dev__29675__0042__r0.wav,thunderstorm,thunderstorm,1,13,0.6850961446762085,background_other,0.1352163404226303,gunshot_gunfire,0.12169471383094788,0.1352163404226303,0.0003004807804245502,0.009014423005282879,0.12169471383094788,0.047776442021131516,0.6850961446762085
237,thunderstorm__fsd50k__dev__31452__0043__r0.wav,thunderstorm,thunderstorm,1,13,0.7797476053237915,background_other,0.10216346383094788,gunshot_gunfire,0.06490384787321091,0.10216346383094788,0.0015024038730189204,0.010817307978868484,0.06490384787321091,0.040264423936605453,0.7797476053237915
238,thunderstorm__fsd50k__dev__328391__0044__r0.wav,thunderstorm,thunderstorm,1,13,0.8650841116905212,gunshot_gunfire,0.05078125,background_other,0.04657451808452606,0.04657451808452606,0.0,0.002704326994717121,0.05078125,0.03485576808452606,0.8650841116905212
239,thunderstorm__fsd50k__dev__33246__0045__r0.wav,thunderstorm,thunderstorm,1,13,0.84765625,background_other,0.07001201808452606,gunshot_gunfire,0.06400240212678909,0.07001201808452606,0.0015024038730189204,0.003004807746037841,0.06400240212678909,0.014122596010565758,0.84765625
240,thunderstorm__fsd50k__dev__341960__0046__r0.wav,thunderstorm,thunderstorm,1,4,0.9013671875,gunshot_gunfire,0.0830078125,background_other,0.013671875,0.013671875,0.0,0.0,0.0830078125,0.0,0.9013671875
241,thunderstorm__fsd50k__dev__344434__0047__r0.wav,thunderstorm,thunderstorm,1,13,0.7445913553237915,background_other,0.17487980425357819,siren,0.04837740212678909,0.17487980425357819,0.005108173005282879,0.0012019231216982007,0.026742788031697273,0.04837740212678909,0.7445913553237915
242,thunderstorm__fsd50k__dev__344435__0048__r0.wav,thunderstorm,thunderstorm,1,13,0.840745210647583,background_other,0.08683894574642181,gunshot_gunfire,0.034254807978868484,0.08683894574642181,0.0036057692486792803,0.02734375,0.034254807978868484,0.0078125,0.840745210647583
243,thunderstorm__fsd50k__dev__345920__0049__r0.wav,thunderstorm,thunderstorm,1,4,0.6689453125,gunshot_gunfire,0.28515625,background_other,0.0390625,0.0390625,0.0,0.0009765625,0.28515625,0.005859375,0.6689453125
244,thunderstorm__fsd50k__dev__359151__0050__r0.wav,thunderstorm,thunderstorm,1,13,0.9468148946762085,background_other,0.02133413404226303,siren,0.014723557978868484,0.02133413404226303,0.0009014423121698201,0.0006009615608491004,0.013822115026414394,0.014723557978868484,0.9468148946762085
245,thunderstorm__fsd50k__dev__363252__0051__r0.wav,thunderstorm,thunderstorm,1,13,0.9552283883094788,background_other,0.02163461595773697,gunshot_gunfire,0.016526442021131516,0.02163461595773697,0.0006009615608491004,0.0012019231216982007,0.016526442021131516,0.004206730984151363,0.9552283883094788
246,thunderstorm__fsd50k__dev__367510__0052__r0.wav,thunderstorm,thunderstorm,1,13,0.8813101053237915,background_other,0.04326923191547394,siren,0.036358173936605453,0.04326923191547394,0.0,0.0012019231216982007,0.03575721010565758,0.036358173936605453,0.8813101053237915
247,thunderstorm__fsd50k__dev__37299__0053__r0.wav,thunderstorm,thunderstorm,1,13,0.6430288553237915,gunshot_gunfire,0.16316105425357819,background_other,0.14813701808452606,0.14813701808452606,0.012019230984151363,0.012920673005282879,0.16316105425357819,0.020733173936605453,0.6430288553237915
248,thunderstorm__fsd50k__dev__37304__0054__r0.wav,thunderstorm,thunderstorm,1,13,0.640625,background_other,0.23617789149284363,siren,0.05679086595773697,0.23617789149284363,0.0036057692486792803,0.014122596010565758,0.04897836595773697,0.05679086595773697,0.640625
249,thunderstorm__fsd50k__dev__375999__0055__r0.wav,thunderstorm,thunderstorm,1,13,0.9290865659713745,background_other,0.034254807978868484,gunshot_gunfire,0.022536057978868484,0.034254807978868484,0.0012019231216982007,0.0,0.022536057978868484,0.012019230984151363,0.9290865659713745
250,thunderstorm__fsd50k__dev__394070__0056__r0.wav,thunderstorm,thunderstorm,1,6,0.5833333134651184,gunshot_gunfire,0.28125,background_other,0.1061197891831398,0.1061197891831398,0.0071614584885537624,0.0065104165114462376,0.28125,0.014322916977107525,0.5833333134651184
251,thunderstorm__fsd50k__dev__394071__0057__r0.wav,thunderstorm,thunderstorm,1,13,0.862379789352417,background_other,0.07992788404226303,gunshot_gunfire,0.03575721010565758,0.07992788404226303,0.00390625,0.005709134507924318,0.03575721010565758,0.010817307978868484,0.862379789352417
252,thunderstorm__fsd50k__dev__399870__0058__r0.wav,thunderstorm,thunderstorm,1,12,0.8388671875,gunshot_gunfire,0.0787760391831398,background_other,0.0651041641831398,0.0651041641831398,0.0045572915114462376,0.00390625,0.0787760391831398,0.008138020522892475,0.8388671875
253,thunderstorm__fsd50k__dev__414050__0059__r0.wav,thunderstorm,thunderstorm,1,13,0.9353966116905212,gunshot_gunfire,0.038161057978868484,background_other,0.0234375,0.0234375,0.0,0.0006009615608491004,0.038161057978868484,0.003004807746037841,0.9353966116905212
254,background_other__esc50__fold_4__4-161100-A-47__0000.wav,background_other,background_other,1,6,0.4811197817325592,gunshot_gunfire,0.2838541567325592,siren,0.1184895858168602,0.4811197817325592,0.013671875,0.001953125,0.2838541567325592,0.1184895858168602,0.1009114608168602
255,background_other__esc50__fold_4__4-210000-A-23__0001.wav,background_other,background_other,1,6,0.4186197817325592,dog_bark,0.2454427033662796,gunshot_gunfire,0.115234375,0.4186197817325592,0.2454427033662796,0.1119791641831398,0.115234375,0.0234375,0.083984375
256,background_other__esc50__fold_4__4-144468-B-27__0002.wav,background_other,background_other,1,6,0.638671875,glass_breaking,0.224609375,gunshot_gunfire,0.0703125,0.638671875,0.03125,0.224609375,0.0703125,0.0026041667442768812,0.03125
257,background_other__esc50__fold_4__4-216349-A-34__0003.wav,background_other,glass_breaking,0,1,0.6640625,background_other,0.2109375,gunshot_gunfire,0.1171875,0.2109375,0.0078125,0.6640625,0.1171875,0.0,0.0
258,background_other__esc50__fold_4__4-175846-A-43__0004.wav,background_other,background_other,1,3,0.6614583134651184,siren,0.2565104067325592,glass_breaking,0.0442708320915699,0.6614583134651184,0.03125,0.0442708320915699,0.0052083334885537624,0.2565104067325592,0.0026041667442768812
259,background_other__esc50__fold_4__4-133047-A-5__0005.wav,background_other,background_other,1,6,0.69140625,siren,0.1549479216337204,dog_bark,0.12890625,0.69140625,0.12890625,0.009765625,0.0026041667442768812,0.1549479216337204,0.01171875
260,background_other__esc50__fold_4__4-165823-A-41__0006.wav,background_other,background_other,1,6,0.9134114384651184,siren,0.0553385429084301,gunshot_gunfire,0.01692708395421505,0.9134114384651184,0.00390625,0.0052083334885537624,0.01692708395421505,0.0553385429084301,0.001953125
261,background_other__esc50__fold_4__4-159609-B-14__0007.wav,background_other,background_other,1,6,0.4088541567325592,siren,0.2415364533662796,thunderstorm,0.2265625,0.4088541567325592,0.0436197929084301,0.029296875,0.05078125,0.2415364533662796,0.2265625
262,background_other__esc50__fold_4__4-125825-A-46__0008.wav,background_other,background_other,1,6,0.5690104365348816,siren,0.2877604067325592,dog_bark,0.0794270858168602,0.5690104365348816,0.0794270858168602,0.0625,0.001953125,0.2877604067325592,0.0
263,background_other__esc50__fold_4__4-189838-A-22__0009.wav,background_other,thunderstorm,0,6,0.3548177182674408,background_other,0.3131510317325592,gunshot_gunfire,0.2884114682674408,0.3131510317325592,0.0,0.01822916604578495,0.2884114682674408,0.02669270895421505,0.3548177182674408
264,background_other__esc50__fold_4__4-209536-A-37__0010.wav,background_other,glass_breaking,0,6,0.6438801884651184,background_other,0.30859375,siren,0.0475260429084301,0.30859375,0.0,0.6438801884651184,0.0,0.0475260429084301,0.0
265,background_other__esc50__fold_4__4-191327-A-38__0011.wav,background_other,background_other,1,6,0.7037760615348816,dog_bark,0.173828125,glass_breaking,0.048828125,0.7037760615348816,0.173828125,0.048828125,0.01888020895421505,0.0345052070915699,0.02018229104578495
266,background_other__esc50__fold_4__4-177835-A-24__0012.wav,background_other,dog_bark,0,1,0.6328125,background_other,0.35546875,siren,0.00390625,0.35546875,0.6328125,0.00390625,0.00390625,0.00390625,0.0
267,background_other__esc50__fold_4__4-181955-C-3__0013.wav,background_other,background_other,1,6,0.4772135317325592,siren,0.4147135317325592,dog_bark,0.1022135391831398,0.4772135317325592,0.1022135391831398,0.0026041667442768812,0.0,0.4147135317325592,0.001953125
268,background_other__esc50__fold_4__4-181563-A-12__0014.wav,background_other,thunderstorm,0,6,0.431640625,background_other,0.4049479067325592,gunshot_gunfire,0.1223958358168602,0.4049479067325592,0.0,0.03125,0.1223958358168602,0.009114583022892475,0.431640625
269,background_other__esc50__fold_4__4-163697-A-13__0015.wav,background_other,background_other,1,6,0.9427083134651184,dog_bark,0.033203125,gunshot_gunfire,0.011067708022892475,0.9427083134651184,0.033203125,0.0065104165114462376,0.011067708022892475,0.0065104165114462376,0.0006510416860692203
270,background_other__esc50__fold_4__4-159426-A-9__0016.wav,background_other,background_other,1,3,0.7317708134651184,siren,0.1809895783662796,dog_bark,0.046875,0.7317708134651184,0.046875,0.0026041667442768812,0.0364583320915699,0.1809895783662796,0.0
271,background_other__esc50__fold_4__4-59579-A-20__0017.wav,background_other,background_other,1,6,0.658203125,siren,0.2356770783662796,dog_bark,0.1002604141831398,0.658203125,0.1002604141831398,0.0006510416860692203,0.0032552082557231188,0.2356770783662796,0.0
272,background_other__esc50__fold_4__4-132839-A-33__0018.wav,background_other,background_other,1,6,0.6145833134651184,siren,0.3756510317325592,dog_bark,0.005859375,0.6145833134651184,0.005859375,0.00390625,0.0,0.3756510317325592,0.0
273,background_other__esc50__fold_4__4-188878-A-30__0019.wav,background_other,background_other,1,6,0.3059895932674408,thunderstorm,0.294921875,gunshot_gunfire,0.1432291716337204,0.3059895932674408,0.0924479141831398,0.123046875,0.1432291716337204,0.0403645820915699,0.294921875
274,background_other__esc50__fold_4__4-204202-A-29__0020.wav,background_other,background_other,1,4,0.5791015625,glass_breaking,0.1953125,dog_bark,0.1875,0.5791015625,0.1875,0.1953125,0.025390625,0.0126953125,0.0
275,background_other__esc50__fold_4__4-186962-A-44__0021.wav,background_other,background_other,1,6,0.5833333134651184,gunshot_gunfire,0.306640625,thunderstorm,0.0625,0.5833333134651184,0.0,0.017578125,0.306640625,0.03059895895421505,0.0625
276,background_other__esc50__fold_4__4-119647-B-48__0022.wav,background_other,background_other,1,6,0.404296875,thunderstorm,0.287109375,siren,0.140625,0.404296875,0.0416666679084301,0.02408854104578495,0.103515625,0.140625,0.287109375
277,background_other__esc50__fold_4__4-194979-A-25__0023.wav,background_other,thunderstorm,0,6,0.5110676884651184,background_other,0.2571614682674408,gunshot_gunfire,0.1321614533662796,0.2571614682674408,0.0052083334885537624,0.0930989608168602,0.1321614533662796,0.0032552082557231188,0.5110676884651184
278,background_other__esc50__fold_4__4-99193-A-4__0024.wav,background_other,background_other,1,6,0.7317708134651184,siren,0.1419270783662796,dog_bark,0.1119791641831398,0.7317708134651184,0.1119791641831398,0.0013020833721384406,0.0045572915114462376,0.1419270783662796,0.008463541977107525
279,background_other__esc50__fold_4__4-251645-A-49__0025.wav,background_other,background_other,1,6,0.5911458134651184,dog_bark,0.375,glass_breaking,0.01822916604578495,0.5911458134651184,0.375,0.01822916604578495,0.013020833022892475,0.0006510416860692203,0.0
280,background_other__esc50__fold_4__4-193480-A-40__0026.wav,background_other,background_other,1,6,0.578125,thunderstorm,0.2845052182674408,siren,0.0709635391831398,0.578125,0.0,0.009114583022892475,0.0579427070915699,0.0709635391831398,0.2845052182674408
281,background_other__esc50__fold_4__4-197103-A-6__0027.wav,background_other,background_other,1,6,0.90234375,dog_bark,0.0520833320915699,siren,0.02278645895421505,0.90234375,0.0520833320915699,0.00390625,0.0032552082557231188,0.02278645895421505,0.014322916977107525
282,background_other__esc50__fold_4__4-143118-A-7__0028.wav,background_other,thunderstorm,0,6,0.5182291865348816,background_other,0.33203125,siren,0.1119791641831398,0.33203125,0.0026041667442768812,0.0078125,0.02669270895421505,0.1119791641831398,0.5182291865348816
283,background_other__esc50__fold_4__4-158653-A-32__0029.wav,background_other,background_other,1,6,0.5944010615348816,glass_breaking,0.294921875,gunshot_gunfire,0.0944010391831398,0.5944010615348816,0.0045572915114462376,0.294921875,0.0944010391831398,0.0013020833721384406,0.008463541977107525
284,background_other__esc50__fold_4__4-155670-A-26__0030.wav,background_other,background_other,1,6,0.7141926884651184,dog_bark,0.150390625,siren,0.1302083283662796,0.7141926884651184,0.150390625,0.0006510416860692203,0.001953125,0.1302083283662796,0.0026041667442768812
285,background_other__esc50__fold_4__4-204683-A-31__0031.wav,background_other,background_other,1,6,0.5071614384651184,thunderstorm,0.205078125,glass_breaking,0.080078125,0.5071614384651184,0.0748697891831398,0.080078125,0.0592447929084301,0.0748697891831398,0.205078125
286,background_other__esc50__fold_4__4-147240-A-2__0032.wav,background_other,background_other,1,6,0.6588541865348816,thunderstorm,0.220703125,gunshot_gunfire,0.044921875,0.6588541865348816,0.025390625,0.02799479104578495,0.044921875,0.02213541604578495,0.220703125
287,background_other__esc50__fold_4__4-187504-A-17__0033.wav,background_other,background_other,1,6,0.796875,glass_breaking,0.171875,gunshot_gunfire,0.010416666977107525,0.796875,0.010416666977107525,0.171875,0.010416666977107525,0.0078125,0.0032552082557231188
288,background_other__esc50__fold_4__4-163264-A-10__0034.wav,background_other,background_other,1,6,0.3912760317325592,thunderstorm,0.3509114682674408,gunshot_gunfire,0.1471354216337204,0.3912760317325592,0.0,0.0078125,0.1471354216337204,0.1022135391831398,0.3509114682674408
289,background_other__esc50__fold_4__4-164064-C-1__0035.wav,background_other,dog_bark,0,2,0.490234375,background_other,0.259765625,siren,0.201171875,0.259765625,0.490234375,0.041015625,0.00390625,0.201171875,0.0
290,background_other__esc50__fold_4__4-167063-B-11__0036.wav,background_other,thunderstorm,0,6,0.5501301884651184,gunshot_gunfire,0.3072916567325592,background_other,0.1204427108168602,0.1204427108168602,0.0,0.0071614584885537624,0.3072916567325592,0.014322916977107525,0.5501301884651184
291,background_other__esc50__fold_4__4-188703-D-8__0037.wav,background_other,background_other,1,6,0.5833333134651184,siren,0.3294270932674408,thunderstorm,0.0520833320915699,0.5833333134651184,0.02604166604578495,0.0013020833721384406,0.005859375,0.3294270932674408,0.0520833320915699
292,background_other__esc50__fold_4__4-184434-A-21__0038.wav,background_other,background_other,1,4,0.4931640625,dog_bark,0.220703125,glass_breaking,0.1533203125,0.4931640625,0.220703125,0.1533203125,0.083984375,0.0068359375,0.041015625
293,background_other__esc50__fold_4__4-197454-B-28__0039.wav,background_other,background_other,1,6,0.6770833134651184,dog_bark,0.1295572966337204,siren,0.1171875,0.6770833134651184,0.1295572966337204,0.0234375,0.03125,0.1171875,0.021484375
294,background_other__esc50__fold_4__4-141365-A-18__0040.wav,background_other,background_other,1,6,0.5384114384651184,glass_breaking,0.4375,gunshot_gunfire,0.009765625,0.5384114384651184,0.001953125,0.4375,0.009765625,0.0078125,0.0045572915114462376
295,background_other__esc50__fold_4__4-165791-A-45__0041.wav,background_other,thunderstorm,0,6,0.505859375,background_other,0.2395833283662796,siren,0.1256510466337204,0.2395833283662796,0.0045572915114462376,0.0013020833721384406,0.1236979141831398,0.1256510466337204,0.505859375
296,background_other__esc50__fold_4__4-172734-A-36__0042.wav,background_other,background_other,1,6,0.6458333134651184,siren,0.322265625,gunshot_gunfire,0.02278645895421505,0.6458333134651184,0.00390625,0.00390625,0.02278645895421505,0.322265625,0.0
297,background_other__esc50__fold_4__4-218199-C-35__0043.wav,background_other,siren,0,6,0.5826823115348816,background_other,0.3704427182674408,glass_breaking,0.041015625,0.3704427182674408,0.0,0.041015625,0.0,0.5826823115348816,0.0045572915114462376
298,background_other__esc50__fold_4__4-197871-A-15__0044.wav,background_other,glass_breaking,0,2,0.845703125,background_other,0.142578125,siren,0.00390625,0.142578125,0.00390625,0.845703125,0.00390625,0.00390625,0.0
299,background_other__esc50__fold_4__4-163609-A-16__0045.wav,background_other,thunderstorm,0,6,0.873046875,background_other,0.0481770820915699,siren,0.0436197929084301,0.0481770820915699,0.0013020833721384406,0.0,0.0325520820915699,0.0436197929084301,0.873046875
300,background_other__esc50__fold_4__4-161103-A-47__0046.wav,background_other,background_other,1,6,0.6419270634651184,thunderstorm,0.189453125,siren,0.0852864608168602,0.6419270634651184,0.00390625,0.001953125,0.0774739608168602,0.0852864608168602,0.189453125
301,background_other__esc50__fold_4__4-198025-A-23__0047.wav,background_other,background_other,1,6,0.5052083134651184,dog_bark,0.4270833432674408,gunshot_gunfire,0.0364583320915699,0.5052083134651184,0.4270833432674408,0.02408854104578495,0.0364583320915699,0.0032552082557231188,0.0032552082557231188
302,background_other__esc50__fold_4__4-172500-A-27__0048.wav,background_other,background_other,1,6,0.6484375,thunderstorm,0.23828125,glass_breaking,0.072265625,0.6484375,0.0045572915114462376,0.072265625,0.03515625,0.001953125,0.23828125
303,background_other__esc50__fold_4__4-187384-A-34__0049.wav,background_other,background_other,1,1,0.36328125,glass_breaking,0.32421875,gunshot_gunfire,0.2890625,0.36328125,0.015625,0.32421875,0.2890625,0.00390625,0.0
304,background_other__esc50__fold_4__4-175855-A-43__0050.wav,background_other,background_other,1,3,0.4440104067325592,siren,0.2981770932674408,thunderstorm,0.1809895783662796,0.4440104067325592,0.0325520820915699,0.010416666977107525,0.0338541679084301,0.2981770932674408,0.1809895783662796
305,background_other__esc50__fold_4__4-149940-B-5__0051.wav,background_other,background_other,1,6,0.5266926884651184,dog_bark,0.2350260466337204,siren,0.1041666641831398,0.5266926884651184,0.2350260466337204,0.0390625,0.01822916604578495,0.1041666641831398,0.0768229141831398
306,background_other__esc50__fold_4__4-165823-B-41__0052.wav,background_other,background_other,1,6,0.8951823115348816,siren,0.0696614608168602,dog_bark,0.01822916604578495,0.8951823115348816,0.01822916604578495,0.0052083334885537624,0.010416666977107525,0.0696614608168602,0.0013020833721384406
307,background_other__esc50__fold_4__4-187769-B-14__0053.wav,background_other,background_other,1,6,0.455078125,siren,0.4342447817325592,thunderstorm,0.037109375,0.455078125,0.02994791604578495,0.03059895895421505,0.012369791977107525,0.4342447817325592,0.037109375
308,background_other__esc50__fold_4__4-147658-A-46__0054.wav,background_other,background_other,1,6,0.49609375,siren,0.4420572817325592,dog_bark,0.03515625,0.49609375,0.03515625,0.02669270895421505,0.0006510416860692203,0.4420572817325592,0.0
309,background_other__esc50__fold_4__4-189832-B-22__0055.wav,background_other,gunshot_gunfire,0,6,0.3665364682674408,thunderstorm,0.318359375,background_other,0.2786458432674408,0.2786458432674408,0.0,0.011067708022892475,0.3665364682674408,0.02604166604578495,0.318359375
310,background_other__esc50__fold_4__4-198841-A-37__0056.wav,background_other,background_other,1,6,0.5358073115348816,siren,0.2565104067325592,glass_breaking,0.197265625,0.5358073115348816,0.0032552082557231188,0.197265625,0.0052083334885537624,0.2565104067325592,0.0
311,background_other__esc50__fold_4__4-179984-A-38__0057.wav,background_other,glass_breaking,0,6,0.4029947817325592,dog_bark,0.3125,background_other,0.2721354067325592,0.2721354067325592,0.3125,0.4029947817325592,0.008463541977107525,0.00390625,0.0
312,background_other__esc50__fold_4__4-169726-A-24__0058.wav,background_other,dog_bark,0,1,0.796875,background_other,0.16015625,gunshot_gunfire,0.03515625,0.16015625,0.796875,0.00390625,0.03515625,0.00390625,0.0
313,background_other__esc50__fold_4__4-213915-B-3__0059.wav,background_other,background_other,1,6,0.53125,siren,0.4212239682674408,dog_bark,0.0455729179084301,0.53125,0.0455729179084301,0.0006510416860692203,0.0,0.4212239682674408,0.0006510416860692203
314,background_other__fsd50k__val__speech__149825__0000.wav,background_other,background_other,1,4,0.443359375,siren,0.3310546875,dog_bark,0.173828125,0.443359375,0.173828125,0.0107421875,0.0380859375,0.3310546875,0.0
315,background_other__fsd50k__val__speech__60689__0001.wav,background_other,background_other,1,13,0.5703125,thunderstorm,0.17578125,siren,0.1625600904226303,0.5703125,0.05919471010565758,0.009615384973585606,0.02133413404226303,0.1625600904226303,0.17578125
316,background_other__fsd50k__val__speech__63276__0002.wav,background_other,background_other,1,12,0.6484375,siren,0.333984375,thunderstorm,0.009440104477107525,0.6484375,0.0052083334885537624,0.0006510416860692203,0.0016276041278615594,0.333984375,0.009440104477107525
317,background_other__fsd50k__val__speech__87703__0003.wav,background_other,background_other,1,1,0.78515625,siren,0.17578125,dog_bark,0.03125,0.78515625,0.03125,0.00390625,0.0,0.17578125,0.0
318,background_other__fsd50k__val__speech__87704__0004.wav,background_other,background_other,1,1,0.796875,siren,0.16015625,dog_bark,0.0390625,0.796875,0.0390625,0.00390625,0.0,0.16015625,0.0
319,background_other__fsd50k__val__speech__239902__0005.wav,background_other,background_other,1,5,0.641406238079071,dog_bark,0.22031250596046448,siren,0.13203124701976776,0.641406238079071,0.22031250596046448,0.00390625,0.0,0.13203124701976776,0.0
320,background_other__fsd50k__val__speech__90177__0006.wav,background_other,background_other,1,1,0.71875,siren,0.12890625,dog_bark,0.11328125,0.71875,0.11328125,0.0,0.00390625,0.12890625,0.03515625
321,background_other__fsd50k__val__speech__258371__0007.wav,background_other,background_other,1,3,0.5859375,dog_bark,0.3203125,siren,0.0755208358168602,0.5859375,0.3203125,0.009114583022892475,0.0065104165114462376,0.0755208358168602,0.0013020833721384406
322,background_other__fsd50k__val__speech__371385__0008.wav,background_other,background_other,1,1,0.640625,dog_bark,0.2265625,siren,0.11328125,0.640625,0.2265625,0.0,0.01171875,0.11328125,0.0
323,background_other__fsd50k__val__speech__257344__0009.wav,background_other,background_other,1,12,0.8756510615348816,dog_bark,0.0494791679084301,gunshot_gunfire,0.0335286445915699,0.8756510615348816,0.0494791679084301,0.013020833022892475,0.0335286445915699,0.02669270895421505,0.0
324,background_other__fsd50k__val__speech__259674__0010.wav,background_other,background_other,1,3,0.88671875,dog_bark,0.0598958320915699,glass_breaking,0.02083333395421505,0.88671875,0.0598958320915699,0.02083333395421505,0.01822916604578495,0.0052083334885537624,0.0078125
325,background_other__fsd50k__val__speech__219772__0011.wav,background_other,background_other,1,5,0.8109375238418579,dog_bark,0.17265625298023224,gunshot_gunfire,0.0078125,0.8109375238418579,0.17265625298023224,0.0015625000232830644,0.0078125,0.007031249813735485,0.0
326,background_other__fsd50k__val__speech__379393__0012.wav,background_other,background_other,1,1,0.95703125,siren,0.03515625,dog_bark,0.0078125,0.95703125,0.0078125,0.0,0.0,0.03515625,0.0
327,background_other__fsd50k__val__speech__220372__0013.wav,background_other,background_other,1,13,0.7521033883094788,dog_bark,0.17097355425357819,siren,0.05438701808452606,0.7521033883094788,0.17097355425357819,0.005108173005282879,0.0072115384973585606,0.05438701808452606,0.010516826994717121
328,background_other__fsd50k__val__speech__19188__0014.wav,background_other,background_other,1,1,0.5546875,siren,0.34765625,dog_bark,0.0859375,0.5546875,0.0859375,0.0,0.0,0.34765625,0.0078125
329,background_other__fsd50k__val__speech__174955__0015.wav,background_other,background_other,1,3,0.9231770634651184,dog_bark,0.0390625,siren,0.03515625,0.9231770634651184,0.0390625,0.0,0.0,0.03515625,0.0013020833721384406
330,background_other__fsd50k__val__speech__19199__0016.wav,background_other,background_other,1,1,0.828125,dog_bark,0.1640625,gunshot_gunfire,0.00390625,0.828125,0.1640625,0.00390625,0.00390625,0.0,0.0
331,background_other__fsd50k__val__speech__12712__0017.wav,background_other,thunderstorm,0,7,0.4893973171710968,background_other,0.3063616156578064,siren,0.1629464328289032,0.3063616156578064,0.01506696455180645,0.0022321429569274187,0.0234375,0.1629464328289032,0.4893973171710968
332,background_other__fsd50k__val__speech__174948__0018.wav,background_other,background_other,1,2,0.95703125,dog_bark,0.0234375,siren,0.01953125,0.95703125,0.0234375,0.0,0.0,0.01953125,0.0
333,background_other__fsd50k__val__speech__316648__0019.wav,background_other,background_other,1,2,0.53515625,dog_bark,0.427734375,siren,0.03515625,0.53515625,0.427734375,0.0,0.001953125,0.03515625,0.0
334,background_other__fsd50k__val__speech__139086__0020.wav,background_other,siren,0,6,0.7174479365348816,background_other,0.251953125,dog_bark,0.029296875,0.251953125,0.029296875,0.0,0.0,0.7174479365348816,0.0
335,background_other__fsd50k__val__speech__411018__0021.wav,background_other,background_other,1,13,0.8188101053237915,siren,0.12830528616905212,dog_bark,0.051983173936605453,0.8188101053237915,0.051983173936605453,0.0003004807804245502,0.0,0.12830528616905212,0.0
336,background_other__fsd50k__val__speech__255880__0022.wav,background_other,background_other,1,2,0.625,dog_bark,0.34375,glass_breaking,0.01953125,0.625,0.34375,0.01953125,0.00390625,0.0078125,0.0
337,background_other__fsd50k__val__speech__132738__0023.wav,background_other,background_other,1,10,0.3218750059604645,siren,0.30078125,dog_bark,0.22265625,0.3218750059604645,0.22265625,0.12148437649011612,0.02773437462747097,0.30078125,0.0054687499068677425
338,background_other__fsd50k__val__music__96557__0000.wav,background_other,background_other,1,5,0.839062511920929,siren,0.10546875,gunshot_gunfire,0.03515625,0.839062511920929,0.0078125,0.0031250000465661287,0.03515625,0.10546875,0.008593750186264515
339,background_other__fsd50k__val__music__181351__0001.wav,background_other,background_other,1,9,0.5763888955116272,dog_bark,0.2213541716337204,siren,0.1467013955116272,0.5763888955116272,0.2213541716337204,0.0295138880610466,0.0203993059694767,0.1467013955116272,0.006076388992369175
340,background_other__fsd50k__val__music__52219__0002.wav,background_other,glass_breaking,0,13,0.954026460647583,background_other,0.04507211595773697,gunshot_gunfire,0.0012019231216982007,0.04507211595773697,0.0,0.954026460647583,0.0012019231216982007,0.0,0.0
341,background_other__fsd50k__val__music__165832__0003.wav,background_other,siren,0,5,0.515625,background_other,0.3609375059604645,dog_bark,0.10546875,0.3609375059604645,0.10546875,0.01796874962747097,0.0007812500116415322,0.515625,0.0
342,background_other__fsd50k__val__music__377358__0004.wav,background_other,glass_breaking,0,1,0.87109375,gunshot_gunfire,0.0625,background_other,0.04296875,0.04296875,0.015625,0.87109375,0.0625,0.0078125,0.0
343,background_other__fsd50k__val__music__7265__0005.wav,background_other,background_other,1,1,0.45703125,background_other,0.45703125,dog_bark,0.06640625,0.45703125,0.06640625,0.01171875,0.00390625,0.45703125,0.00390625
344,background_other__fsd50k__val__music__160710__0006.wav,background_other,background_other,1,7,0.4547991156578064,glass_breaking,0.4268973171710968,gunshot_gunfire,0.0770089253783226,0.4547991156578064,0.0027901786379516125,0.4268973171710968,0.0770089253783226,0.00390625,0.0334821417927742
345,background_other__fsd50k__val__music__149895__0007.wav,background_other,background_other,1,4,0.734375,siren,0.099609375,dog_bark,0.09375,0.734375,0.09375,0.056640625,0.0146484375,0.099609375,0.0009765625
346,background_other__fsd50k__val__music__754__0008.wav,background_other,background_other,1,3,0.8736979365348816,siren,0.1106770858168602,dog_bark,0.01171875,0.8736979365348816,0.01171875,0.0052083334885537624,0.0,0.1106770858168602,0.0
347,background_other__fsd50k__val__music__428237__0009.wav,background_other,background_other,1,6,0.4759114682674408,siren,0.3072916567325592,glass_breaking,0.10546875,0.4759114682674408,0.103515625,0.10546875,0.0078125,0.3072916567325592,0.0
348,background_other__fsd50k__val__music__186509__0010.wav,background_other,glass_breaking,0,5,0.698437511920929,background_other,0.24062499403953552,siren,0.05312500149011612,0.24062499403953552,0.0062500000931322575,0.698437511920929,0.0,0.05312500149011612,0.0
349,background_other__fsd50k__val__music__420945__0011.wav,background_other,background_other,1,10,0.614062488079071,siren,0.3812499940395355,gunshot_gunfire,0.001953125,0.614062488079071,0.0011718750465661287,0.0,0.001953125,0.3812499940395355,0.0
350,background_other__fsd50k__val__human_non_speech__241721__0000.wav,background_other,thunderstorm,0,13,0.60546875,gunshot_gunfire,0.15805289149284363,background_other,0.14903846383094788,0.14903846383094788,0.005408653989434242,0.00390625,0.15805289149284363,0.07722355425357819,0.60546875
351,background_other__fsd50k__val__human_non_speech__339954__0001.wav,background_other,thunderstorm,0,13,0.4296875,background_other,0.3404447138309479,siren,0.17457932233810425,0.3404447138309479,0.0003004807804245502,0.0015024038730189204,0.05228365212678909,0.17457932233810425,0.4296875
352,background_other__fsd50k__val__human_non_speech__109596__0002.wav,background_other,background_other,1,1,0.91015625,dog_bark,0.05859375,siren,0.02734375,0.91015625,0.05859375,0.0,0.0,0.02734375,0.00390625
353,background_other__fsd50k__val__human_non_speech__207829__0003.wav,background_other,background_other,1,2,0.6484375,siren,0.259765625,dog_bark,0.056640625,0.6484375,0.056640625,0.0,0.033203125,0.259765625,0.0
354,background_other__fsd50k__val__human_non_speech__198938__0004.wav,background_other,background_other,1,13,0.6277043223381042,thunderstorm,0.16526442766189575,gunshot_gunfire,0.16436298191547394,0.6277043223381042,0.0012019231216982007,0.020132211968302727,0.16436298191547394,0.021935096010565758,0.16526442766189575
355,background_other__fsd50k__val__human_non_speech__412310__0005.wav,background_other,background_other,1,3,0.5377604365348816,glass_breaking,0.33984375,gunshot_gunfire,0.0833333358168602,0.5377604365348816,0.00390625,0.33984375,0.0833333358168602,0.0013020833721384406,0.0364583320915699
356,background_other__fsd50k__val__human_non_speech__196091__0006.wav,background_other,background_other,1,13,0.359375,thunderstorm,0.3209134638309479,gunshot_gunfire,0.19200721383094788,0.359375,0.0,0.12289663404226303,0.19200721383094788,0.0045072115026414394,0.3209134638309479
357,background_other__fsd50k__val__human_non_speech__108926__0007.wav,background_other,background_other,1,1,0.91015625,glass_breaking,0.0390625,siren,0.02734375,0.91015625,0.01953125,0.0390625,0.00390625,0.02734375,0.0
358,background_other__fsd50k__val__hard_negative__48980__0000.wav,background_other,gunshot_gunfire,0,1,0.77734375,background_other,0.13671875,glass_breaking,0.0546875,0.13671875,0.01171875,0.0546875,0.77734375,0.0078125,0.01171875
359,background_other__fsd50k__val__hard_negative__34805__0001.wav,background_other,glass_breaking,0,2,0.498046875,background_other,0.41015625,dog_bark,0.046875,0.41015625,0.046875,0.498046875,0.0078125,0.037109375,0.001953125
360,background_other__fsd50k__val__hard_negative__197866__0002.wav,background_other,background_other,1,6,0.5397135615348816,glass_breaking,0.28125,dog_bark,0.12890625,0.5397135615348816,0.12890625,0.28125,0.0403645820915699,0.0065104165114462376,0.00390625
361,background_other__fsd50k__val__hard_negative__201589__0003.wav,background_other,glass_breaking,0,13,0.7172476053237915,background_other,0.22055289149284363,gunshot_gunfire,0.026742788031697273,0.22055289149284363,0.012319711968302727,0.7172476053237915,0.026742788031697273,0.013221153989434242,0.008713942021131516
362,background_other__fsd50k__val__hard_negative__132340__0004.wav,background_other,glass_breaking,0,13,0.8569711446762085,background_other,0.12560096383094788,siren,0.008713942021131516,0.12560096383094788,0.002704326994717121,0.8569711446762085,0.004206730984151363,0.008713942021131516,0.0015024038730189204
363,background_other__fsd50k__val__hard_negative__268126__0005.wav,background_other,gunshot_gunfire,0,13,0.41015625,background_other,0.27704328298568726,glass_breaking,0.17878605425357819,0.27704328298568726,0.11117788404226303,0.17878605425357819,0.41015625,0.009615384973585606,0.013521634973585606
364,background_other__fsd50k__val__hard_negative__170243__0006.wav,background_other,background_other,1,1,0.90625,glass_breaking,0.03125,dog_bark,0.03125,0.90625,0.03125,0.03125,0.00390625,0.01953125,0.00390625
365,background_other__fsd50k__val__hard_negative__70058__0007.wav,background_other,glass_breaking,0,1,0.98046875,background_other,0.015625,dog_bark,0.00390625,0.015625,0.00390625,0.98046875,0.0,0.0,0.0
366,background_other__fsd50k__val__general__331702__0000.wav,background_other,background_other,1,7,0.4787946343421936,thunderstorm,0.2349330335855484,glass_breaking,0.1863839328289032,0.4787946343421936,0.006138392724096775,0.1863839328289032,0.0837053582072258,0.010044642724096775,0.2349330335855484
367,background_other__fsd50k__val__general__171037__0001.wav,background_other,background_other,1,13,0.79296875,glass_breaking,0.11418269574642181,gunshot_gunfire,0.06370192021131516,0.79296875,0.0,0.11418269574642181,0.06370192021131516,0.003004807746037841,0.024338942021131516
368,background_other__fsd50k__val__general__353953__0002.wav,background_other,thunderstorm,0,12,0.5693359375,background_other,0.2373046875,gunshot_gunfire,0.0986328125,0.2373046875,0.02734375,0.0354817695915699,0.0986328125,0.0322265625,0.5693359375
369,background_other__fsd50k__val__general__391942__0003.wav,background_other,background_other,1,9,0.3949652910232544,glass_breaking,0.3923611044883728,thunderstorm,0.0833333358168602,0.3949652910232544,0.0368923619389534,0.3923611044883728,0.0833333358168602,0.0086805559694767,0.0833333358168602
370,background_other__fsd50k__val__general__106731__0004.wav,background_other,thunderstorm,0,13,0.48647835850715637,background_other,0.34765625,gunshot_gunfire,0.12590144574642181,0.34765625,0.0006009615608491004,0.009014423005282879,0.12590144574642181,0.030649038031697273,0.48647835850715637
371,background_other__fsd50k__val__general__368470__0005.wav,background_other,thunderstorm,0,7,0.9017857313156128,background_other,0.0625,gunshot_gunfire,0.0301339291036129,0.0625,0.0,0.0022321429569274187,0.0301339291036129,0.0011160714784637094,0.9017857313156128
372,background_other__fsd50k__val__general__107931__0006.wav,background_other,background_other,1,11,0.6228693127632141,siren,0.1580255627632141,dog_bark,0.08771307021379471,0.6228693127632141,0.08771307021379471,0.057883523404598236,0.004616477061063051,0.1580255627632141,0.06818182021379471
373,background_other__fsd50k__val__general__47388__0007.wav,background_other,glass_breaking,0,1,0.55859375,background_other,0.39453125,gunshot_gunfire,0.0390625,0.39453125,0.00390625,0.55859375,0.0390625,0.00390625,0.0
