score_threshold,minimum_spectrogram_sum,gunshot_trials_detected,ood_false_alert_trials,speech_false_alert_trials
0.25,4000.0,4,2,0
0.25,5000.0,3,2,0
0.25,6000.0,3,2,0
0.25,7000.0,3,2,0
0.25,8000.0,3,2,0
0.25,9000.0,3,2,0
0.25,10000.0,2,2,0
0.25,11000.0,2,2,0
0.25,12000.0,2,2,0
0.25,13000.0,2,2,0
0.25,14000.0,1,2,0
0.25,15000.0,1,2,0
0.25,16000.0,1,2,0
0.25,17000.0,1,2,0
0.25,18000.0,1,2,0
0.25,19000.0,1,2,0
0.25,20000.0,1,2,0
0.25,21000.0,1,2,0
0.25,22000.0,1,2,0
0.25,23000.0,0,2,0
0.25,24000.0,0,2,0
0.25,25000.0,0,2,0
0.25,26000.0,0,1,0
0.25,27000.0,0,0,0
0.25,28000.0,0,0,0
0.25,29000.0,0,0,0
0.25,30000.0,0,0,0
0.26,4000.0,4,2,0
0.26,5000.0,3,2,0
0.26,6000.0,3,2,0
0.26,7000.0,3,2,0
0.26,8000.0,3,2,0
0.26,9000.0,3,2,0
0.26,10000.0,2,2,0
0.26,11000.0,2,2,0
0.26,12000.0,2,2,0
0.26,13000.0,2,2,0
0.26,14000.0,1,2,0
0.26,15000.0,1,2,0
0.26,16000.0,1,2,0
0.26,17000.0,1,2,0
0.26,18000.0,1,2,0
0.26,19000.0,1,2,0
0.26,20000.0,1,2,0
0.26,21000.0,1,2,0
0.26,22000.0,1,2,0
0.26,23000.0,0,2,0
0.26,24000.0,0,2,0
0.26,25000.0,0,2,0
0.26,26000.0,0,1,0
0.26,27000.0,0,0,0
0.26,28000.0,0,0,0
0.26,29000.0,0,0,0
0.26,30000.0,0,0,0
0.27,4000.0,4,2,0
0.27,5000.0,3,2,0
0.27,6000.0,3,2,0
0.27,7000.0,3,2,0
0.27,8000.0,3,2,0
0.27,9000.0,3,2,0
0.27,10000.0,2,2,0
0.27,11000.0,2,2,0
0.27,12000.0,2,2,0
0.27,13000.0,2,2,0
0.27,14000.0,1,2,0
0.27,15000.0,1,2,0
0.27,16000.0,1,2,0
0.27,17000.0,1,2,0
0.27,18000.0,1,2,0
0.27,19000.0,1,2,0
0.27,20000.0,1,2,0
0.27,21000.0,1,2,0
0.27,22000.0,1,2,0
0.27,23000.0,0,2,0
0.27,24000.0,0,2,0
0.27,25000.0,0,2,0
0.27,26000.0,0,1,0
0.27,27000.0,0,0,0
0.27,28000.0,0,0,0
0.27,29000.0,0,0,0
0.27,30000.0,0,0,0
0.28,4000.0,4,2,0
0.28,5000.0,3,2,0
0.28,6000.0,3,2,0
0.28,7000.0,3,2,0
0.28,8000.0,3,2,0
0.28,9000.0,3,2,0
0.28,10000.0,2,2,0
0.28,11000.0,2,2,0
0.28,12000.0,2,2,0
0.28,13000.0,2,2,0
0.28,14000.0,1,2,0
0.28,15000.0,1,2,0
0.28,16000.0,1,2,0
0.28,17000.0,1,2,0
0.28,18000.0,1,2,0
0.28,19000.0,1,2,0
0.28,20000.0,1,2,0
0.28,21000.0,1,2,0
0.28,22000.0,1,2,0
0.28,23000.0,0,2,0
0.28,24000.0,0,2,0
0.28,25000.0,0,2,0
0.28,26000.0,0,1,0
0.28,27000.0,0,0,0
0.28,28000.0,0,0,0
0.28,29000.0,0,0,0
0.28,30000.0,0,0,0
0.29,4000.0,4,2,0
0.29,5000.0,3,2,0
0.29,6000.0,3,2,0
0.29,7000.0,3,2,0
0.29,8000.0,3,2,0
0.29,9000.0,3,2,0
0.29,10000.0,2,2,0
0.29,11000.0,2,2,0
0.29,12000.0,2,2,0
0.29,13000.0,2,2,0
0.29,14000.0,1,2,0
0.29,15000.0,1,2,0
0.29,16000.0,1,2,0
0.29,17000.0,1,2,0
0.29,18000.0,1,2,0
0.29,19000.0,1,2,0
0.29,20000.0,1,2,0
0.29,21000.0,1,2,0
0.29,22000.0,1,2,0
0.29,23000.0,0,2,0
0.29,24000.0,0,2,0
0.29,25000.0,0,2,0
0.29,26000.0,0,1,0
0.29,27000.0,0,0,0
0.29,28000.0,0,0,0
0.29,29000.0,0,0,0
0.29,30000.0,0,0,0
0.3,4000.0,4,2,0
0.3,5000.0,3,2,0
0.3,6000.0,3,2,0
0.3,7000.0,3,2,0
0.3,8000.0,3,2,0
0.3,9000.0,3,2,0
0.3,10000.0,2,2,0
0.3,11000.0,2,2,0
0.3,12000.0,2,2,0
0.3,13000.0,2,2,0
0.3,14000.0,1,2,0
0.3,15000.0,1,2,0
0.3,16000.0,1,2,0
0.3,17000.0,1,2,0
0.3,18000.0,1,2,0
0.3,19000.0,1,2,0
0.3,20000.0,1,2,0
0.3,21000.0,1,2,0
0.3,22000.0,1,2,0
0.3,23000.0,0,2,0
0.3,24000.0,0,2,0
0.3,25000.0,0,2,0
0.3,26000.0,0,1,0
0.3,27000.0,0,0,0
0.3,28000.0,0,0,0
0.3,29000.0,0,0,0
0.3,30000.0,0,0,0
0.31,4000.0,4,2,0
0.31,5000.0,3,2,0
0.31,6000.0,3,2,0
0.31,7000.0,3,2,0
0.31,8000.0,3,2,0
0.31,9000.0,3,2,0
0.31,10000.0,2,2,0
0.31,11000.0,2,2,0
0.31,12000.0,2,2,0
0.31,13000.0,2,2,0
0.31,14000.0,1,2,0
0.31,15000.0,1,2,0
0.31,16000.0,1,2,0
0.31,17000.0,1,2,0
0.31,18000.0,1,2,0
0.31,19000.0,1,2,0
0.31,20000.0,1,2,0
0.31,21000.0,1,2,0
0.31,22000.0,1,2,0
0.31,23000.0,0,2,0
0.31,24000.0,0,2,0
0.31,25000.0,0,2,0
0.31,26000.0,0,1,0
0.31,27000.0,0,0,0
0.31,28000.0,0,0,0
0.31,29000.0,0,0,0
0.31,30000.0,0,0,0
0.32,4000.0,4,2,0
0.32,5000.0,3,2,0
0.32,6000.0,3,2,0
0.32,7000.0,3,2,0
0.32,8000.0,3,2,0
0.32,9000.0,3,2,0
0.32,10000.0,2,2,0
0.32,11000.0,2,2,0
0.32,12000.0,2,2,0
0.32,13000.0,2,2,0
0.32,14000.0,1,2,0
0.32,15000.0,1,2,0
0.32,16000.0,1,2,0
0.32,17000.0,1,2,0
0.32,18000.0,1,2,0
0.32,19000.0,1,2,0
0.32,20000.0,1,2,0
0.32,21000.0,1,2,0
0.32,22000.0,1,2,0
0.32,23000.0,0,2,0
0.32,24000.0,0,2,0
0.32,25000.0,0,2,0
0.32,26000.0,0,1,0
0.32,27000.0,0,0,0
0.32,28000.0,0,0,0
0.32,29000.0,0,0,0
0.32,30000.0,0,0,0
0.33,4000.0,4,2,0
0.33,5000.0,3,2,0
0.33,6000.0,3,2,0
0.33,7000.0,3,2,0
0.33,8000.0,3,2,0
0.33,9000.0,3,2,0
0.33,10000.0,2,2,0
0.33,11000.0,2,2,0
0.33,12000.0,2,2,0
0.33,13000.0,2,2,0
0.33,14000.0,1,2,0
0.33,15000.0,1,2,0
0.33,16000.0,1,2,0
0.33,17000.0,1,2,0
0.33,18000.0,1,2,0
0.33,19000.0,1,2,0
0.33,20000.0,1,2,0
0.33,21000.0,1,2,0
0.33,22000.0,1,2,0
0.33,23000.0,0,2,0
0.33,24000.0,0,2,0
0.33,25000.0,0,2,0
0.33,26000.0,0,1,0
0.33,27000.0,0,0,0
0.33,28000.0,0,0,0
0.33,29000.0,0,0,0
0.33,30000.0,0,0,0
0.34,4000.0,4,2,0
0.34,5000.0,3,2,0
0.34,6000.0,3,2,0
0.34,7000.0,3,2,0
0.34,8000.0,3,2,0
0.34,9000.0,3,2,0
0.34,10000.0,2,2,0
0.34,11000.0,2,2,0
0.34,12000.0,2,2,0
0.34,13000.0,2,2,0
0.34,14000.0,1,2,0
0.34,15000.0,1,2,0
0.34,16000.0,1,2,0
0.34,17000.0,1,2,0
0.34,18000.0,1,2,0
0.34,19000.0,1,2,0
0.34,20000.0,1,2,0
0.34,21000.0,1,2,0
0.34,22000.0,1,2,0
0.34,23000.0,0,2,0
0.34,24000.0,0,2,0
0.34,25000.0,0,2,0
0.34,26000.0,0,1,0
0.34,27000.0,0,0,0
0.34,28000.0,0,0,0
0.34,29000.0,0,0,0
0.34,30000.0,0,0,0
0.35,4000.0,3,2,0
0.35,5000.0,2,2,0
0.35,6000.0,2,2,0
0.35,7000.0,2,2,0
0.35,8000.0,2,2,0
0.35,9000.0,2,2,0
0.35,10000.0,1,2,0
0.35,11000.0,1,2,0
0.35,12000.0,1,2,0
0.35,13000.0,1,2,0
0.35,14000.0,1,2,0
0.35,15000.0,1,2,0
0.35,16000.0,1,2,0
0.35,17000.0,1,2,0
0.35,18000.0,1,2,0
0.35,19000.0,1,2,0
0.35,20000.0,1,2,0
0.35,21000.0,1,2,0
0.35,22000.0,1,2,0
0.35,23000.0,0,2,0
0.35,24000.0,0,2,0
0.35,25000.0,0,2,0
0.35,26000.0,0,1,0
0.35,27000.0,0,0,0
0.35,28000.0,0,0,0
0.35,29000.0,0,0,0
0.35,30000.0,0,0,0
0.36,4000.0,2,2,0
0.36,5000.0,1,2,0
0.36,6000.0,1,2,0
0.36,7000.0,1,2,0
0.36,8000.0,1,2,0
0.36,9000.0,1,2,0
0.36,10000.0,0,2,0
0.36,11000.0,0,2,0
0.36,12000.0,0,2,0
0.36,13000.0,0,2,0
0.36,14000.0,0,2,0
0.36,15000.0,0,2,0
0.36,16000.0,0,2,0
0.36,17000.0,0,2,0
0.36,18000.0,0,2,0
0.36,19000.0,0,2,0
0.36,20000.0,0,2,0
0.36,21000.0,0,2,0
0.36,22000.0,0,2,0
0.36,23000.0,0,2,0
0.36,24000.0,0,2,0
0.36,25000.0,0,2,0
0.36,26000.0,0,1,0
0.36,27000.0,0,0,0
0.36,28000.0,0,0,0
0.36,29000.0,0,0,0
0.36,30000.0,0,0,0
0.37,4000.0,2,2,0
0.37,5000.0,1,2,0
0.37,6000.0,1,2,0
0.37,7000.0,1,2,0
0.37,8000.0,1,2,0
0.37,9000.0,1,2,0
0.37,10000.0,0,2,0
0.37,11000.0,0,2,0
0.37,12000.0,0,2,0
0.37,13000.0,0,2,0
0.37,14000.0,0,2,0
0.37,15000.0,0,2,0
0.37,16000.0,0,2,0
0.37,17000.0,0,2,0
0.37,18000.0,0,2,0
0.37,19000.0,0,2,0
0.37,20000.0,0,2,0
0.37,21000.0,0,2,0
0.37,22000.0,0,2,0
0.37,23000.0,0,2,0
0.37,24000.0,0,2,0
0.37,25000.0,0,2,0
0.37,26000.0,0,1,0
0.37,27000.0,0,0,0
0.37,28000.0,0,0,0
0.37,29000.0,0,0,0
0.37,30000.0,0,0,0
0.38,4000.0,2,2,0
0.38,5000.0,1,2,0
0.38,6000.0,1,2,0
0.38,7000.0,1,2,0
0.38,8000.0,1,2,0
0.38,9000.0,1,2,0
0.38,10000.0,0,2,0
0.38,11000.0,0,2,0
0.38,12000.0,0,2,0
0.38,13000.0,0,2,0
0.38,14000.0,0,2,0
0.38,15000.0,0,2,0
0.38,16000.0,0,2,0
0.38,17000.0,0,2,0
0.38,18000.0,0,2,0
0.38,19000.0,0,2,0
0.38,20000.0,0,2,0
0.38,21000.0,0,2,0
0.38,22000.0,0,2,0
0.38,23000.0,0,2,0
0.38,24000.0,0,2,0
0.38,25000.0,0,2,0
0.38,26000.0,0,1,0
0.38,27000.0,0,0,0
0.38,28000.0,0,0,0
0.38,29000.0,0,0,0
0.38,30000.0,0,0,0
0.39,4000.0,2,2,0
0.39,5000.0,1,2,0
0.39,6000.0,1,2,0
0.39,7000.0,1,2,0
0.39,8000.0,1,2,0
0.39,9000.0,1,2,0
0.39,10000.0,0,2,0
0.39,11000.0,0,2,0
0.39,12000.0,0,2,0
0.39,13000.0,0,2,0
0.39,14000.0,0,2,0
0.39,15000.0,0,2,0
0.39,16000.0,0,2,0
0.39,17000.0,0,2,0
0.39,18000.0,0,2,0
0.39,19000.0,0,2,0
0.39,20000.0,0,2,0
0.39,21000.0,0,2,0
0.39,22000.0,0,2,0
0.39,23000.0,0,2,0
0.39,24000.0,0,2,0
0.39,25000.0,0,2,0
0.39,26000.0,0,1,0
0.39,27000.0,0,0,0
0.39,28000.0,0,0,0
0.39,29000.0,0,0,0
0.39,30000.0,0,0,0
0.4,4000.0,2,2,0
0.4,5000.0,1,2,0
0.4,6000.0,1,2,0
0.4,7000.0,1,2,0
0.4,8000.0,1,2,0
0.4,9000.0,1,2,0
0.4,10000.0,0,2,0
0.4,11000.0,0,2,0
0.4,12000.0,0,2,0
0.4,13000.0,0,2,0
0.4,14000.0,0,2,0
0.4,15000.0,0,2,0
0.4,16000.0,0,2,0
0.4,17000.0,0,2,0
0.4,18000.0,0,2,0
0.4,19000.0,0,2,0
0.4,20000.0,0,2,0
0.4,21000.0,0,2,0
0.4,22000.0,0,2,0
0.4,23000.0,0,2,0
0.4,24000.0,0,2,0
0.4,25000.0,0,2,0
0.4,26000.0,0,1,0
0.4,27000.0,0,0,0
0.4,28000.0,0,0,0
0.4,29000.0,0,0,0
0.4,30000.0,0,0,0
0.41,4000.0,1,2,0
0.41,5000.0,1,2,0
0.41,6000.0,1,2,0
0.41,7000.0,1,2,0
0.41,8000.0,1,2,0
0.41,9000.0,1,2,0
0.41,10000.0,0,2,0
0.41,11000.0,0,2,0
0.41,12000.0,0,2,0
0.41,13000.0,0,2,0
0.41,14000.0,0,2,0
0.41,15000.0,0,2,0
0.41,16000.0,0,2,0
0.41,17000.0,0,2,0
0.41,18000.0,0,2,0
0.41,19000.0,0,2,0
0.41,20000.0,0,2,0
0.41,21000.0,0,2,0
0.41,22000.0,0,2,0
0.41,23000.0,0,2,0
0.41,24000.0,0,2,0
0.41,25000.0,0,2,0
0.41,26000.0,0,1,0
0.41,27000.0,0,0,0
0.41,28000.0,0,0,0
0.41,29000.0,0,0,0
0.41,30000.0,0,0,0
0.42,4000.0,1,2,0
0.42,5000.0,1,2,0
0.42,6000.0,1,2,0
0.42,7000.0,1,2,0
0.42,8000.0,1,2,0
0.42,9000.0,1,2,0
0.42,10000.0,0,2,0
0.42,11000.0,0,2,0
0.42,12000.0,0,2,0
0.42,13000.0,0,2,0
0.42,14000.0,0,2,0
0.42,15000.0,0,2,0
0.42,16000.0,0,2,0
0.42,17000.0,0,2,0
0.42,18000.0,0,2,0
0.42,19000.0,0,2,0
0.42,20000.0,0,2,0
0.42,21000.0,0,2,0
0.42,22000.0,0,2,0
0.42,23000.0,0,2,0
0.42,24000.0,0,2,0
0.42,25000.0,0,2,0
0.42,26000.0,0,1,0
0.42,27000.0,0,0,0
0.42,28000.0,0,0,0
0.42,29000.0,0,0,0
0.42,30000.0,0,0,0
0.43,4000.0,1,0,0
0.43,5000.0,1,0,0
0.43,6000.0,1,0,0
0.43,7000.0,1,0,0
0.43,8000.0,1,0,0
0.43,9000.0,1,0,0
0.43,10000.0,0,0,0
0.43,11000.0,0,0,0
0.43,12000.0,0,0,0
0.43,13000.0,0,0,0
0.43,14000.0,0,0,0
0.43,15000.0,0,0,0
0.43,16000.0,0,0,0
0.43,17000.0,0,0,0
0.43,18000.0,0,0,0
0.43,19000.0,0,0,0
0.43,20000.0,0,0,0
0.43,21000.0,0,0,0
0.43,22000.0,0,0,0
0.43,23000.0,0,0,0
0.43,24000.0,0,0,0
0.43,25000.0,0,0,0
0.43,26000.0,0,0,0
0.43,27000.0,0,0,0
0.43,28000.0,0,0,0
0.43,29000.0,0,0,0
0.43,30000.0,0,0,0
0.44,4000.0,1,0,0
0.44,5000.0,1,0,0
0.44,6000.0,1,0,0
0.44,7000.0,1,0,0
0.44,8000.0,1,0,0
0.44,9000.0,1,0,0
0.44,10000.0,0,0,0
0.44,11000.0,0,0,0
0.44,12000.0,0,0,0
0.44,13000.0,0,0,0
0.44,14000.0,0,0,0
0.44,15000.0,0,0,0
0.44,16000.0,0,0,0
0.44,17000.0,0,0,0
0.44,18000.0,0,0,0
0.44,19000.0,0,0,0
0.44,20000.0,0,0,0
0.44,21000.0,0,0,0
0.44,22000.0,0,0,0
0.44,23000.0,0,0,0
0.44,24000.0,0,0,0
0.44,25000.0,0,0,0
0.44,26000.0,0,0,0
0.44,27000.0,0,0,0
0.44,28000.0,0,0,0
0.44,29000.0,0,0,0
0.44,30000.0,0,0,0
0.45,4000.0,1,0,0
0.45,5000.0,1,0,0
0.45,6000.0,1,0,0
0.45,7000.0,1,0,0
0.45,8000.0,1,0,0
0.45,9000.0,1,0,0
0.45,10000.0,0,0,0
0.45,11000.0,0,0,0
0.45,12000.0,0,0,0
0.45,13000.0,0,0,0
0.45,14000.0,0,0,0
0.45,15000.0,0,0,0
0.45,16000.0,0,0,0
0.45,17000.0,0,0,0
0.45,18000.0,0,0,0
0.45,19000.0,0,0,0
0.45,20000.0,0,0,0
0.45,21000.0,0,0,0
0.45,22000.0,0,0,0
0.45,23000.0,0,0,0
0.45,24000.0,0,0,0
0.45,25000.0,0,0,0
0.45,26000.0,0,0,0
0.45,27000.0,0,0,0
0.45,28000.0,0,0,0
0.45,29000.0,0,0,0
0.45,30000.0,0,0,0
0.46,4000.0,1,0,0
0.46,5000.0,1,0,0
0.46,6000.0,1,0,0
0.46,7000.0,1,0,0
0.46,8000.0,1,0,0
0.46,9000.0,1,0,0
0.46,10000.0,0,0,0
0.46,11000.0,0,0,0
0.46,12000.0,0,0,0
0.46,13000.0,0,0,0
0.46,14000.0,0,0,0
0.46,15000.0,0,0,0
0.46,16000.0,0,0,0
0.46,17000.0,0,0,0
0.46,18000.0,0,0,0
0.46,19000.0,0,0,0
0.46,20000.0,0,0,0
0.46,21000.0,0,0,0
0.46,22000.0,0,0,0
0.46,23000.0,0,0,0
0.46,24000.0,0,0,0
0.46,25000.0,0,0,0
0.46,26000.0,0,0,0
0.46,27000.0,0,0,0
0.46,28000.0,0,0,0
0.46,29000.0,0,0,0
0.46,30000.0,0,0,0
0.47,4000.0,1,0,0
0.47,5000.0,1,0,0
0.47,6000.0,1,0,0
0.47,7000.0,1,0,0
0.47,8000.0,1,0,0
0.47,9000.0,1,0,0
0.47,10000.0,0,0,0
0.47,11000.0,0,0,0
0.47,12000.0,0,0,0
0.47,13000.0,0,0,0
0.47,14000.0,0,0,0
0.47,15000.0,0,0,0
0.47,16000.0,0,0,0
0.47,17000.0,0,0,0
0.47,18000.0,0,0,0
0.47,19000.0,0,0,0
0.47,20000.0,0,0,0
0.47,21000.0,0,0,0
0.47,22000.0,0,0,0
0.47,23000.0,0,0,0
0.47,24000.0,0,0,0
0.47,25000.0,0,0,0
0.47,26000.0,0,0,0
0.47,27000.0,0,0,0
0.47,28000.0,0,0,0
0.47,29000.0,0,0,0
0.47,30000.0,0,0,0
0.48,4000.0,1,0,0
0.48,5000.0,1,0,0
0.48,6000.0,1,0,0
0.48,7000.0,1,0,0
0.48,8000.0,1,0,0
0.48,9000.0,1,0,0
0.48,10000.0,0,0,0
0.48,11000.0,0,0,0
0.48,12000.0,0,0,0
0.48,13000.0,0,0,0
0.48,14000.0,0,0,0
0.48,15000.0,0,0,0
0.48,16000.0,0,0,0
0.48,17000.0,0,0,0
0.48,18000.0,0,0,0
0.48,19000.0,0,0,0
0.48,20000.0,0,0,0
0.48,21000.0,0,0,0
0.48,22000.0,0,0,0
0.48,23000.0,0,0,0
0.48,24000.0,0,0,0
0.48,25000.0,0,0,0
0.48,26000.0,0,0,0
0.48,27000.0,0,0,0
0.48,28000.0,0,0,0
0.48,29000.0,0,0,0
0.48,30000.0,0,0,0
0.49,4000.0,1,0,0
0.49,5000.0,1,0,0
0.49,6000.0,1,0,0
0.49,7000.0,1,0,0
0.49,8000.0,1,0,0
0.49,9000.0,1,0,0
0.49,10000.0,0,0,0
0.49,11000.0,0,0,0
0.49,12000.0,0,0,0
0.49,13000.0,0,0,0
0.49,14000.0,0,0,0
0.49,15000.0,0,0,0
0.49,16000.0,0,0,0
0.49,17000.0,0,0,0
0.49,18000.0,0,0,0
0.49,19000.0,0,0,0
0.49,20000.0,0,0,0
0.49,21000.0,0,0,0
0.49,22000.0,0,0,0
0.49,23000.0,0,0,0
0.49,24000.0,0,0,0
0.49,25000.0,0,0,0
0.49,26000.0,0,0,0
0.49,27000.0,0,0,0
0.49,28000.0,0,0,0
0.49,29000.0,0,0,0
0.49,30000.0,0,0,0
0.5,4000.0,1,0,0
0.5,5000.0,1,0,0
0.5,6000.0,1,0,0
0.5,7000.0,1,0,0
0.5,8000.0,1,0,0
0.5,9000.0,1,0,0
0.5,10000.0,0,0,0
0.5,11000.0,0,0,0
0.5,12000.0,0,0,0
0.5,13000.0,0,0,0
0.5,14000.0,0,0,0
0.5,15000.0,0,0,0
0.5,16000.0,0,0,0
0.5,17000.0,0,0,0
0.5,18000.0,0,0,0
0.5,19000.0,0,0,0
0.5,20000.0,0,0,0
0.5,21000.0,0,0,0
0.5,22000.0,0,0,0
0.5,23000.0,0,0,0
0.5,24000.0,0,0,0
0.5,25000.0,0,0,0
0.5,26000.0,0,0,0
0.5,27000.0,0,0,0
0.5,28000.0,0,0,0
0.5,29000.0,0,0,0
0.5,30000.0,0,0,0
0.51,4000.0,1,0,0
0.51,5000.0,1,0,0
0.51,6000.0,1,0,0
0.51,7000.0,1,0,0
0.51,8000.0,1,0,0
0.51,9000.0,1,0,0
0.51,10000.0,0,0,0
0.51,11000.0,0,0,0
0.51,12000.0,0,0,0
0.51,13000.0,0,0,0
0.51,14000.0,0,0,0
0.51,15000.0,0,0,0
0.51,16000.0,0,0,0
0.51,17000.0,0,0,0
0.51,18000.0,0,0,0
0.51,19000.0,0,0,0
0.51,20000.0,0,0,0
0.51,21000.0,0,0,0
0.51,22000.0,0,0,0
0.51,23000.0,0,0,0
0.51,24000.0,0,0,0
0.51,25000.0,0,0,0
0.51,26000.0,0,0,0
0.51,27000.0,0,0,0
0.51,28000.0,0,0,0
0.51,29000.0,0,0,0
0.51,30000.0,0,0,0
0.52,4000.0,1,0,0
0.52,5000.0,1,0,0
0.52,6000.0,1,0,0
0.52,7000.0,1,0,0
0.52,8000.0,1,0,0
0.52,9000.0,1,0,0
0.52,10000.0,0,0,0
0.52,11000.0,0,0,0
0.52,12000.0,0,0,0
0.52,13000.0,0,0,0
0.52,14000.0,0,0,0
0.52,15000.0,0,0,0
0.52,16000.0,0,0,0
0.52,17000.0,0,0,0
0.52,18000.0,0,0,0
0.52,19000.0,0,0,0
0.52,20000.0,0,0,0
0.52,21000.0,0,0,0
0.52,22000.0,0,0,0
0.52,23000.0,0,0,0
0.52,24000.0,0,0,0
0.52,25000.0,0,0,0
0.52,26000.0,0,0,0
0.52,27000.0,0,0,0
0.52,28000.0,0,0,0
0.52,29000.0,0,0,0
0.52,30000.0,0,0,0
0.53,4000.0,0,0,0
0.53,5000.0,0,0,0
0.53,6000.0,0,0,0
0.53,7000.0,0,0,0
0.53,8000.0,0,0,0
0.53,9000.0,0,0,0
0.53,10000.0,0,0,0
0.53,11000.0,0,0,0
0.53,12000.0,0,0,0
0.53,13000.0,0,0,0
0.53,14000.0,0,0,0
0.53,15000.0,0,0,0
0.53,16000.0,0,0,0
0.53,17000.0,0,0,0
0.53,18000.0,0,0,0
0.53,19000.0,0,0,0
0.53,20000.0,0,0,0
0.53,21000.0,0,0,0
0.53,22000.0,0,0,0
0.53,23000.0,0,0,0
0.53,24000.0,0,0,0
0.53,25000.0,0,0,0
0.53,26000.0,0,0,0
0.53,27000.0,0,0,0
0.53,28000.0,0,0,0
0.53,29000.0,0,0,0
0.53,30000.0,0,0,0
0.54,4000.0,0,0,0
0.54,5000.0,0,0,0
0.54,6000.0,0,0,0
0.54,7000.0,0,0,0
0.54,8000.0,0,0,0
0.54,9000.0,0,0,0
0.54,10000.0,0,0,0
0.54,11000.0,0,0,0
0.54,12000.0,0,0,0
0.54,13000.0,0,0,0
0.54,14000.0,0,0,0
0.54,15000.0,0,0,0
0.54,16000.0,0,0,0
0.54,17000.0,0,0,0
0.54,18000.0,0,0,0
0.54,19000.0,0,0,0
0.54,20000.0,0,0,0
0.54,21000.0,0,0,0
0.54,22000.0,0,0,0
0.54,23000.0,0,0,0
0.54,24000.0,0,0,0
0.54,25000.0,0,0,0
0.54,26000.0,0,0,0
0.54,27000.0,0,0,0
0.54,28000.0,0,0,0
0.54,29000.0,0,0,0
0.54,30000.0,0,0,0
0.55,4000.0,0,0,0
0.55,5000.0,0,0,0
0.55,6000.0,0,0,0
0.55,7000.0,0,0,0
0.55,8000.0,0,0,0
0.55,9000.0,0,0,0
0.55,10000.0,0,0,0
0.55,11000.0,0,0,0
0.55,12000.0,0,0,0
0.55,13000.0,0,0,0
0.55,14000.0,0,0,0
0.55,15000.0,0,0,0
0.55,16000.0,0,0,0
0.55,17000.0,0,0,0
0.55,18000.0,0,0,0
0.55,19000.0,0,0,0
0.55,20000.0,0,0,0
0.55,21000.0,0,0,0
0.55,22000.0,0,0,0
0.55,23000.0,0,0,0
0.55,24000.0,0,0,0
0.55,25000.0,0,0,0
0.55,26000.0,0,0,0
0.55,27000.0,0,0,0
0.55,28000.0,0,0,0
0.55,29000.0,0,0,0
0.55,30000.0,0,0,0
0.56,4000.0,0,0,0
0.56,5000.0,0,0,0
0.56,6000.0,0,0,0
0.56,7000.0,0,0,0
0.56,8000.0,0,0,0
0.56,9000.0,0,0,0
0.56,10000.0,0,0,0
0.56,11000.0,0,0,0
0.56,12000.0,0,0,0
0.56,13000.0,0,0,0
0.56,14000.0,0,0,0
0.56,15000.0,0,0,0
0.56,16000.0,0,0,0
0.56,17000.0,0,0,0
0.56,18000.0,0,0,0
0.56,19000.0,0,0,0
0.56,20000.0,0,0,0
0.56,21000.0,0,0,0
0.56,22000.0,0,0,0
0.56,23000.0,0,0,0
0.56,24000.0,0,0,0
0.56,25000.0,0,0,0
0.56,26000.0,0,0,0
0.56,27000.0,0,0,0
0.56,28000.0,0,0,0
0.56,29000.0,0,0,0
0.56,30000.0,0,0,0
0.57,4000.0,0,0,0
0.57,5000.0,0,0,0
0.57,6000.0,0,0,0
0.57,7000.0,0,0,0
0.57,8000.0,0,0,0
0.57,9000.0,0,0,0
0.57,10000.0,0,0,0
0.57,11000.0,0,0,0
0.57,12000.0,0,0,0
0.57,13000.0,0,0,0
0.57,14000.0,0,0,0
0.57,15000.0,0,0,0
0.57,16000.0,0,0,0
0.57,17000.0,0,0,0
0.57,18000.0,0,0,0
0.57,19000.0,0,0,0
0.57,20000.0,0,0,0
0.57,21000.0,0,0,0
0.57,22000.0,0,0,0
0.57,23000.0,0,0,0
0.57,24000.0,0,0,0
0.57,25000.0,0,0,0
0.57,26000.0,0,0,0
0.57,27000.0,0,0,0
0.57,28000.0,0,0,0
0.57,29000.0,0,0,0
0.57,30000.0,0,0,0
0.58,4000.0,0,0,0
0.58,5000.0,0,0,0
0.58,6000.0,0,0,0
0.58,7000.0,0,0,0
0.58,8000.0,0,0,0
0.58,9000.0,0,0,0
0.58,10000.0,0,0,0
0.58,11000.0,0,0,0
0.58,12000.0,0,0,0
0.58,13000.0,0,0,0
0.58,14000.0,0,0,0
0.58,15000.0,0,0,0
0.58,16000.0,0,0,0
0.58,17000.0,0,0,0
0.58,18000.0,0,0,0
0.58,19000.0,0,0,0
0.58,20000.0,0,0,0
0.58,21000.0,0,0,0
0.58,22000.0,0,0,0
0.58,23000.0,0,0,0
0.58,24000.0,0,0,0
0.58,25000.0,0,0,0
0.58,26000.0,0,0,0
0.58,27000.0,0,0,0
0.58,28000.0,0,0,0
0.58,29000.0,0,0,0
0.58,30000.0,0,0,0
0.59,4000.0,0,0,0
0.59,5000.0,0,0,0
0.59,6000.0,0,0,0
0.59,7000.0,0,0,0
0.59,8000.0,0,0,0
0.59,9000.0,0,0,0
0.59,10000.0,0,0,0
0.59,11000.0,0,0,0
0.59,12000.0,0,0,0
0.59,13000.0,0,0,0
0.59,14000.0,0,0,0
0.59,15000.0,0,0,0
0.59,16000.0,0,0,0
0.59,17000.0,0,0,0
0.59,18000.0,0,0,0
0.59,19000.0,0,0,0
0.59,20000.0,0,0,0
0.59,21000.0,0,0,0
0.59,22000.0,0,0,0
0.59,23000.0,0,0,0
0.59,24000.0,0,0,0
0.59,25000.0,0,0,0
0.59,26000.0,0,0,0
0.59,27000.0,0,0,0
0.59,28000.0,0,0,0
0.59,29000.0,0,0,0
0.59,30000.0,0,0,0
0.6,4000.0,0,0,0
0.6,5000.0,0,0,0
0.6,6000.0,0,0,0
0.6,7000.0,0,0,0
0.6,8000.0,0,0,0
0.6,9000.0,0,0,0
0.6,10000.0,0,0,0
0.6,11000.0,0,0,0
0.6,12000.0,0,0,0
0.6,13000.0,0,0,0
0.6,14000.0,0,0,0
0.6,15000.0,0,0,0
0.6,16000.0,0,0,0
0.6,17000.0,0,0,0
0.6,18000.0,0,0,0
0.6,19000.0,0,0,0
0.6,20000.0,0,0,0
0.6,21000.0,0,0,0
0.6,22000.0,0,0,0
0.6,23000.0,0,0,0
0.6,24000.0,0,0,0
0.6,25000.0,0,0,0
0.6,26000.0,0,0,0
0.6,27000.0,0,0,0
0.6,28000.0,0,0,0
0.6,29000.0,0,0,0
0.6,30000.0,0,0,0
0.61,4000.0,0,0,0
0.61,5000.0,0,0,0
0.61,6000.0,0,0,0
0.61,7000.0,0,0,0
0.61,8000.0,0,0,0
0.61,9000.0,0,0,0
0.61,10000.0,0,0,0
0.61,11000.0,0,0,0
0.61,12000.0,0,0,0
0.61,13000.0,0,0,0
0.61,14000.0,0,0,0
0.61,15000.0,0,0,0
0.61,16000.0,0,0,0
0.61,17000.0,0,0,0
0.61,18000.0,0,0,0
0.61,19000.0,0,0,0
0.61,20000.0,0,0,0
0.61,21000.0,0,0,0
0.61,22000.0,0,0,0
0.61,23000.0,0,0,0
0.61,24000.0,0,0,0
0.61,25000.0,0,0,0
0.61,26000.0,0,0,0
0.61,27000.0,0,0,0
0.61,28000.0,0,0,0
0.61,29000.0,0,0,0
0.61,30000.0,0,0,0
0.62,4000.0,0,0,0
0.62,5000.0,0,0,0
0.62,6000.0,0,0,0
0.62,7000.0,0,0,0
0.62,8000.0,0,0,0
0.62,9000.0,0,0,0
0.62,10000.0,0,0,0
0.62,11000.0,0,0,0
0.62,12000.0,0,0,0
0.62,13000.0,0,0,0
0.62,14000.0,0,0,0
0.62,15000.0,0,0,0
0.62,16000.0,0,0,0
0.62,17000.0,0,0,0
0.62,18000.0,0,0,0
0.62,19000.0,0,0,0
0.62,20000.0,0,0,0
0.62,21000.0,0,0,0
0.62,22000.0,0,0,0
0.62,23000.0,0,0,0
0.62,24000.0,0,0,0
0.62,25000.0,0,0,0
0.62,26000.0,0,0,0
0.62,27000.0,0,0,0
0.62,28000.0,0,0,0
0.62,29000.0,0,0,0
0.62,30000.0,0,0,0
0.63,4000.0,0,0,0
0.63,5000.0,0,0,0
0.63,6000.0,0,0,0
0.63,7000.0,0,0,0
0.63,8000.0,0,0,0
0.63,9000.0,0,0,0
0.63,10000.0,0,0,0
0.63,11000.0,0,0,0
0.63,12000.0,0,0,0
0.63,13000.0,0,0,0
0.63,14000.0,0,0,0
0.63,15000.0,0,0,0
0.63,16000.0,0,0,0
0.63,17000.0,0,0,0
0.63,18000.0,0,0,0
0.63,19000.0,0,0,0
0.63,20000.0,0,0,0
0.63,21000.0,0,0,0
0.63,22000.0,0,0,0
0.63,23000.0,0,0,0
0.63,24000.0,0,0,0
0.63,25000.0,0,0,0
0.63,26000.0,0,0,0
0.63,27000.0,0,0,0
0.63,28000.0,0,0,0
0.63,29000.0,0,0,0
0.63,30000.0,0,0,0
0.64,4000.0,0,0,0
0.64,5000.0,0,0,0
0.64,6000.0,0,0,0
0.64,7000.0,0,0,0
0.64,8000.0,0,0,0
0.64,9000.0,0,0,0
0.64,10000.0,0,0,0
0.64,11000.0,0,0,0
0.64,12000.0,0,0,0
0.64,13000.0,0,0,0
0.64,14000.0,0,0,0
0.64,15000.0,0,0,0
0.64,16000.0,0,0,0
0.64,17000.0,0,0,0
0.64,18000.0,0,0,0
0.64,19000.0,0,0,0
0.64,20000.0,0,0,0
0.64,21000.0,0,0,0
0.64,22000.0,0,0,0
0.64,23000.0,0,0,0
0.64,24000.0,0,0,0
0.64,25000.0,0,0,0
0.64,26000.0,0,0,0
0.64,27000.0,0,0,0
0.64,28000.0,0,0,0
0.64,29000.0,0,0,0
0.64,30000.0,0,0,0
0.65,4000.0,0,0,0
0.65,5000.0,0,0,0
0.65,6000.0,0,0,0
0.65,7000.0,0,0,0
0.65,8000.0,0,0,0
0.65,9000.0,0,0,0
0.65,10000.0,0,0,0
0.65,11000.0,0,0,0
0.65,12000.0,0,0,0
0.65,13000.0,0,0,0
0.65,14000.0,0,0,0
0.65,15000.0,0,0,0
0.65,16000.0,0,0,0
0.65,17000.0,0,0,0
0.65,18000.0,0,0,0
0.65,19000.0,0,0,0
0.65,20000.0,0,0,0
0.65,21000.0,0,0,0
0.65,22000.0,0,0,0
0.65,23000.0,0,0,0
0.65,24000.0,0,0,0
0.65,25000.0,0,0,0
0.65,26000.0,0,0,0
0.65,27000.0,0,0,0
0.65,28000.0,0,0,0
0.65,29000.0,0,0,0
0.65,30000.0,0,0,0
