class,threshold,target_trials_passed,class_false_alert_ood_trials,class_false_alert_speech_trials,class_confusion_other_hazard_trials,overall_positive_passed,overall_ood_passed
dog_bark,0.2,3,2,1,2,14,1
dog_bark,0.21,3,2,1,2,14,1
dog_bark,0.22,3,2,1,2,14,1
dog_bark,0.23,3,2,1,2,14,1
dog_bark,0.24,3,2,1,2,14,1
dog_bark,0.25,3,2,1,2,14,1
dog_bark,0.26,3,2,1,2,14,1
dog_bark,0.27,3,2,1,2,14,1
dog_bark,0.28,3,2,1,2,14,1
dog_bark,0.29,3,2,1,2,14,1
dog_bark,0.3,3,2,1,1,14,1
dog_bark,0.31,3,1,1,1,14,2
dog_bark,0.32,3,1,1,1,14,2
dog_bark,0.33,3,1,1,1,14,2
dog_bark,0.34,3,1,1,1,14,2
dog_bark,0.35,3,1,1,1,14,2
dog_bark,0.36,3,1,1,1,14,2
dog_bark,0.37,3,1,1,1,14,2
dog_bark,0.38,3,1,1,1,14,2
dog_bark,0.39,3,1,1,1,14,2
dog_bark,0.4,3,1,1,1,14,2
dog_bark,0.41,3,1,1,1,14,2
dog_bark,0.42,3,1,1,1,14,2
dog_bark,0.43,3,1,1,1,14,2
dog_bark,0.44,3,1,1,1,14,2
dog_bark,0.45,3,1,1,1,14,2
dog_bark,0.46,3,1,1,1,14,2
dog_bark,0.47,3,0,1,1,14,3
dog_bark,0.48,3,0,1,1,14,3
dog_bark,0.49,3,0,1,1,14,3
dog_bark,0.5,3,0,1,1,14,3
dog_bark,0.51,3,0,1,1,14,3
dog_bark,0.52,3,0,1,1,14,3
dog_bark,0.53,3,0,1,1,14,3
dog_bark,0.54,3,0,1,1,14,3
dog_bark,0.55,3,0,1,1,14,3
dog_bark,0.56,3,0,1,1,14,3
dog_bark,0.57,3,0,1,1,14,3
dog_bark,0.58,3,0,1,1,14,3
dog_bark,0.59,3,0,1,1,14,3
dog_bark,0.6,3,0,1,1,14,3
dog_bark,0.61,3,0,1,1,14,3
dog_bark,0.62,3,0,1,1,14,3
dog_bark,0.63,3,0,1,1,14,3
dog_bark,0.64,3,0,1,1,14,3
dog_bark,0.65,2,0,1,1,13,3
dog_bark,0.66,2,0,1,1,13,3
dog_bark,0.67,2,0,1,1,13,3
dog_bark,0.68,2,0,1,1,13,3
dog_bark,0.69,2,0,1,1,13,3
dog_bark,0.7,2,0,1,1,13,3
dog_bark,0.71,2,0,1,1,13,3
dog_bark,0.72,1,0,1,1,12,3
dog_bark,0.73,1,0,1,1,12,3
dog_bark,0.74,1,0,1,1,12,3
dog_bark,0.75,1,0,1,1,12,3
dog_bark,0.76,1,0,1,1,12,3
dog_bark,0.77,1,0,1,1,12,3
dog_bark,0.78,1,0,0,1,12,3
dog_bark,0.79,1,0,0,1,12,3
dog_bark,0.8,1,0,0,0,12,3
dog_bark,0.81,1,0,0,0,12,3
dog_bark,0.82,1,0,0,0,12,3
dog_bark,0.83,1,0,0,0,12,3
dog_bark,0.84,1,0,0,0,12,3
dog_bark,0.85,1,0,0,0,12,3
dog_bark,0.86,1,0,0,0,12,3
dog_bark,0.87,1,0,0,0,12,3
dog_bark,0.88,1,0,0,0,12,3
dog_bark,0.89,1,0,0,0,12,3
dog_bark,0.9,1,0,0,0,12,3
dog_bark,0.91,1,0,0,0,12,3
dog_bark,0.92,1,0,0,0,12,3
dog_bark,0.93,0,0,0,0,11,3
dog_bark,0.94,0,0,0,0,11,3
dog_bark,0.95,0,0,0,0,11,3
dog_bark,0.96,0,0,0,0,11,3
dog_bark,0.97,0,0,0,0,11,3
dog_bark,0.98,0,0,0,0,11,3
dog_bark,0.99,0,0,0,0,11,3
dog_bark,1.0,0,0,0,0,11,3
glass_breaking,0.2,3,1,0,2,15,3
glass_breaking,0.21,3,1,0,2,15,3
glass_breaking,0.22,3,1,0,2,15,3
glass_breaking,0.23,3,1,0,2,15,3
glass_breaking,0.24,3,1,0,2,15,3
glass_breaking,0.25,3,1,0,2,15,3
glass_breaking,0.26,3,1,0,2,15,3
glass_breaking,0.27,3,1,0,2,15,3
glass_breaking,0.28,3,1,0,2,15,3
glass_breaking,0.29,3,1,0,2,15,3
glass_breaking,0.3,3,1,0,2,15,3
glass_breaking,0.31,3,0,0,2,15,3
glass_breaking,0.32,3,0,0,2,15,3
glass_breaking,0.33,3,0,0,2,15,3
glass_breaking,0.34,3,0,0,2,15,3
glass_breaking,0.35,3,0,0,2,15,3
glass_breaking,0.36,3,0,0,2,15,3
glass_breaking,0.37,3,0,0,2,15,3
glass_breaking,0.38,3,0,0,2,15,3
glass_breaking,0.39,3,0,0,2,15,3
glass_breaking,0.4,3,0,0,2,15,3
glass_breaking,0.41,3,0,0,2,15,3
glass_breaking,0.42,3,0,0,2,15,3
glass_breaking,0.43,3,0,0,2,15,3
glass_breaking,0.44,3,0,0,2,15,3
glass_breaking,0.45,3,0,0,2,15,3
glass_breaking,0.46,3,0,0,2,15,3
glass_breaking,0.47,2,0,0,1,14,3
glass_breaking,0.48,2,0,0,1,14,3
glass_breaking,0.49,2,0,0,1,14,3
glass_breaking,0.5,2,0,0,1,14,3
glass_breaking,0.51,2,0,0,1,14,3
glass_breaking,0.52,2,0,0,1,14,3
glass_breaking,0.53,2,0,0,1,14,3
glass_breaking,0.54,2,0,0,1,14,3
glass_breaking,0.55,2,0,0,1,14,3
glass_breaking,0.56,2,0,0,1,14,3
glass_breaking,0.57,2,0,0,1,14,3
glass_breaking,0.58,2,0,0,0,14,3
glass_breaking,0.59,2,0,0,0,14,3
glass_breaking,0.6,1,0,0,0,13,3
glass_breaking,0.61,1,0,0,0,13,3
glass_breaking,0.62,1,0,0,0,13,3
glass_breaking,0.63,1,0,0,0,13,3
glass_breaking,0.64,1,0,0,0,13,3
glass_breaking,0.65,1,0,0,0,13,3
glass_breaking,0.66,1,0,0,0,13,3
glass_breaking,0.67,1,0,0,0,13,3
glass_breaking,0.68,1,0,0,0,13,3
glass_breaking,0.69,1,0,0,0,13,3
glass_breaking,0.7,1,0,0,0,13,3
glass_breaking,0.71,1,0,0,0,13,3
glass_breaking,0.72,1,0,0,0,13,3
glass_breaking,0.73,1,0,0,0,13,3
glass_breaking,0.74,1,0,0,0,13,3
glass_breaking,0.75,0,0,0,0,12,3
glass_breaking,0.76,0,0,0,0,12,3
glass_breaking,0.77,0,0,0,0,12,3
glass_breaking,0.78,0,0,0,0,12,3
glass_breaking,0.79,0,0,0,0,12,3
glass_breaking,0.8,0,0,0,0,12,3
glass_breaking,0.81,0,0,0,0,12,3
glass_breaking,0.82,0,0,0,0,12,3
glass_breaking,0.83,0,0,0,0,12,3
glass_breaking,0.84,0,0,0,0,12,3
glass_breaking,0.85,0,0,0,0,12,3
glass_breaking,0.86,0,0,0,0,12,3
glass_breaking,0.87,0,0,0,0,12,3
glass_breaking,0.88,0,0,0,0,12,3
glass_breaking,0.89,0,0,0,0,12,3
glass_breaking,0.9,0,0,0,0,12,3
glass_breaking,0.91,0,0,0,0,12,3
glass_breaking,0.92,0,0,0,0,12,3
glass_breaking,0.93,0,0,0,0,12,3
glass_breaking,0.94,0,0,0,0,12,3
glass_breaking,0.95,0,0,0,0,12,3
glass_breaking,0.96,0,0,0,0,12,3
glass_breaking,0.97,0,0,0,0,12,3
glass_breaking,0.98,0,0,0,0,12,3
glass_breaking,0.99,0,0,0,0,12,3
glass_breaking,1.0,0,0,0,0,12,3
gunshot_gunfire,0.2,4,2,0,0,17,2
gunshot_gunfire,0.21,4,2,0,0,17,2
gunshot_gunfire,0.22,4,2,0,0,17,2
gunshot_gunfire,0.23,4,2,0,0,17,2
gunshot_gunfire,0.24,4,2,0,0,17,2
gunshot_gunfire,0.25,4,2,0,0,17,2
gunshot_gunfire,0.26,4,2,0,0,17,2
gunshot_gunfire,0.27,4,2,0,0,17,2
gunshot_gunfire,0.28,4,2,0,0,17,2
gunshot_gunfire,0.29,4,2,0,0,17,2
gunshot_gunfire,0.3,4,2,0,0,17,2
gunshot_gunfire,0.31,4,2,0,0,17,2
gunshot_gunfire,0.32,4,2,0,0,17,2
gunshot_gunfire,0.33,4,2,0,0,17,2
gunshot_gunfire,0.34,4,2,0,0,17,2
gunshot_gunfire,0.35,3,2,0,0,16,2
gunshot_gunfire,0.36,2,2,0,0,15,2
gunshot_gunfire,0.37,2,2,0,0,15,2
gunshot_gunfire,0.38,2,2,0,0,15,2
gunshot_gunfire,0.39,2,2,0,0,15,2
gunshot_gunfire,0.4,2,2,0,0,15,2
gunshot_gunfire,0.41,1,2,0,0,14,2
gunshot_gunfire,0.42,1,2,0,0,14,2
gunshot_gunfire,0.43,1,0,0,0,14,3
gunshot_gunfire,0.44,1,0,0,0,14,3
gunshot_gunfire,0.45,1,0,0,0,14,3
gunshot_gunfire,0.46,1,0,0,0,14,3
gunshot_gunfire,0.47,1,0,0,0,14,3
gunshot_gunfire,0.48,1,0,0,0,14,3
gunshot_gunfire,0.49,1,0,0,0,14,3
gunshot_gunfire,0.5,1,0,0,0,14,3
gunshot_gunfire,0.51,1,0,0,0,14,3
gunshot_gunfire,0.52,1,0,0,0,14,3
gunshot_gunfire,0.53,0,0,0,0,13,3
gunshot_gunfire,0.54,0,0,0,0,13,3
gunshot_gunfire,0.55,0,0,0,0,13,3
gunshot_gunfire,0.56,0,0,0,0,13,3
gunshot_gunfire,0.57,0,0,0,0,13,3
gunshot_gunfire,0.58,0,0,0,0,13,3
gunshot_gunfire,0.59,0,0,0,0,13,3
gunshot_gunfire,0.6,0,0,0,0,13,3
gunshot_gunfire,0.61,0,0,0,0,13,3
gunshot_gunfire,0.62,0,0,0,0,13,3
gunshot_gunfire,0.63,0,0,0,0,13,3
gunshot_gunfire,0.64,0,0,0,0,13,3
gunshot_gunfire,0.65,0,0,0,0,13,3
gunshot_gunfire,0.66,0,0,0,0,13,3
gunshot_gunfire,0.67,0,0,0,0,13,3
gunshot_gunfire,0.68,0,0,0,0,13,3
gunshot_gunfire,0.69,0,0,0,0,13,3
gunshot_gunfire,0.7,0,0,0,0,13,3
gunshot_gunfire,0.71,0,0,0,0,13,3
gunshot_gunfire,0.72,0,0,0,0,13,3
gunshot_gunfire,0.73,0,0,0,0,13,3
gunshot_gunfire,0.74,0,0,0,0,13,3
gunshot_gunfire,0.75,0,0,0,0,13,3
gunshot_gunfire,0.76,0,0,0,0,13,3
gunshot_gunfire,0.77,0,0,0,0,13,3
gunshot_gunfire,0.78,0,0,0,0,13,3
gunshot_gunfire,0.79,0,0,0,0,13,3
gunshot_gunfire,0.8,0,0,0,0,13,3
gunshot_gunfire,0.81,0,0,0,0,13,3
gunshot_gunfire,0.82,0,0,0,0,13,3
gunshot_gunfire,0.83,0,0,0,0,13,3
gunshot_gunfire,0.84,0,0,0,0,13,3
gunshot_gunfire,0.85,0,0,0,0,13,3
gunshot_gunfire,0.86,0,0,0,0,13,3
gunshot_gunfire,0.87,0,0,0,0,13,3
gunshot_gunfire,0.88,0,0,0,0,13,3
gunshot_gunfire,0.89,0,0,0,0,13,3
gunshot_gunfire,0.9,0,0,0,0,13,3
gunshot_gunfire,0.91,0,0,0,0,13,3
gunshot_gunfire,0.92,0,0,0,0,13,3
gunshot_gunfire,0.93,0,0,0,0,13,3
gunshot_gunfire,0.94,0,0,0,0,13,3
gunshot_gunfire,0.95,0,0,0,0,13,3
gunshot_gunfire,0.96,0,0,0,0,13,3
gunshot_gunfire,0.97,0,0,0,0,13,3
gunshot_gunfire,0.98,0,0,0,0,13,3
gunshot_gunfire,0.99,0,0,0,0,13,3
gunshot_gunfire,1.0,0,0,0,0,13,3
siren,0.2,5,4,4,11,13,1
siren,0.21,5,4,4,11,13,1
siren,0.22,5,4,4,11,13,1
siren,0.23,5,4,4,11,13,1
siren,0.24,5,4,4,11,13,1
siren,0.25,5,4,4,11,13,1
siren,0.26,5,4,4,11,13,1
siren,0.27,5,4,4,11,13,1
siren,0.28,5,4,4,11,13,1
siren,0.29,5,4,4,11,13,1
siren,0.3,5,4,4,11,13,1
siren,0.31,5,3,4,11,13,2
siren,0.32,5,3,4,11,13,2
siren,0.33,5,3,4,10,13,2
siren,0.34,5,3,4,9,13,2
siren,0.35,5,3,4,8,13,2
siren,0.36,5,3,4,8,13,2
siren,0.37,5,3,4,8,13,2
siren,0.38,5,3,4,8,13,2
siren,0.39,5,3,4,8,13,2
siren,0.4,5,3,4,8,13,2
siren,0.41,5,3,4,8,13,2
siren,0.42,5,3,4,8,13,2
siren,0.43,5,3,4,7,13,2
siren,0.44,5,3,4,7,13,2
siren,0.45,5,3,4,6,13,2
siren,0.46,5,3,4,5,13,2
siren,0.47,5,3,4,4,13,2
siren,0.48,5,3,4,4,13,2
siren,0.49,5,3,4,4,13,2
siren,0.5,5,3,4,4,13,2
siren,0.51,5,2,4,4,13,3
siren,0.52,5,2,4,4,13,3
siren,0.53,5,2,4,4,13,3
siren,0.54,5,2,4,4,13,3
siren,0.55,5,2,4,4,13,3
siren,0.56,5,2,4,4,13,3
siren,0.57,5,2,4,4,13,3
siren,0.58,5,2,4,4,13,3
siren,0.59,5,2,4,3,13,3
siren,0.6,5,2,4,2,13,3
siren,0.61,5,2,4,2,13,3
siren,0.62,5,2,4,2,13,3
siren,0.63,5,2,4,1,13,3
siren,0.64,5,2,4,1,13,3
siren,0.65,5,2,3,1,13,3
siren,0.66,5,2,3,1,13,3
siren,0.67,5,2,3,1,13,3
siren,0.68,5,2,3,1,13,3
siren,0.69,5,2,3,1,13,3
siren,0.7,5,2,3,1,13,3
siren,0.71,5,2,3,1,13,3
siren,0.72,5,2,3,1,13,3
siren,0.73,5,2,3,1,13,3
siren,0.74,5,2,3,1,13,3
siren,0.75,5,2,3,1,13,3
siren,0.76,5,2,3,1,13,3
siren,0.77,5,2,3,1,13,3
siren,0.78,5,2,3,1,13,3
siren,0.79,5,2,3,1,13,3
siren,0.8,5,2,3,1,13,3
siren,0.81,5,2,3,1,13,3
siren,0.82,5,2,2,1,13,3
siren,0.83,5,2,2,1,13,3
siren,0.84,5,2,2,1,13,3
siren,0.85,5,2,2,1,13,3
siren,0.86,5,2,2,1,13,3
siren,0.87,5,1,2,1,13,4
siren,0.88,5,1,1,1,13,4
siren,0.89,5,1,1,1,13,4
siren,0.9,5,1,1,1,13,4
siren,0.91,5,1,1,1,13,4
siren,0.92,5,1,1,1,13,4
siren,0.93,5,0,1,1,13,5
siren,0.94,5,0,1,1,13,5
siren,0.95,5,0,0,1,13,5
siren,0.96,5,0,0,1,13,5
siren,0.97,4,0,0,0,12,5
siren,0.98,4,0,0,0,12,5
siren,0.99,2,0,0,0,10,5
siren,1.0,0,0,0,0,8,5
thunderstorm,0.2,5,1,0,1,16,2
thunderstorm,0.21,5,1,0,1,16,2
thunderstorm,0.22,5,1,0,1,16,2
thunderstorm,0.23,5,1,0,1,16,2
thunderstorm,0.24,5,1,0,1,16,2
thunderstorm,0.25,5,1,0,1,16,2
thunderstorm,0.26,5,1,0,1,16,2
thunderstorm,0.27,5,1,0,1,16,2
thunderstorm,0.28,5,1,0,1,16,2
thunderstorm,0.29,5,1,0,1,16,2
thunderstorm,0.3,5,1,0,1,16,2
thunderstorm,0.31,5,1,0,1,16,2
thunderstorm,0.32,5,1,0,1,16,2
thunderstorm,0.33,5,1,0,1,16,2
thunderstorm,0.34,5,1,0,1,16,2
thunderstorm,0.35,5,1,0,1,16,2
thunderstorm,0.36,5,1,0,1,16,2
thunderstorm,0.37,5,1,0,1,16,2
thunderstorm,0.38,5,1,0,1,16,2
thunderstorm,0.39,4,0,0,1,15,3
thunderstorm,0.4,4,0,0,1,15,3
thunderstorm,0.41,4,0,0,1,15,3
thunderstorm,0.42,4,0,0,1,15,3
thunderstorm,0.43,4,0,0,1,15,3
thunderstorm,0.44,4,0,0,1,15,3
thunderstorm,0.45,4,0,0,1,15,3
thunderstorm,0.46,4,0,0,1,15,3
thunderstorm,0.47,4,0,0,1,15,3
thunderstorm,0.48,4,0,0,1,15,3
thunderstorm,0.49,4,0,0,1,15,3
thunderstorm,0.5,4,0,0,1,15,3
thunderstorm,0.51,4,0,0,1,15,3
thunderstorm,0.52,4,0,0,1,15,3
thunderstorm,0.53,4,0,0,1,15,3
thunderstorm,0.54,4,0,0,1,15,3
thunderstorm,0.55,4,0,0,1,15,3
thunderstorm,0.56,4,0,0,1,15,3
thunderstorm,0.57,3,0,0,1,14,3
thunderstorm,0.58,2,0,0,1,13,3
thunderstorm,0.59,2,0,0,1,13,3
thunderstorm,0.6,2,0,0,1,13,3
thunderstorm,0.61,2,0,0,1,13,3
thunderstorm,0.62,2,0,0,1,13,3
thunderstorm,0.63,2,0,0,1,13,3
thunderstorm,0.64,2,0,0,1,13,3
thunderstorm,0.65,2,0,0,1,13,3
thunderstorm,0.66,2,0,0,0,13,3
thunderstorm,0.67,2,0,0,0,13,3
thunderstorm,0.68,2,0,0,0,13,3
thunderstorm,0.69,1,0,0,0,12,3
thunderstorm,0.7,1,0,0,0,12,3
thunderstorm,0.71,1,0,0,0,12,3
thunderstorm,0.72,1,0,0,0,12,3
thunderstorm,0.73,1,0,0,0,12,3
thunderstorm,0.74,1,0,0,0,12,3
thunderstorm,0.75,1,0,0,0,12,3
thunderstorm,0.76,1,0,0,0,12,3
thunderstorm,0.77,1,0,0,0,12,3
thunderstorm,0.78,1,0,0,0,12,3
thunderstorm,0.79,1,0,0,0,12,3
thunderstorm,0.8,1,0,0,0,12,3
thunderstorm,0.81,1,0,0,0,12,3
thunderstorm,0.82,1,0,0,0,12,3
thunderstorm,0.83,1,0,0,0,12,3
thunderstorm,0.84,1,0,0,0,12,3
thunderstorm,0.85,1,0,0,0,12,3
thunderstorm,0.86,1,0,0,0,12,3
thunderstorm,0.87,1,0,0,0,12,3
thunderstorm,0.88,0,0,0,0,11,3
thunderstorm,0.89,0,0,0,0,11,3
thunderstorm,0.9,0,0,0,0,11,3
thunderstorm,0.91,0,0,0,0,11,3
thunderstorm,0.92,0,0,0,0,11,3
thunderstorm,0.93,0,0,0,0,11,3
thunderstorm,0.94,0,0,0,0,11,3
thunderstorm,0.95,0,0,0,0,11,3
thunderstorm,0.96,0,0,0,0,11,3
thunderstorm,0.97,0,0,0,0,11,3
thunderstorm,0.98,0,0,0,0,11,3
thunderstorm,0.99,0,0,0,0,11,3
thunderstorm,1.0,0,0,0,0,11,3
