filename,actual_gate_class,original_class,background_group,hazard_score,gate_accepted_hazard,hazard5_prediction,cascade_exact_correct
dog_bark__esc50__fold_4__182395__0000__r0.wav,hazard_any,dog_bark,,0.85546875,1,dog_bark,1
dog_bark__esc50__fold_4__183992__0001__r0.wav,hazard_any,dog_bark,,0.640625,1,dog_bark,1
dog_bark__esc50__fold_4__184575__0002__r0.wav,hazard_any,dog_bark,,0.390625,1,dog_bark,1
dog_bark__esc50__fold_4__191687__0003__r0.wav,hazard_any,dog_bark,,0.72265625,1,dog_bark,1
dog_bark__esc50__fold_4__192236__0004__r0.wav,hazard_any,dog_bark,,0.7376301884651184,1,dog_bark,1
dog_bark__esc50__fold_4__194754__0005__r0.wav,hazard_any,dog_bark,,0.6184895634651184,1,dog_bark,1
dog_bark__esc50__fold_4__199261__0006__r0.wav,hazard_any,dog_bark,,0.5833333134651184,1,dog_bark,1
dog_bark__esc50__fold_4__207124__0007__r0.wav,hazard_any,dog_bark,,0.3587239682674408,0,dog_bark,0
dog_bark__fsd50k__dev__107190__0008__r0.wav,hazard_any,dog_bark,,0.15234375,0,dog_bark,0
dog_bark__fsd50k__dev__108631__0009__r0.wav,hazard_any,dog_bark,,0.522536039352417,1,thunderstorm,0
dog_bark__fsd50k__dev__116400__0010__r0.wav,hazard_any,dog_bark,,0.4435096085071563,1,dog_bark,1
dog_bark__fsd50k__dev__11722__0011__r0.wav,hazard_any,dog_bark,,0.611328125,1,dog_bark,1
dog_bark__fsd50k__dev__117271__0012__r0.wav,hazard_any,dog_bark,,0.4284855723381042,1,dog_bark,1
dog_bark__fsd50k__dev__119420__0013__r0.wav,hazard_any,dog_bark,,0.7135416865348816,1,dog_bark,1
dog_bark__fsd50k__dev__121888__0014__r0.wav,hazard_any,dog_bark,,0.29296875,0,dog_bark,0
dog_bark__fsd50k__dev__128042__0015__r0.wav,hazard_any,dog_bark,,0.62109375,1,dog_bark,1
dog_bark__fsd50k__dev__128891__0016__r0.wav,hazard_any,dog_bark,,0.6225961446762085,1,dog_bark,1
dog_bark__fsd50k__dev__131258__0017__r0.wav,hazard_any,dog_bark,,0.5955528616905212,1,thunderstorm,0
dog_bark__fsd50k__dev__142641__0018__r0.wav,hazard_any,dog_bark,,0.578125,1,thunderstorm,0
dog_bark__fsd50k__dev__144028__0019__r0.wav,hazard_any,dog_bark,,0.6574519276618958,1,dog_bark,1
dog_bark__fsd50k__dev__146343__0020__r0.wav,hazard_any,dog_bark,,0.6845703125,1,dog_bark,1
dog_bark__fsd50k__dev__147672__0021__r0.wav,hazard_any,dog_bark,,0.75390625,1,glass_breaking,0
dog_bark__fsd50k__dev__157950__0022__r0.wav,hazard_any,dog_bark,,0.3828125,0,dog_bark,0
dog_bark__fsd50k__dev__162148__0023__r0.wav,hazard_any,dog_bark,,0.54296875,1,dog_bark,1
dog_bark__fsd50k__dev__167487__0024__r0.wav,hazard_any,dog_bark,,0.7252604365348816,1,thunderstorm,0
dog_bark__fsd50k__dev__170015__0025__r0.wav,hazard_any,dog_bark,,0.6510416865348816,1,dog_bark,1
dog_bark__fsd50k__dev__178118__0026__r0.wav,hazard_any,dog_bark,,0.840745210647583,1,thunderstorm,0
dog_bark__fsd50k__dev__180052__0027__r0.wav,hazard_any,dog_bark,,0.6799879670143127,1,dog_bark,1
dog_bark__fsd50k__dev__182395__0028__r0.wav,hazard_any,dog_bark,,0.66796875,1,dog_bark,1
dog_bark__fsd50k__dev__184880__0029__r0.wav,hazard_any,dog_bark,,0.594531238079071,1,thunderstorm,0
dog_bark__fsd50k__dev__196127__0030__r0.wav,hazard_any,dog_bark,,0.4912860691547394,1,dog_bark,1
dog_bark__fsd50k__dev__211548__0031__r0.wav,hazard_any,dog_bark,,0.54296875,1,dog_bark,1
dog_bark__fsd50k__dev__220901__0032__r0.wav,hazard_any,dog_bark,,0.3323317170143127,0,dog_bark,0
dog_bark__fsd50k__dev__220904__0033__r0.wav,hazard_any,dog_bark,,0.80078125,1,dog_bark,1
dog_bark__fsd50k__dev__221207__0034__r0.wav,hazard_any,dog_bark,,0.3876953125,1,dog_bark,1
dog_bark__fsd50k__dev__232271__0035__r0.wav,hazard_any,dog_bark,,0.5024858117103577,1,siren,0
dog_bark__fsd50k__dev__235913__0036__r0.wav,hazard_any,dog_bark,,0.6468750238418579,1,dog_bark,1
dog_bark__fsd50k__dev__236967__0037__r0.wav,hazard_any,dog_bark,,0.6171875,1,dog_bark,1
dog_bark__fsd50k__dev__244469__0038__r0.wav,hazard_any,dog_bark,,0.5970553159713745,1,dog_bark,1
dog_bark__fsd50k__dev__261286__0039__r0.wav,hazard_any,dog_bark,,0.5104166865348816,1,dog_bark,1
dog_bark__fsd50k__dev__264332__0040__r0.wav,hazard_any,dog_bark,,0.5334821343421936,1,dog_bark,1
dog_bark__fsd50k__dev__266603__0041__r0.wav,hazard_any,dog_bark,,0.6111778616905212,1,dog_bark,1
dog_bark__fsd50k__dev__327138__0042__r0.wav,hazard_any,dog_bark,,0.5567908883094788,1,dog_bark,1
dog_bark__fsd50k__dev__348332__0043__r0.wav,hazard_any,dog_bark,,0.5625,1,dog_bark,1
dog_bark__fsd50k__dev__34872__0044__r0.wav,hazard_any,dog_bark,,0.337890625,0,dog_bark,0
dog_bark__fsd50k__dev__35296__0045__r0.wav,hazard_any,dog_bark,,0.6700721383094788,1,thunderstorm,0
dog_bark__fsd50k__dev__360411__0046__r0.wav,hazard_any,dog_bark,,0.6286057829856873,1,dog_bark,1
dog_bark__fsd50k__dev__364662__0047__r0.wav,hazard_any,dog_bark,,0.4332932829856872,1,dog_bark,1
dog_bark__fsd50k__dev__365089__0048__r0.wav,hazard_any,dog_bark,,0.600781261920929,1,dog_bark,1
dog_bark__fsd50k__dev__36902__0049__r0.wav,hazard_any,dog_bark,,0.4481026828289032,1,dog_bark,1
dog_bark__fsd50k__dev__369648__0050__r0.wav,hazard_any,dog_bark,,0.6591796875,1,dog_bark,1
dog_bark__fsd50k__dev__370714__0051__r0.wav,hazard_any,dog_bark,,0.4239783585071563,1,dog_bark,1
dog_bark__fsd50k__dev__379531__0052__r0.wav,hazard_any,dog_bark,,0.6027644276618958,1,dog_bark,1
dog_bark__fsd50k__dev__381434__0053__r0.wav,hazard_any,dog_bark,,0.62109375,1,dog_bark,1
dog_bark__fsd50k__dev__381692__0054__r0.wav,hazard_any,dog_bark,,0.7448918223381042,1,thunderstorm,0
dog_bark__fsd50k__dev__381799__0055__r0.wav,hazard_any,dog_bark,,0.83203125,1,dog_bark,1
dog_bark__fsd50k__dev__389254__0056__r0.wav,hazard_any,dog_bark,,0.486328125,1,dog_bark,1
dog_bark__fsd50k__dev__398724__0057__r0.wav,hazard_any,dog_bark,,0.56640625,1,glass_breaking,0
dog_bark__fsd50k__dev__400576__0058__r0.wav,hazard_any,dog_bark,,0.5361328125,1,dog_bark,1
dog_bark__fsd50k__dev__404233__0059__r0.wav,hazard_any,dog_bark,,0.72265625,1,dog_bark,1
glass_breaking__esc50__fold_4__204115__0000__r0.wav,hazard_any,glass_breaking,,0.5859375,1,glass_breaking,1
glass_breaking__esc50__fold_4__204119__0001__r0.wav,hazard_any,glass_breaking,,0.44921875,1,glass_breaking,1
glass_breaking__esc50__fold_4__204121__0002__r0.wav,hazard_any,glass_breaking,,0.583984375,1,glass_breaking,1
glass_breaking__esc50__fold_4__204123__0003__r0.wav,hazard_any,glass_breaking,,0.5703125,1,glass_breaking,1
glass_breaking__esc50__fold_4__204777__0004__r0.wav,hazard_any,glass_breaking,,0.7259114384651184,1,glass_breaking,1
glass_breaking__esc50__fold_4__204777__0005__r0.wav,hazard_any,glass_breaking,,0.6490885615348816,1,glass_breaking,1
glass_breaking__esc50__fold_4__204777__0006__r0.wav,hazard_any,glass_breaking,,0.775390625,1,glass_breaking,1
glass_breaking__esc50__fold_4__212698__0007__r0.wav,hazard_any,glass_breaking,,0.66015625,1,gunshot_gunfire,0
glass_breaking__fsd50k__dev__100021__0008__r0.wav,hazard_any,glass_breaking,,0.5,1,glass_breaking,1
glass_breaking__fsd50k__dev__109754__0009__r0.wav,hazard_any,glass_breaking,,0.39453125,1,dog_bark,0
glass_breaking__fsd50k__dev__115916__0010__r0.wav,hazard_any,glass_breaking,,0.7367187738418579,1,thunderstorm,0
glass_breaking__fsd50k__dev__115922__0011__r0.wav,hazard_any,glass_breaking,,0.6165865659713745,1,glass_breaking,1
glass_breaking__fsd50k__dev__118515__0012__r0.wav,hazard_any,glass_breaking,,0.54296875,1,gunshot_gunfire,0
glass_breaking__fsd50k__dev__120527__0013__r0.wav,hazard_any,glass_breaking,,0.3890624940395355,1,glass_breaking,1
glass_breaking__fsd50k__dev__126465__0014__r0.wav,hazard_any,glass_breaking,,0.3392427861690521,0,glass_breaking,0
glass_breaking__fsd50k__dev__127543__0015__r0.wav,hazard_any,glass_breaking,,0.48046875,1,glass_breaking,1
glass_breaking__fsd50k__dev__131879__0016__r0.wav,hazard_any,glass_breaking,,0.568359375,1,glass_breaking,1
glass_breaking__fsd50k__dev__132918__0017__r0.wav,hazard_any,glass_breaking,,0.461718738079071,1,dog_bark,0
glass_breaking__fsd50k__dev__135039__0018__r0.wav,hazard_any,glass_breaking,,0.72265625,1,glass_breaking,1
glass_breaking__fsd50k__dev__144321__0019__r0.wav,hazard_any,glass_breaking,,0.4140625,1,glass_breaking,1
glass_breaking__fsd50k__dev__145209__0020__r0.wav,hazard_any,glass_breaking,,0.6661658883094788,1,glass_breaking,1
glass_breaking__fsd50k__dev__147867__0021__r0.wav,hazard_any,glass_breaking,,0.30078125,0,glass_breaking,0
glass_breaking__fsd50k__dev__156031__0022__r0.wav,hazard_any,glass_breaking,,0.7842881679534912,1,thunderstorm,0
glass_breaking__fsd50k__dev__159197__0023__r0.wav,hazard_any,glass_breaking,,0.4435763955116272,1,glass_breaking,1
glass_breaking__fsd50k__dev__161309__0024__r0.wav,hazard_any,glass_breaking,,0.74609375,1,glass_breaking,1
glass_breaking__fsd50k__dev__162169__0025__r0.wav,hazard_any,glass_breaking,,0.59765625,1,glass_breaking,1
glass_breaking__fsd50k__dev__163364__0026__r0.wav,hazard_any,glass_breaking,,0.671875,1,glass_breaking,1
glass_breaking__fsd50k__dev__178178__0027__r0.wav,hazard_any,glass_breaking,,0.86328125,1,glass_breaking,1
glass_breaking__fsd50k__dev__181716__0028__r0.wav,hazard_any,glass_breaking,,0.7431640625,1,glass_breaking,1
glass_breaking__fsd50k__dev__182510__0029__r0.wav,hazard_any,glass_breaking,,0.3804086446762085,0,glass_breaking,0
glass_breaking__fsd50k__dev__199906__0030__r0.wav,hazard_any,glass_breaking,,0.54296875,1,glass_breaking,1
glass_breaking__fsd50k__dev__202093__0031__r0.wav,hazard_any,glass_breaking,,0.71875,1,glass_breaking,1
glass_breaking__fsd50k__dev__204777__0032__r0.wav,hazard_any,glass_breaking,,0.628004789352417,1,glass_breaking,1
glass_breaking__fsd50k__dev__208696__0033__r0.wav,hazard_any,glass_breaking,,0.533203125,1,glass_breaking,1
glass_breaking__fsd50k__dev__212698__0034__r0.wav,hazard_any,glass_breaking,,0.66796875,1,glass_breaking,1
glass_breaking__fsd50k__dev__2139__0035__r0.wav,hazard_any,glass_breaking,,0.53515625,1,glass_breaking,1
glass_breaking__fsd50k__dev__216001__0036__r0.wav,hazard_any,glass_breaking,,0.6018629670143127,1,thunderstorm,0
glass_breaking__fsd50k__dev__220959__0037__r0.wav,hazard_any,glass_breaking,,0.668870210647583,1,glass_breaking,1
glass_breaking__fsd50k__dev__223552__0038__r0.wav,hazard_any,glass_breaking,,0.7578125,1,gunshot_gunfire,0
glass_breaking__fsd50k__dev__233381__0039__r0.wav,hazard_any,glass_breaking,,0.65625,1,glass_breaking,1
glass_breaking__fsd50k__dev__233586__0040__r0.wav,hazard_any,glass_breaking,,0.3884548544883728,1,glass_breaking,1
glass_breaking__fsd50k__dev__238409__0041__r0.wav,hazard_any,glass_breaking,,0.5642361044883728,1,glass_breaking,1
glass_breaking__fsd50k__dev__240785__0042__r0.wav,hazard_any,glass_breaking,,0.5,1,glass_breaking,1
glass_breaking__fsd50k__dev__244238__0043__r0.wav,hazard_any,glass_breaking,,0.5859375,1,glass_breaking,1
glass_breaking__fsd50k__dev__244925__0044__r0.wav,hazard_any,glass_breaking,,0.3990384638309479,1,glass_breaking,1
glass_breaking__fsd50k__dev__245410__0045__r0.wav,hazard_any,glass_breaking,,0.55859375,1,glass_breaking,1
glass_breaking__fsd50k__dev__249873__0046__r0.wav,hazard_any,glass_breaking,,0.73828125,1,gunshot_gunfire,0
glass_breaking__fsd50k__dev__249874__0047__r0.wav,hazard_any,glass_breaking,,0.7421875,1,gunshot_gunfire,0
glass_breaking__fsd50k__dev__255208__0048__r0.wav,hazard_any,glass_breaking,,0.4228515625,1,dog_bark,0
glass_breaking__fsd50k__dev__260432__0049__r0.wav,hazard_any,glass_breaking,,0.578125,1,glass_breaking,1
glass_breaking__fsd50k__dev__260433__0050__r0.wav,hazard_any,glass_breaking,,0.51171875,1,glass_breaking,1
glass_breaking__fsd50k__dev__260434__0051__r0.wav,hazard_any,glass_breaking,,0.63671875,1,glass_breaking,1
glass_breaking__fsd50k__dev__272065__0052__r0.wav,hazard_any,glass_breaking,,0.568359375,1,glass_breaking,1
glass_breaking__fsd50k__dev__272489__0053__r0.wav,hazard_any,glass_breaking,,0.646484375,1,glass_breaking,1
glass_breaking__fsd50k__dev__273647__0054__r0.wav,hazard_any,glass_breaking,,0.61328125,1,glass_breaking,1
glass_breaking__fsd50k__dev__276938__0055__r0.wav,hazard_any,glass_breaking,,0.662109375,1,glass_breaking,1
glass_breaking__fsd50k__dev__276939__0056__r0.wav,hazard_any,glass_breaking,,0.49609375,1,glass_breaking,1
glass_breaking__fsd50k__dev__321143__0057__r0.wav,hazard_any,glass_breaking,,0.71484375,1,glass_breaking,1
glass_breaking__fsd50k__dev__326422__0058__r0.wav,hazard_any,glass_breaking,,0.71875,1,glass_breaking,1
glass_breaking__fsd50k__dev__326669__0059__r0.wav,hazard_any,glass_breaking,,0.765625,1,glass_breaking,1
gunshot_gunfire__fsd50k__dev__100465__0000__r0.wav,hazard_any,gunshot_gunfire,,0.93359375,1,gunshot_gunfire,1
gunshot_gunfire__fsd50k__dev__115295__0001__r0.wav,hazard_any,gunshot_gunfire,,0.98046875,1,gunshot_gunfire,1
gunshot_gunfire__fsd50k__dev__128979__0002__r0.wav,hazard_any,gunshot_gunfire,,0.767578125,1,gunshot_gunfire,1
gunshot_gunfire__fsd50k__dev__128981__0003__r0.wav,hazard_any,gunshot_gunfire,,0.817307710647583,1,gunshot_gunfire,1
gunshot_gunfire__fsd50k__dev__137034__0004__r0.wav,hazard_any,gunshot_gunfire,,0.884765625,1,gunshot_gunfire,1
gunshot_gunfire__fsd50k__dev__138679__0005__r0.wav,hazard_any,gunshot_gunfire,,0.765625,1,gunshot_gunfire,1
gunshot_gunfire__fsd50k__dev__146323__0006__r0.wav,hazard_any,gunshot_gunfire,,0.7734375,1,gunshot_gunfire,1
gunshot_gunfire__fsd50k__dev__147317__0007__r0.wav,hazard_any,gunshot_gunfire,,0.89453125,1,gunshot_gunfire,1
gunshot_gunfire__fsd50k__dev__147901__0008__r0.wav,hazard_any,gunshot_gunfire,,0.8359375,1,gunshot_gunfire,1
gunshot_gunfire__fsd50k__dev__148166__0009__r0.wav,hazard_any,gunshot_gunfire,,0.5,1,thunderstorm,0
gunshot_gunfire__fsd50k__dev__149177__0010__r0.wav,hazard_any,gunshot_gunfire,,0.8203125,1,gunshot_gunfire,1
gunshot_gunfire__fsd50k__dev__150139__0011__r0.wav,hazard_any,gunshot_gunfire,,0.935546875,1,gunshot_gunfire,1
gunshot_gunfire__fsd50k__dev__155654__0012__r0.wav,hazard_any,gunshot_gunfire,,0.664843738079071,1,glass_breaking,0
gunshot_gunfire__fsd50k__dev__155790__0013__r0.wav,hazard_any,gunshot_gunfire,,0.921875,1,gunshot_gunfire,1
gunshot_gunfire__fsd50k__dev__156904__0014__r0.wav,hazard_any,gunshot_gunfire,,0.91796875,1,gunshot_gunfire,1
gunshot_gunfire__fsd50k__dev__160590__0015__r0.wav,hazard_any,gunshot_gunfire,,0.90234375,1,gunshot_gunfire,1
gunshot_gunfire__fsd50k__dev__161195__0016__r0.wav,hazard_any,gunshot_gunfire,,0.97265625,1,gunshot_gunfire,1
gunshot_gunfire__fsd50k__dev__161475__0017__r0.wav,hazard_any,gunshot_gunfire,,0.94140625,1,gunshot_gunfire,1
gunshot_gunfire__fsd50k__dev__162455__0018__r0.wav,hazard_any,gunshot_gunfire,,0.93359375,1,gunshot_gunfire,1
gunshot_gunfire__fsd50k__dev__164020__0019__r0.wav,hazard_any,gunshot_gunfire,,0.83203125,1,gunshot_gunfire,1
gunshot_gunfire__fsd50k__dev__165795__0020__r0.wav,hazard_any,gunshot_gunfire,,0.78515625,1,gunshot_gunfire,1
gunshot_gunfire__fsd50k__dev__180961__0021__r0.wav,hazard_any,gunshot_gunfire,,0.8190104365348816,1,gunshot_gunfire,1
gunshot_gunfire__fsd50k__dev__184651__0022__r0.wav,hazard_any,gunshot_gunfire,,0.76171875,1,gunshot_gunfire,1
gunshot_gunfire__fsd50k__dev__187534__0023__r0.wav,hazard_any,gunshot_gunfire,,0.814453125,1,gunshot_gunfire,1
gunshot_gunfire__fsd50k__dev__197322__0024__r0.wav,hazard_any,gunshot_gunfire,,0.7016226053237915,1,gunshot_gunfire,1
gunshot_gunfire__fsd50k__dev__198952__0025__r0.wav,hazard_any,gunshot_gunfire,,0.604567289352417,1,glass_breaking,0
gunshot_gunfire__fsd50k__dev__201667__0026__r0.wav,hazard_any,gunshot_gunfire,,0.7486979365348816,1,gunshot_gunfire,1
gunshot_gunfire__fsd50k__dev__212600__0027__r0.wav,hazard_any,gunshot_gunfire,,0.9765625,1,gunshot_gunfire,1
gunshot_gunfire__fsd50k__dev__212602__0028__r0.wav,hazard_any,gunshot_gunfire,,0.93359375,1,gunshot_gunfire,1
gunshot_gunfire__fsd50k__dev__217805__0029__r0.wav,hazard_any,gunshot_gunfire,,0.9140625,1,gunshot_gunfire,1
gunshot_gunfire__fsd50k__dev__220612__0030__r0.wav,hazard_any,gunshot_gunfire,,0.90625,1,gunshot_gunfire,1
gunshot_gunfire__fsd50k__dev__220613__0031__r0.wav,hazard_any,gunshot_gunfire,,0.84765625,1,gunshot_gunfire,1
gunshot_gunfire__fsd50k__dev__221640__0032__r0.wav,hazard_any,gunshot_gunfire,,0.7669270634651184,1,gunshot_gunfire,1
gunshot_gunfire__fsd50k__dev__238159__0033__r0.wav,hazard_any,gunshot_gunfire,,0.87109375,1,gunshot_gunfire,1
gunshot_gunfire__fsd50k__dev__255216__0034__r0.wav,hazard_any,gunshot_gunfire,,0.94140625,1,gunshot_gunfire,1
gunshot_gunfire__fsd50k__dev__257963__0035__r0.wav,hazard_any,gunshot_gunfire,,0.9375,1,gunshot_gunfire,1
gunshot_gunfire__fsd50k__dev__260939__0036__r0.wav,hazard_any,gunshot_gunfire,,0.9010416865348816,1,gunshot_gunfire,1
gunshot_gunfire__fsd50k__dev__266105__0037__r0.wav,hazard_any,gunshot_gunfire,,0.92578125,1,gunshot_gunfire,1
gunshot_gunfire__fsd50k__dev__273303__0038__r0.wav,hazard_any,gunshot_gunfire,,0.8580729365348816,1,gunshot_gunfire,1
gunshot_gunfire__fsd50k__dev__329716__0039__r0.wav,hazard_any,gunshot_gunfire,,0.70703125,1,gunshot_gunfire,1
gunshot_gunfire__fsd50k__dev__345844__0040__r0.wav,hazard_any,gunshot_gunfire,,0.8733258843421936,1,thunderstorm,0
gunshot_gunfire__fsd50k__dev__350264__0041__r0.wav,hazard_any,gunshot_gunfire,,0.91796875,1,gunshot_gunfire,1
gunshot_gunfire__fsd50k__dev__353093__0042__r0.wav,hazard_any,gunshot_gunfire,,0.90283203125,1,gunshot_gunfire,1
gunshot_gunfire__fsd50k__dev__35799__0043__r0.wav,hazard_any,gunshot_gunfire,,0.8515625,1,gunshot_gunfire,1
gunshot_gunfire__fsd50k__dev__35800__0044__r0.wav,hazard_any,gunshot_gunfire,,0.880859375,1,gunshot_gunfire,1
gunshot_gunfire__fsd50k__dev__36815__0045__r0.wav,hazard_any,gunshot_gunfire,,0.7599431872367859,1,gunshot_gunfire,1
gunshot_gunfire__fsd50k__dev__368736__0046__r0.wav,hazard_any,gunshot_gunfire,,0.98046875,1,gunshot_gunfire,1
gunshot_gunfire__fsd50k__dev__368805__0047__r0.wav,hazard_any,gunshot_gunfire,,0.89453125,1,gunshot_gunfire,1
gunshot_gunfire__fsd50k__dev__369124__0048__r0.wav,hazard_any,gunshot_gunfire,,0.90625,1,gunshot_gunfire,1
gunshot_gunfire__fsd50k__dev__369126__0049__r0.wav,hazard_any,gunshot_gunfire,,0.9453125,1,gunshot_gunfire,1
gunshot_gunfire__fsd50k__dev__369395__0050__r0.wav,hazard_any,gunshot_gunfire,,0.7180989384651184,1,glass_breaking,0
gunshot_gunfire__fsd50k__dev__371158__0051__r0.wav,hazard_any,gunshot_gunfire,,0.8515625,1,gunshot_gunfire,1
gunshot_gunfire__fsd50k__dev__52593__0052__r0.wav,hazard_any,gunshot_gunfire,,0.869140625,1,gunshot_gunfire,1
gunshot_gunfire__fsd50k__dev__89147__0053__r0.wav,hazard_any,gunshot_gunfire,,0.8828125,1,gunshot_gunfire,1
siren__esc50__fold_4__102871__0000__r0.wav,hazard_any,siren,,0.548828125,1,siren,1
siren__esc50__fold_4__111671__0001__r0.wav,hazard_any,siren,,0.9635416865348816,1,siren,1
siren__esc50__fold_4__111671__0002__r0.wav,hazard_any,siren,,0.9817708134651184,1,siren,1
siren__esc50__fold_4__121532__0003__r0.wav,hazard_any,siren,,0.71875,1,siren,1
siren__esc50__fold_4__67358__0004__r0.wav,hazard_any,siren,,0.979687511920929,1,siren,1
siren__esc50__fold_4__80761__0005__r0.wav,hazard_any,siren,,0.7194010615348816,1,siren,1
siren__esc50__fold_4__90014__0006__r0.wav,hazard_any,siren,,0.7591145634651184,1,siren,1
siren__esc50__fold_4__90014__0007__r0.wav,hazard_any,siren,,0.73046875,1,siren,1
siren__fsd50k__dev__181601__0008__r0.wav,hazard_any,siren,,0.950120210647583,1,siren,1
siren__fsd50k__dev__268221__0009__r0.wav,hazard_any,siren,,0.9921875,1,siren,1
siren__fsd50k__dev__320767__0010__r0.wav,hazard_any,siren,,0.5570913553237915,1,siren,1
siren__fsd50k__dev__324275__0011__r0.wav,hazard_any,siren,,0.4329427182674408,1,dog_bark,0
siren__fsd50k__dev__34733__0012__r0.wav,hazard_any,siren,,0.842848539352417,1,siren,1
siren__fsd50k__dev__34952__0013__r0.wav,hazard_any,siren,,0.6469351053237915,1,dog_bark,0
siren__fsd50k__dev__353265__0014__r0.wav,hazard_any,siren,,0.8440504670143127,1,siren,1
siren__fsd50k__dev__353956__0015__r0.wav,hazard_any,siren,,0.6917067170143127,1,siren,1
siren__fsd50k__dev__382620__0016__r0.wav,hazard_any,siren,,0.9010416865348816,1,siren,1
siren__fsd50k__dev__388972__0017__r0.wav,hazard_any,siren,,0.8067908883094788,1,siren,1
siren__fsd50k__dev__421017__0018__r0.wav,hazard_any,siren,,0.5688101053237915,1,siren,1
siren__fsd50k__dev__62878__0019__r0.wav,hazard_any,siren,,0.9794921875,1,siren,1
thunderstorm__esc50__fold_4__125070__0000__r0.wav,hazard_any,thunderstorm,,0.771484375,1,thunderstorm,1
thunderstorm__esc50__fold_4__125071__0001__r0.wav,hazard_any,thunderstorm,,0.8072916865348816,1,thunderstorm,1
thunderstorm__esc50__fold_4__125072__0002__r0.wav,hazard_any,thunderstorm,,0.7486979365348816,1,thunderstorm,1
thunderstorm__esc50__fold_4__125072__0003__r0.wav,hazard_any,thunderstorm,,0.7591145634651184,1,thunderstorm,1
thunderstorm__esc50__fold_4__156993__0004__r0.wav,hazard_any,thunderstorm,,0.78515625,1,thunderstorm,1
thunderstorm__esc50__fold_4__161519__0005__r0.wav,hazard_any,thunderstorm,,0.8756510615348816,1,thunderstorm,1
thunderstorm__esc50__fold_4__165813__0006__r0.wav,hazard_any,thunderstorm,,0.845703125,1,thunderstorm,1
thunderstorm__esc50__fold_4__165813__0007__r0.wav,hazard_any,thunderstorm,,0.892578125,1,thunderstorm,1
thunderstorm__fsd50k__dev__124587__0008__r0.wav,hazard_any,thunderstorm,,0.7238581776618958,1,thunderstorm,1
thunderstorm__fsd50k__dev__125634__0009__r0.wav,hazard_any,thunderstorm,,0.7737379670143127,1,thunderstorm,1
thunderstorm__fsd50k__dev__128343__0010__r0.wav,hazard_any,thunderstorm,,0.950120210647583,1,thunderstorm,1
thunderstorm__fsd50k__dev__135104__0011__r0.wav,hazard_any,thunderstorm,,0.8269230723381042,1,thunderstorm,1
thunderstorm__fsd50k__dev__155833__0012__r0.wav,hazard_any,thunderstorm,,0.8825120329856873,1,thunderstorm,1
thunderstorm__fsd50k__dev__163287__0013__r0.wav,hazard_any,thunderstorm,,0.8146033883094788,1,thunderstorm,1
thunderstorm__fsd50k__dev__165299__0014__r0.wav,hazard_any,thunderstorm,,0.6778846383094788,1,thunderstorm,1
thunderstorm__fsd50k__dev__165874__0015__r0.wav,hazard_any,thunderstorm,,0.8861178159713745,1,thunderstorm,1
thunderstorm__fsd50k__dev__186907__0016__r0.wav,hazard_any,thunderstorm,,0.706129789352417,1,thunderstorm,1
thunderstorm__fsd50k__dev__189794__0017__r0.wav,hazard_any,thunderstorm,,0.8170071840286255,1,thunderstorm,1
thunderstorm__fsd50k__dev__191992__0018__r0.wav,hazard_any,thunderstorm,,0.8873196840286255,1,thunderstorm,1
thunderstorm__fsd50k__dev__193170__0019__r0.wav,hazard_any,thunderstorm,,0.8549107313156128,1,thunderstorm,1
thunderstorm__fsd50k__dev__194849__0020__r0.wav,hazard_any,thunderstorm,,0.8491586446762085,1,thunderstorm,1
thunderstorm__fsd50k__dev__195344__0021__r0.wav,hazard_any,thunderstorm,,0.797776460647583,1,thunderstorm,1
thunderstorm__fsd50k__dev__195738__0022__r0.wav,hazard_any,thunderstorm,,0.7785456776618958,1,thunderstorm,1
thunderstorm__fsd50k__dev__198496__0023__r0.wav,hazard_any,thunderstorm,,0.7836538553237915,1,thunderstorm,1
thunderstorm__fsd50k__dev__203721__0024__r0.wav,hazard_any,thunderstorm,,0.810546875,1,thunderstorm,1
thunderstorm__fsd50k__dev__203830__0025__r0.wav,hazard_any,thunderstorm,,0.7827523946762085,1,thunderstorm,1
thunderstorm__fsd50k__dev__205832__0026__r0.wav,hazard_any,thunderstorm,,0.7650240659713745,1,thunderstorm,1
thunderstorm__fsd50k__dev__210044__0027__r0.wav,hazard_any,thunderstorm,,0.9140625,1,thunderstorm,1
thunderstorm__fsd50k__dev__21847__0028__r0.wav,hazard_any,thunderstorm,,0.4921875,1,thunderstorm,1
thunderstorm__fsd50k__dev__22033__0029__r0.wav,hazard_any,thunderstorm,,0.874098539352417,1,thunderstorm,1
thunderstorm__fsd50k__dev__222601__0030__r0.wav,hazard_any,thunderstorm,,0.918870210647583,1,thunderstorm,1
thunderstorm__fsd50k__dev__22874__0031__r0.wav,hazard_any,thunderstorm,,0.8557692170143127,1,thunderstorm,1
thunderstorm__fsd50k__dev__237519__0032__r0.wav,hazard_any,thunderstorm,,0.8581730723381042,1,thunderstorm,1
thunderstorm__fsd50k__dev__242048__0033__r0.wav,hazard_any,thunderstorm,,0.7310696840286255,1,thunderstorm,1
thunderstorm__fsd50k__dev__242981__0034__r0.wav,hazard_any,thunderstorm,,0.7463942170143127,1,thunderstorm,1
thunderstorm__fsd50k__dev__243757__0035__r0.wav,hazard_any,thunderstorm,,0.7653245329856873,1,thunderstorm,1
thunderstorm__fsd50k__dev__243965__0036__r0.wav,hazard_any,thunderstorm,,0.7822265625,1,thunderstorm,1
thunderstorm__fsd50k__dev__243968__0037__r0.wav,hazard_any,thunderstorm,,0.767578125,1,thunderstorm,1
thunderstorm__fsd50k__dev__244693__0038__r0.wav,hazard_any,thunderstorm,,0.83203125,1,thunderstorm,1
thunderstorm__fsd50k__dev__248110__0039__r0.wav,hazard_any,thunderstorm,,0.7310696840286255,1,thunderstorm,1
thunderstorm__fsd50k__dev__253763__0040__r0.wav,hazard_any,thunderstorm,,0.8491586446762085,1,thunderstorm,1
thunderstorm__fsd50k__dev__259316__0041__r0.wav,hazard_any,thunderstorm,,0.91796875,1,thunderstorm,1
thunderstorm__fsd50k__dev__29675__0042__r0.wav,hazard_any,thunderstorm,,0.71484375,1,thunderstorm,1
thunderstorm__fsd50k__dev__31452__0043__r0.wav,hazard_any,thunderstorm,,0.7644230723381042,1,thunderstorm,1
thunderstorm__fsd50k__dev__328391__0044__r0.wav,hazard_any,thunderstorm,,0.8143028616905212,1,thunderstorm,1
thunderstorm__fsd50k__dev__33246__0045__r0.wav,hazard_any,thunderstorm,,0.8422476053237915,1,thunderstorm,1
thunderstorm__fsd50k__dev__341960__0046__r0.wav,hazard_any,thunderstorm,,0.900390625,1,thunderstorm,1
thunderstorm__fsd50k__dev__344434__0047__r0.wav,hazard_any,thunderstorm,,0.5561898946762085,1,thunderstorm,1
thunderstorm__fsd50k__dev__344435__0048__r0.wav,hazard_any,thunderstorm,,0.7815504670143127,1,thunderstorm,1
thunderstorm__fsd50k__dev__345920__0049__r0.wav,hazard_any,thunderstorm,,0.9091796875,1,thunderstorm,1
thunderstorm__fsd50k__dev__359151__0050__r0.wav,hazard_any,thunderstorm,,0.8314303159713745,1,thunderstorm,1
thunderstorm__fsd50k__dev__363252__0051__r0.wav,hazard_any,thunderstorm,,0.8395432829856873,1,thunderstorm,1
thunderstorm__fsd50k__dev__367510__0052__r0.wav,hazard_any,thunderstorm,,0.7794471383094788,1,thunderstorm,1
thunderstorm__fsd50k__dev__37299__0053__r0.wav,hazard_any,thunderstorm,,0.8341346383094788,1,thunderstorm,1
thunderstorm__fsd50k__dev__37304__0054__r0.wav,hazard_any,thunderstorm,,0.6682692170143127,1,thunderstorm,1
thunderstorm__fsd50k__dev__375999__0055__r0.wav,hazard_any,thunderstorm,,0.8497596383094788,1,thunderstorm,1
thunderstorm__fsd50k__dev__394070__0056__r0.wav,hazard_any,thunderstorm,,0.8111979365348816,1,thunderstorm,1
thunderstorm__fsd50k__dev__394071__0057__r0.wav,hazard_any,thunderstorm,,0.7524038553237915,1,thunderstorm,1
thunderstorm__fsd50k__dev__399870__0058__r0.wav,hazard_any,thunderstorm,,0.72265625,1,thunderstorm,1
thunderstorm__fsd50k__dev__414050__0059__r0.wav,hazard_any,thunderstorm,,0.87890625,1,thunderstorm,1
background_other__esc50__fold_4__4-161100-A-47__0000.wav,background_other,background_other,esc50_diverse,0.744140625,1,,0
background_other__esc50__fold_4__4-210000-A-23__0001.wav,background_other,background_other,esc50_diverse,0.5319010615348816,1,,0
background_other__esc50__fold_4__4-144468-B-27__0002.wav,background_other,background_other,esc50_diverse,0.4010416567325592,1,,0
background_other__esc50__fold_4__4-216349-A-34__0003.wav,background_other,background_other,esc50_diverse,0.59765625,1,,0
background_other__esc50__fold_4__4-175846-A-43__0004.wav,background_other,background_other,esc50_diverse,0.5416666865348816,1,,0
background_other__esc50__fold_4__4-133047-A-5__0005.wav,background_other,background_other,esc50_diverse,0.626953125,1,,0
background_other__esc50__fold_4__4-165823-A-41__0006.wav,background_other,background_other,esc50_diverse,0.3235677182674408,0,,1
background_other__esc50__fold_4__4-159609-B-14__0007.wav,background_other,background_other,esc50_diverse,0.66796875,1,,0
background_other__esc50__fold_4__4-125825-A-46__0008.wav,background_other,background_other,esc50_diverse,0.544921875,1,,0
background_other__esc50__fold_4__4-189838-A-22__0009.wav,background_other,background_other,esc50_diverse,0.7552083134651184,1,,0
background_other__esc50__fold_4__4-209536-A-37__0010.wav,background_other,background_other,esc50_diverse,0.416015625,1,,0
background_other__esc50__fold_4__4-191327-A-38__0011.wav,background_other,background_other,esc50_diverse,0.302734375,0,,1
background_other__esc50__fold_4__4-177835-A-24__0012.wav,background_other,background_other,esc50_diverse,0.4140625,1,,0
background_other__esc50__fold_4__4-181955-C-3__0013.wav,background_other,background_other,esc50_diverse,0.4147135317325592,1,,0
background_other__esc50__fold_4__4-181563-A-12__0014.wav,background_other,background_other,esc50_diverse,0.5735676884651184,1,,0
background_other__esc50__fold_4__4-163697-A-13__0015.wav,background_other,background_other,esc50_diverse,0.0872395858168602,0,,1
background_other__esc50__fold_4__4-159426-A-9__0016.wav,background_other,background_other,esc50_diverse,0.4388020932674408,1,,0
background_other__esc50__fold_4__4-59579-A-20__0017.wav,background_other,background_other,esc50_diverse,0.4895833432674408,1,,0
background_other__esc50__fold_4__4-132839-A-33__0018.wav,background_other,background_other,esc50_diverse,0.1139322891831398,0,,1
background_other__esc50__fold_4__4-188878-A-30__0019.wav,background_other,background_other,esc50_diverse,0.7434895634651184,1,,0
background_other__esc50__fold_4__4-204202-A-29__0020.wav,background_other,background_other,esc50_diverse,0.404296875,1,,0
background_other__esc50__fold_4__4-186962-A-44__0021.wav,background_other,background_other,esc50_diverse,0.7037760615348816,1,,0
background_other__esc50__fold_4__4-119647-B-48__0022.wav,background_other,background_other,esc50_diverse,0.6634114384651184,1,,0
background_other__esc50__fold_4__4-194979-A-25__0023.wav,background_other,background_other,esc50_diverse,0.6217448115348816,1,,0
background_other__esc50__fold_4__4-99193-A-4__0024.wav,background_other,background_other,esc50_diverse,0.52734375,1,,0
background_other__esc50__fold_4__4-251645-A-49__0025.wav,background_other,background_other,esc50_diverse,0.3352864682674408,0,,1
background_other__esc50__fold_4__4-193480-A-40__0026.wav,background_other,background_other,esc50_diverse,0.5944010615348816,1,,0
background_other__esc50__fold_4__4-197103-A-6__0027.wav,background_other,background_other,esc50_diverse,0.3404947817325592,0,,1
background_other__esc50__fold_4__4-143118-A-7__0028.wav,background_other,background_other,esc50_diverse,0.6744791865348816,1,,0
background_other__esc50__fold_4__4-158653-A-32__0029.wav,background_other,background_other,esc50_diverse,0.4986979067325592,1,,0
background_other__esc50__fold_4__4-155670-A-26__0030.wav,background_other,background_other,esc50_diverse,0.443359375,1,,0
background_other__esc50__fold_4__4-204683-A-31__0031.wav,background_other,background_other,esc50_diverse,0.5755208134651184,1,,0
background_other__esc50__fold_4__4-147240-A-2__0032.wav,background_other,background_other,esc50_diverse,0.4934895932674408,1,,0
background_other__esc50__fold_4__4-187504-A-17__0033.wav,background_other,background_other,esc50_diverse,0.349609375,0,,1
background_other__esc50__fold_4__4-163264-A-10__0034.wav,background_other,background_other,esc50_diverse,0.6263020634651184,1,,0
background_other__esc50__fold_4__4-164064-C-1__0035.wav,background_other,background_other,esc50_diverse,0.79296875,1,,0
background_other__esc50__fold_4__4-167063-B-11__0036.wav,background_other,background_other,esc50_diverse,0.8125,1,,0
background_other__esc50__fold_4__4-188703-D-8__0037.wav,background_other,background_other,esc50_diverse,0.4446614682674408,1,,0
background_other__esc50__fold_4__4-184434-A-21__0038.wav,background_other,background_other,esc50_diverse,0.5556640625,1,,0
background_other__esc50__fold_4__4-197454-B-28__0039.wav,background_other,background_other,esc50_diverse,0.3834635317325592,0,,1
background_other__esc50__fold_4__4-141365-A-18__0040.wav,background_other,background_other,esc50_diverse,0.486328125,1,,0
background_other__esc50__fold_4__4-165791-A-45__0041.wav,background_other,background_other,esc50_diverse,0.806640625,1,,0
background_other__esc50__fold_4__4-172734-A-36__0042.wav,background_other,background_other,esc50_diverse,0.4446614682674408,1,,0
background_other__esc50__fold_4__4-218199-C-35__0043.wav,background_other,background_other,esc50_diverse,0.6510416865348816,1,,0
background_other__esc50__fold_4__4-197871-A-15__0044.wav,background_other,background_other,esc50_diverse,0.60546875,1,,0
background_other__esc50__fold_4__4-163609-A-16__0045.wav,background_other,background_other,esc50_diverse,0.8522135615348816,1,,0
background_other__esc50__fold_4__4-161103-A-47__0046.wav,background_other,background_other,esc50_diverse,0.66796875,1,,0
background_other__esc50__fold_4__4-198025-A-23__0047.wav,background_other,background_other,esc50_diverse,0.443359375,1,,0
background_other__esc50__fold_4__4-172500-A-27__0048.wav,background_other,background_other,esc50_diverse,0.3515625,0,,1
background_other__esc50__fold_4__4-187384-A-34__0049.wav,background_other,background_other,esc50_diverse,0.54296875,1,,0
background_other__esc50__fold_4__4-175855-A-43__0050.wav,background_other,background_other,esc50_diverse,0.5924479365348816,1,,0
background_other__esc50__fold_4__4-149940-B-5__0051.wav,background_other,background_other,esc50_diverse,0.720703125,1,,0
background_other__esc50__fold_4__4-165823-B-41__0052.wav,background_other,background_other,esc50_diverse,0.22265625,0,,1
background_other__esc50__fold_4__4-187769-B-14__0053.wav,background_other,background_other,esc50_diverse,0.7200520634651184,1,,0
background_other__esc50__fold_4__4-147658-A-46__0054.wav,background_other,background_other,esc50_diverse,0.6529948115348816,1,,0
background_other__esc50__fold_4__4-189832-B-22__0055.wav,background_other,background_other,esc50_diverse,0.798828125,1,,0
background_other__esc50__fold_4__4-198841-A-37__0056.wav,background_other,background_other,esc50_diverse,0.505859375,1,,0
background_other__esc50__fold_4__4-179984-A-38__0057.wav,background_other,background_other,esc50_diverse,0.5494791865348816,1,,0
background_other__esc50__fold_4__4-169726-A-24__0058.wav,background_other,background_other,esc50_diverse,0.74609375,1,,0
background_other__esc50__fold_4__4-213915-B-3__0059.wav,background_other,background_other,esc50_diverse,0.4537760317325592,1,,0
background_other__fsd50k__val__speech__149825__0000.wav,background_other,background_other,fsd50k_speech,0.689453125,1,,0
background_other__fsd50k__val__speech__60689__0001.wav,background_other,background_other,fsd50k_speech,0.4813701808452606,1,,0
background_other__fsd50k__val__speech__63276__0002.wav,background_other,background_other,fsd50k_speech,0.5690104365348816,1,,0
background_other__fsd50k__val__speech__87703__0003.wav,background_other,background_other,fsd50k_speech,0.15234375,0,,1
background_other__fsd50k__val__speech__87704__0004.wav,background_other,background_other,fsd50k_speech,0.2109375,0,,1
background_other__fsd50k__val__speech__239902__0005.wav,background_other,background_other,fsd50k_speech,0.4468750059604645,1,,0
background_other__fsd50k__val__speech__90177__0006.wav,background_other,background_other,fsd50k_speech,0.28125,0,,1
background_other__fsd50k__val__speech__258371__0007.wav,background_other,background_other,fsd50k_speech,0.4153645932674408,1,,0
background_other__fsd50k__val__speech__371385__0008.wav,background_other,background_other,fsd50k_speech,0.62109375,1,,0
background_other__fsd50k__val__speech__257344__0009.wav,background_other,background_other,fsd50k_speech,0.2513020932674408,0,,1
background_other__fsd50k__val__speech__259674__0010.wav,background_other,background_other,fsd50k_speech,0.2369791716337204,0,,1
background_other__fsd50k__val__speech__219772__0011.wav,background_other,background_other,fsd50k_speech,0.2710937559604645,0,,1
background_other__fsd50k__val__speech__379393__0012.wav,background_other,background_other,fsd50k_speech,0.11328125,0,,1
background_other__fsd50k__val__speech__220372__0013.wav,background_other,background_other,fsd50k_speech,0.4732572138309479,1,,0
background_other__fsd50k__val__speech__19188__0014.wav,background_other,background_other,fsd50k_speech,0.51953125,1,,0
background_other__fsd50k__val__speech__174955__0015.wav,background_other,background_other,fsd50k_speech,0.1432291716337204,0,,1
background_other__fsd50k__val__speech__19199__0016.wav,background_other,background_other,fsd50k_speech,0.140625,0,,1
background_other__fsd50k__val__speech__12712__0017.wav,background_other,background_other,fsd50k_speech,0.7036830186843872,1,,0
background_other__fsd50k__val__speech__174948__0018.wav,background_other,background_other,fsd50k_speech,0.126953125,0,,1
background_other__fsd50k__val__speech__316648__0019.wav,background_other,background_other,fsd50k_speech,0.525390625,1,,0
background_other__fsd50k__val__speech__139086__0020.wav,background_other,background_other,fsd50k_speech,0.705078125,1,,0
background_other__fsd50k__val__speech__411018__0021.wav,background_other,background_other,fsd50k_speech,0.3272235691547394,0,,1
background_other__fsd50k__val__speech__255880__0022.wav,background_other,background_other,fsd50k_speech,0.189453125,0,,1
background_other__fsd50k__val__speech__132738__0023.wav,background_other,background_other,fsd50k_speech,0.6484375,1,,0
background_other__fsd50k__val__music__96557__0000.wav,background_other,background_other,fsd50k_music,0.47265625,1,,0
background_other__fsd50k__val__music__181351__0001.wav,background_other,background_other,fsd50k_music,0.4704861044883728,1,,0
background_other__fsd50k__val__music__52219__0002.wav,background_other,background_other,fsd50k_music,0.3449519276618957,0,,1
background_other__fsd50k__val__music__165832__0003.wav,background_other,background_other,fsd50k_music,0.616406261920929,1,,0
background_other__fsd50k__val__music__377358__0004.wav,background_other,background_other,fsd50k_music,0.7421875,1,,0
background_other__fsd50k__val__music__7265__0005.wav,background_other,background_other,fsd50k_music,0.609375,1,,0
background_other__fsd50k__val__music__160710__0006.wav,background_other,background_other,fsd50k_music,0.69140625,1,,0
background_other__fsd50k__val__music__149895__0007.wav,background_other,background_other,fsd50k_music,0.3349609375,0,,1
background_other__fsd50k__val__music__754__0008.wav,background_other,background_other,fsd50k_music,0.1666666716337204,0,,1
background_other__fsd50k__val__music__428237__0009.wav,background_other,background_other,fsd50k_music,0.6510416865348816,1,,0
background_other__fsd50k__val__music__186509__0010.wav,background_other,background_other,fsd50k_music,0.828125,1,,0
background_other__fsd50k__val__music__420945__0011.wav,background_other,background_other,fsd50k_music,0.356249988079071,0,,1
background_other__fsd50k__val__human_non_speech__241721__0000.wav,background_other,background_other,fsd50k_human_non_speech,0.703125,1,,0
background_other__fsd50k__val__human_non_speech__339954__0001.wav,background_other,background_other,fsd50k_human_non_speech,0.7454928159713745,1,,0
background_other__fsd50k__val__human_non_speech__109596__0002.wav,background_other,background_other,fsd50k_human_non_speech,0.2265625,0,,1
background_other__fsd50k__val__human_non_speech__207829__0003.wav,background_other,background_other,fsd50k_human_non_speech,0.646484375,1,,0
background_other__fsd50k__val__human_non_speech__198938__0004.wav,background_other,background_other,fsd50k_human_non_speech,0.5375601053237915,1,,0
background_other__fsd50k__val__human_non_speech__412310__0005.wav,background_other,background_other,fsd50k_human_non_speech,0.4388020932674408,1,,0
background_other__fsd50k__val__human_non_speech__196091__0006.wav,background_other,background_other,fsd50k_human_non_speech,0.6965144276618958,1,,0
background_other__fsd50k__val__human_non_speech__108926__0007.wav,background_other,background_other,fsd50k_human_non_speech,0.33984375,0,,1
background_other__fsd50k__val__hard_negative__48980__0000.wav,background_other,background_other,fsd50k_hard_negative,0.8828125,1,,0
background_other__fsd50k__val__hard_negative__34805__0001.wav,background_other,background_other,fsd50k_hard_negative,0.544921875,1,,0
background_other__fsd50k__val__hard_negative__197866__0002.wav,background_other,background_other,fsd50k_hard_negative,0.4348958432674408,1,,0
background_other__fsd50k__val__hard_negative__201589__0003.wav,background_other,background_other,fsd50k_hard_negative,0.7247596383094788,1,,0
background_other__fsd50k__val__hard_negative__132340__0004.wav,background_other,background_other,fsd50k_hard_negative,0.6373196840286255,1,,0
background_other__fsd50k__val__hard_negative__268126__0005.wav,background_other,background_other,fsd50k_hard_negative,0.756911039352417,1,,0
background_other__fsd50k__val__hard_negative__170243__0006.wav,background_other,background_other,fsd50k_hard_negative,0.36328125,0,,1
background_other__fsd50k__val__hard_negative__70058__0007.wav,background_other,background_other,fsd50k_hard_negative,0.6953125,1,,0
background_other__fsd50k__val__general__331702__0000.wav,background_other,background_other,fsd50k_general,0.5959821343421936,1,,0
background_other__fsd50k__val__general__171037__0001.wav,background_other,background_other,fsd50k_general,0.4143629670143127,1,,0
background_other__fsd50k__val__general__353953__0002.wav,background_other,background_other,fsd50k_general,0.7034505009651184,1,,0
background_other__fsd50k__val__general__391942__0003.wav,background_other,background_other,fsd50k_general,0.6059027910232544,1,,0
background_other__fsd50k__val__general__106731__0004.wav,background_other,background_other,fsd50k_general,0.7130408883094788,1,,0
background_other__fsd50k__val__general__368470__0005.wav,background_other,background_other,fsd50k_general,0.7717633843421936,1,,0
background_other__fsd50k__val__general__107931__0006.wav,background_other,background_other,fsd50k_general,0.4758522808551788,1,,0
background_other__fsd50k__val__general__47388__0007.wav,background_other,background_other,fsd50k_general,0.46484375,1,,0
